# TextPAIR modernization map: <historical form>	<modern form>
# One pair per line, tab-separated. Edit freely; the .mpk cache
# next to this file is rebuilt automatically when this file changes.
'a	he
'ban	caliban
'bout	about
'bove	above
'cagion	occasion
'cerns	concerns
'cide	decide
'cross	across
'faith	i'faith
'fayth	i'faith
'fore	before
'forehand	beforehand
'gainst	against
'gan	began
'gin	begin
'gins	gins
'gree	agree
'greed	agreed
'greeing	agreeing
'ild	yield
'larum	alarum
'larum-bell	alarm-bell
'larums	alarums
'leges	alleges
'leven	eleven
'long	along
'longed	belonged
'longeth	belongeth
'longing	belonging
'longs	belongs
'mong	among
'mongst	amongst
'nointed	anointed
'od's	god's
'old	wold
'oman	woman
'omans	woman's
'orld	world
'our	our
'parel	apparel
'pear	appear
'pless	bless
'point	appoint
'point'st	appointest
'pointed	appointed
'pointing	appointing
'prentice	apprentice
'prentices	prentices
'rested	arrested
'rests	arrests
'save	save
'sayed	assayed
'schew	eschew
'scuse	excuse
'scuses	excuses
'shrew	beshrew
'stroyed	destroyed
't	it
'tame	attame
'ticed	enticed
'tide	betide
'tween	between
'twixt	twixt
'twou'd	'twoved
've	have
'voided	avoided
'warrant	warrant
-trauailer	traveller
.ii.	ii
.iii.	iii
.iiii	iiii
.iiii.	iiii
.iiij.	iiij
.iij.	iij
.ij.	ij
.v.	u
.vi.	vi
.viii.	viii
.viij.	viij
.vj.	uj
.x.	x
.xii.	xii
.xiii.	xiii
.xij.	xij
.xviii.	xviii
.xvj.	xuj
.xx.	xx
.xxiiij	xxiiij
.xxvij.	xxvij
.xxxiii.	xxxiii
2d.	twopence
6d.	sixpence
a'	of
a'my	ah-my
a-bed	abed
a-cold	acold
a-crosse	across
a-doing	adoing
a-down	adown
a-down-a	adown
a-fire	afire
a-floate	afloat
a-front	afront
a-going	agoing
a-height	height
a-high	high
a-hold	ahold
a-hungry	hungry
a-kin	akin
a-laid	alaid
a-land	aland
a-late	alate
a-like	alike
a-liue	alive
a-live	alive
a-long	along
a-man	amam
a-mercy	amercy
a-new	anew
a-night	anight
a-nights	anights
a-part	apart
a-piece	apiece
a-pieces	apieces
a-pox	apox
a-round	around
a-shore	ashore
a-skance	askance
a-sleepe	asleep
a-sleeping	asleeping
a-squint	asquint
a-sunder	asunder
a-tilt	atilt
a-top	atop
a-way	away
a-while	awhile
a-work	awork
a-worke	awork
aad	and
aaway	away
abacke	aback
abandon'd	abandoned
abandond	abandoned
abandone	abandon
abas'd	abased
abash'd	abashed
abashe	abash
abasht	abashed
abbat	abbot
abbesse	abbess
abbetting	abetting
abbeyes	abbeys
abbies	abbeys
abbominable	abominable
abbotes	abbots
abbreuiate	abbreviate
abbridge	abridge
abby	abbey
abbyes	abbeys
abette	abet
abhominable	abominable
abhominably	abominably
abhomination	abomination
abhominations	abominations
abhomynable	abominable
abhomynacyon	abomination
abhomynacyons	abominations
abhor'd	abhorred
abhord	abhorred
abhorde	abhorred
abhore	abhor
abhorr	abhor
abhorr'd	abhorred
abhorr's	abhor's
abhorre	abhor
abhorredst	abhorredest
abhorres	abhors
abhorrid	abhorred
abhorrs	abhors
abid	abided
abids	abides
abie	aby
abiect	abject
abiected	abjected
abiectes	abjects
abiection	abjection
abiectly	abjectly
abiects	abjects
abilimentes	abiliments
abilitie	ability
abilityes	abilities
abilliments	abiliments
abillity	ability
abisse	abyss
abiur'd	abjured
abiurd	abjured
abiure	abjure
abiures	abjures
abjur'd	abjured
aboad	abode
aboade	abode
abods	abodes
abolish'd	abolished
abolish't	abolished
abolisht	abolished
abolyshment	abolishment
abomynable	abominable
abondance	abundance
aboord	aboard
aboorde	aboard
abord	aboard
aborde	aboard
abortiue	abortive
abortiuely	abortively
abortiues	abortives
aboth	abbot
aboud	abound
aboue	above
aboue'em	above'em
aboue-staires	above-staires
abouea	abovea
abouesaid	abovesaid
abound'st	aboundest
aboundance	abundance
aboundant	abundant
aboundantly	abundantly
aboundaunce	abundance
aboundātly	abundantly
abounde	abound
aboundes	abounds
abourd	aboard
aboute	about
aboutes	abouts
abouts	about
aboūd	abound
abowt	about
abrahā	abraham
abram-colour'd	abram-coloured
abreuyacyon	abrevyacyon
abrick	abric
abridg'd	abridged
abroade	abroad
abroch	abroach
abrod	abroad
abrode	abroad
abrupte	abrupt
abruptlie	abruptly
abruptnesse	abruptness
absēt	absent
absolu'd	absolved
absolue	absolve
absolued	absolved
absoluing	absolving
absolvtely	absolutely
abstaind	abstained
abstaine	abstain
abstayne	abstain
abstein	abstain
absteined	abstained
absteining	abstaining
absteyne	abstain
abstinēce	abstinence
abstruce	abstruse
absur'd	absured
absurde	absurd
absurditie	absurdity
absurditie's	absurdity
abundaunce	abundance
abundaunt	abundant
abundaūce	abundance
abundāces	abundances
abus'd	abused
abus'de	abused
abusd	abused
abusde	abused
abusiue	abusive
abusiuely	abusively
abusor	abuser
abusyng	abusing
abusyon	abusion
abusyons	abusions
abūdance	abundance
abūdantly	abundantly
abyde	abide
abydes	abides
abyding	abiding
abydynge	abiding
abye	aby
abysme	abysm
abysse	abyss
ac'd	aced
academicall	academical
academicke	academic
academicks	academics
academie	academy
academique	academic
accademick	academic
accentes	accents
accepte	accept
acceptiue	acceptive
accessarie	accessary
accesse	access
accidentall	accidental
accidentes	accidents
accidēts	accidents
accivs	accius
accomodate	accommodate
accomodated	accommodated
accompained	accompanied
accompani'd	accompanied
accompanide	accompanied
accompanie	accompany
accompany'd	accompanied
accompanyd	accompanied
accompanyed	accompanied
accompanyes	accompanies
accompayned	accompanied
accomplish'd	accomplished
accomplish't	accomplished
accomplishe	accomplish
accomplishid	accomplished
accomplisht	accomplished
accomplysh	accomplish
accomptable	accountable
accompte	accompt
accompted	accounted
accompting	accounting
accompts	accounts
accontremēts	accoutrements
accorde	accord
accordes	accords
accordinge	according
accordinglie	accordingly
accordīg	according
accordyng	according
accordynge	according
accoumpt	account
accoumpte	account
accoumpted	accounted
accountedst	accountedest
accountes	accounts
accoustrements	accoutrements
accoutraments	accoutrements
accoūpt	account
accoūt	account
accōmodating	accommodating
accōpanied	accompanied
accōplish	accomplish
accōplishment	accomplishment
accrew	accrue
accrews	accrues
accuratenesse	accurateness
accurs'd	accursed
accurssed	accursed
accus'd	accused
accusatiuo	accusativo
accusd	accused
accusde	accused
accustom'd	accustomed
accustomarilie	accustomarily
accustome	accustom
accute	acute
accyon	action
achaian	achaean
achates	achate's
acheeuement	acheevement
acherō	acheron
achieuements	achievements
achieuments	achievements
achitophels	achitophel's
achiu'd	achieved
acht	ached
acknoledg'd	acknowledged
acknovvledge	acknowledge
acknowlede	acknowledge
acknowledg	acknowledge
acknowledg'd	acknowledged
acknowledgd	acknowledged
acknowledgment	acknowledgement
acknowledgments	acknowledgements
acknowledgynge	acknowledging
acknowlegment	acknowledgement
acknowlegynge	acknowledging
acknowne	acknown
ackowledge	acknowledge
acolastvs-polypragmon-asotvs	acolastus-polypragmon-asotus
acolde	acold
acompanied	accompanied
acompt	accompt
acording	according
acornes	acorns
acount	account
acountes	accounts
acquaintace	acquaintance
acquaintaince	acquaintance
acquaintaunce	acquaintance
acquaintāce	acquaintance
acquainte	acquaint
acquaiutaūce	acquaintance
acquantance	acquaintance
acquanted	acquainted
acquaynt	acquaint
acquayntance	acquaintance
acquayntaunce	acquaintance
acquayntaūce	acquaintance
acquaynted	acquainted
acquiantance	acquaintance
acquianted	acquainted
acquintance	acquaintance
acquir'd	acquired
acquir's	acquire's
acquitall	acquittal
acquitance	acquittance
acquite	acquit
acquited	acquitted
acquittaunce	acquittance
acquyt	acquit
acre-lesse	acre-less
acrisivs	acrisius
acrosse	across
acrosticks	acrostics
acte	act
actes	acts
acteuitie	actevitie
actiō	actium
actiue	active
actiuely	actively
actiuenesse	activeness
actiues	actives
actiuitie	activity
actiuity	activity
activenes	activeness
activenesse	activeness
activitie	activity
actours	actors
actuall	actual
actvs	actus
acurate	accurate
acurst	accursed
acuse	accuse
ad'st	adest
ad-here	adhere
adaies	adais
adamante	adamant
adamantiue	adamantive
adayes	adays
adays	adais
adā	adam
add'st	addest
addars	adders
adde	add
addes	adds
addicion	addition
addicions	additions
addicyon	addition
address'd	addressed
addresse	address
addresst	addressed
addrest	addressed
addyd	added
adeiue	adeive
adew	adieu
adiacent	adjacent
adict	addict
adicted	addicted
adiection	adjection
adiectiue	adjective
adiectiues	adjectives
adiew	adieu
adioining	adjoining
adiourne	adjourn
adioyne	adjoin
adioyned	adjoined
adioynes	adjoins
adioyning	adjoining
adioynyng	adjoining
adition	addition
aditions	additions
adiudg'd	adjudged
adiudge	adjudge
adiudged	adjudged
adiunct	adjunct
adiuncts	adjuncts
adiure	adjure
adjourne	adjourn
adjoyn'd	adjoined
adjoyning	adjoining
adjust'd	adjusted
adle	addle
adle-head	addle-head
administrauit	administravit
administred	administered
administring	administering
admir'd	admired
admir'st	admirest
admirablie	admirably
admirall	admiral
admiralls	admirals
admiratiō	admiration
admird	admired
admirde	admire
admit'd	admitted
admitance	admittance
admite	adamite
admition	admission
admitt	admit
admitts	admits
admonicions	admonitions
admonish'd	admonished
admonisht	admonished
admonyshment	admonishment
admouet	admovet
admyr'd	admired
admyrall	admiral
admyre	admire
admyred	admired
admyring	admiring
admyt	admit
adoe	ado
adon	adonis
adons	adonis
adoo	ado
ador'd	adored
ador'st	adorest
adord	adored
adorde	adore
adoreing	adoring
adorn'd	adorned
adornd	adorned
adornde	adorned
adorne	adorn
adornement	adornment
adornements	adornments
adornes	adorns
adorynge	adoring
adourned	adjourned
adown	down
adown-a	adown
adowne	adown
adrad	dreaded
adress	address
adresse	address
adressed	addressed
adresses	addresses
adressing	addressing
adrest	addressed
adriatick	adriatic
ads	adds
adua	advam
aduanc'd	advanced
aduanc't	advanced
aduancde	advanced
aduance	advance
aduanced	advanced
aduancement	advancement
aduancementes	advancements
aduancements	advancements
aduancer	advancer
aduances	advances
aduanceth	advanceth
aduancing	advancing
aduannced	advanced
aduantage	advantage
aduantages	advantages
aduantange	advantage
aduaunc'd	advanced
aduauncd	advanced
aduaunce	advance
aduaunced	advanced
aduauncement	advancement
aduaunst	advanced
aduauntage	advantage
aduaūce	advance
aduaūtage	advantage
aduātage	advantage
aduenter	adventer
aduenterous	adventurous
aduentrous	adventurous
aduentryng	aduentring
aduentur'd	adventured
aduentur'st	adventurest
aduenturd	adventured
aduenture	adventure
aduentured	adventured
aduenturer	adventurer
aduentures	adventures
aduenturest	adventurest
aduenturous	adventurous
aduersarie	adversary
aduersaries	adversaries
aduersary	adversary
aduersarye	adversary
aduersaryes	adversaries
aduerse	adverse
aduersitee	adversity
aduersitie	adversity
aduersities	adversities
aduersity	adversity
aduertis'd	advertised
aduertise	advertise
aduertised	advertised
aduertisement	advertisement
aduertiseth	advertiseth
aduertisment	advertisement
aduertysement	advertisement
aduertysemēt	advertisement
aduēture	adventure
aduētured	adventured
aduice	advice
aduices	advices
aduil'd	aduiled
aduis'd	advised
aduis'de	advised
aduisd	advised
aduisde	advised
aduise	advise
aduised	advised
aduisedly	advisedly
aduisement	advisement
aduises	advises
aduiseth	adviseth
aduising	advising
aduisings	advisings
aduiz'd	advised
aduize	advise
aduized	advised
aduizing	advising
adult'rate	adulterate
adult'rous	adulterous
adulterat	adulterate
adulteresse	adulteress
adulterie	adultery
adulterours	adulterors
adultrate	adulterate
adultresse	adultress
adultrous	adulterous
adultry	adultery
aduocate	advocate
aduocate's	advocate's
aduocate-ship	advocateship
aduocates	advocates
aduouch	advouch
aduyce	advice
aduyse	advise
aduysement	advisement
adv.	adu.
advanc'd	advanced
advanc't	advanced
advancd	advanced
advancment	advancement
advantag'd	advantaged
advantagious	advantageous
advaunc'd	advanced
advauntage	advantage
adventer	adventure
adventers	adventurers
adventrous	adventurous
adventur'd	adventured
adventurd	adventured
adventvm	adventum
advers	adverse
adversaryes	adversaries
adversitie	adversity
advertis'd	advertised
advertiz'd	advertized
advis'd	advised
advltresse	adultress
advocats	advocates
advr.	adur.
ae	a
aeacvs	aeacus
aedifying	edifying
aegiptian	egyptian
aegiptians	egyptians
aegyptian	egyptian
aegyptians	egyptians
aegytian	egyptian
aenchouies	aenchovies
aeqiuocation	aeqivocation
aequalitie	equality
aequality	equality
aequall	aequal
aequinoctiall	aequinoctial
aequiuocate	aequivocate
aequiuocation	equivocation
aeriall	aerial
aescvlape	aesculape
aescvlapivs	aesculapius
aestimation	estimation
aeternall	eternal
aeternitie	eternity
aethereall	aethereal
aetheriall	aetherial
aeueid	aeveid
aeuo	aevo
aeuum	aewm
af	of
afarre	afar
afear'd	afeared
afearde	afeard
affabilitie	affability
affadauits	affadavits
affaiers	affairs
affaire	affair
affaires	affairs
affayre	affair
affayres	affairs
affayrs	affairs
affear'd	affeared
affeard	afeard
affeccions	affections
affeccyon	affection
affeccyons	affections
affect'st	affectest
affectatiō	affectation
affecte	affect
affectes	affects
affecti	affection
affectiō	affection
affectons	affections
affectst	affectest
affeered	afeard
affianc'd	affianced
affiaunce	affiance
affidauit	affidavit
affie	affy
affinitie	affinity
affirm'd	affirmed
affirm'st	affirmest
affirmd	affirmed
affirmd'st	affirmdest
affirme	affirm
affirmes	affirms
affirmst	affirmest
afflicte	afflict
afflictiōs	afflictions
afflycted	afflicted
afflyctyons	afflictions
affoard	afford
affoord	afford
affoorde	afford
affoorded	afforded
affoordes	affords
affoordeth	affordeth
affoording	affording
affoords	affords
afforde	afford
affordes	affords
affourd	afford
affourds	affords
affraid	afraid
affraide	afraid
affrayd	afraid
affrayde	afraid
affrayed	afraid
affrican	african
affricans	africans
affrick's	afric's
affrightes	affrights
affrightfull	affrightful
affrightst	affrightest
affrontst	affrontest
affy'd	affied
affynyte	affinity
affyrme	affirm
aflict	afflict
aflicted	afflicted
afloate	afloat
afoote	afoot
afords	affords
afore-hand	aforehand
aforesaide	aforesaid
aforesayd	aforesaid
afors	afores
afra'd	afraed
afraide	afraid
afraied	afraid
afranivs	afranius
afrayd	afraid
afrayde	afraid
afrayed	afraid
afright	affright
afrighted	affrighted
afrighting	affrighting
afrightment	affrightment
afrights	affrights
after-ayde	after-aide
after-dinner's	afterdinner's
after-game	aftergame
after-harmes	after-harms
after-joyes	after-joys
after-life	afterlife
after-liuers	after-livers
after-meales	after-meals
after-noon	afternoon
after-noone	afternoon
after-noones	afternoons
after-ruine	after-ruin
after-times	aftertimes
after-ward	afterwards
after-wards	afterwards
after-wit	afterwit
afternoone	afternoon
afternoone's	afternoon's
afternoones	afternoons
aftervvard	afterwards
aftervvards	afterwards
afterwarde	afterwards
afterwardes	afterwards
aftter	after
ag'd	aged
againe	again
againste	against
agane	again
aganst	against
agast	aghast
agaste	aghast
agayn	again
agayne	again
agaynst	against
agaynste	against
age-dry'd	age-dryed
age-honor'd	age-honored
agein	again
ageine	again
ageinst	against
agen	again
ager	agre
agē	again
aggrauate	aggravate
aggrauated	aggravated
aggrauates	aggravates
aggrauating	aggravating
aggreed	agreed
aggreuate	aggrevate
aggriefed	aggrieved
agilitie	agility
agillity	agility
agin	again
agoe	ago
agonie	agony
agonizing	agonising
agonyes	agonies
agrauate	aggravate
agrauates	aggravates
agre	agree
agreable	agreeable
agree'd	agreed
agreede	agreed
agreee	agree
agreeu'd	aggrieved
agreeued	aggrieved
agrement	agreement
agreuation	agrevation
agrieu'd	aggrieved
agrieued	aggrieved
agriuated	agrivated
agroue	agrove
agryse	agrise
agrée	agree
agréed	agreed
agréede	agreed
agréement	agreement
agtvs	agtus
ahd	and
aide	aid
aidlesse	aidless
aie	aye
aier	air
aiery	airy
ail'd	ailed
ail'st	ailest
aile	ail
ailes	ails
aim'd	aimed
aim'st	aimest
aimd	aimed-at-games
aime	aim
aimes	aims
aimst	aimest
aioyning	adjoining
aire	air
aire's	air's
aires	airs
airey	airy
airie	airy
ake	ache
aker	akre
aking	aching
aknaue	aknave
aknowledge	acknowledge
al	all
al'ce	alice
al-discouering	al-discovering
al-manack	almanac
al-mouing	al-moving
alablaster	alabaster
alacke	alack
alacritie	alacrity
alar'm	alarm
alarm'd	alarmed
alarme	alarm
alarmes	alarms
alarumed	alarmed
alass	alas
alasse	alas
alaualta	alavalta
alay	allay
alayed	allayed
alayes	alleys
albee	albe
albinouanus	albinovanus
albivs	albius
albvcivs	albucius
albvm	album
albvmazar	albumazar
alcaides	alcaids
alcauin	alcavin
alchemie	alchemy
alchemye	alchemy
alchimy	alchemy
alchymie	alchemy
alchymist	alchemist
alcion	altion
alcumie	alchemy
ald-gate	aldgate
alder-man	alderman
alder-mans	alderman's
aldermans	alderman's
aldermens	aldermen's
ale-bench	alebench
ale-house	alehouse
ale-houses	alehouses
ale-wife	alewife
ale-wiues	alewives
ale-wives	alewives
aleadge	allege
aledge	allege
alege	allege
alegiance	allegiance
aleivs	aleius
alembicks	alembics
aleuen	aleven
alexāder	alexander
alfe	alf
algunatraycion	algunatraytion
aliance	alliance
aliaunce	alliance
aliaūts	aliaunts
alied	allied
alies	allies
alitle	alittle
aliue	alive
aliàs	alias
all-deuouring	all-devouring
all-hallond	all-hallown
all-honour'd	all-honoured
all-knowing	allknowing
all-mighty	almighty
all-thing	allthing
all-worthy	allworthy
allacrity	alacrity
allaid	allayed
allarm	alarm
allarm's	alarm's
allarme	alarm
allarmes	alarms
allarms	alarms
allarum	alarum
allarums	alarms
allas	alas
allay'd	allayed
allayd	allayed
allaye	allay
allayes	alleys
alldg'd	alldged
alle	all
alleadg'd	alleged
alleadge	allege
alleadged	alleged
alleadging	alleging
alleag'd	alleged
alleagance	allegiance
alleage	allege
alleageance	allegiance
alleaged	alleged
alleagiance	allegiance
alleaging	alleging
alledge	allege
alledged	alleged
alledgeth	allegeth
alledging	alleging
allegance	allegiance
allegeance	allegiance
allegiancē	allegiancen
allegorie	allegory
allegorized	allegorised
allegoryes	allegories
allerlieueste	allerlieveste
alleyes	alleys
alli'd	allied
alliaunce	alliance
allicholly	melancholy
allicholy	melancholy
allide	allied
allie	ally
allighted	alighted
alll	all
allloue	alllove
allmost	almost
allott	allot
allotteth	allots
allovv'd	allowed
allovvance	allowance
allovve	allow
allovved	allowed
allovves	allows
allow'd	allowed
allowd	allowed
allowe	allow
allowes	allows
allreadie	already
allready	already
allthough	although
allur'd	allured
allurde	allured
alluremēts	allurements
allvp	allup
allwaies	always
allwayes	always
allways	always
ally'd	allied
ally'de	allied
allyance	alliance
allyde	allied
allye	ally
allyed	allied
allyes	allies
almaine	almain
almaines	almains
almanack	almanac
almanack's	almanac's
almanack-maker	almanac-maker
almanacke	almanac
almanacke-makers	almanac-makers
almanackes	almanacs
almanacks	almanacs
almaynes	almains
almes	alms
almes-basket	almsbasket
almes-bread	alms-bread
almes-deedes	almsdeeds
almes-giuer	almsgiver
almes-house	almshouse
almes-houses	almshouses
almes-man	almsman
almesgigiuers	almesgigivers
almeshouses	almshouses
almightie	almighty
almighties	almighty's
almightye	almighty
almon	almond
almond-milke	almond-milk
almost-aequall	almost-aequal
almoste	almost
alms-mony	alms-money
almyghty	almighty
alofte	aloft
along'st	alongst
alonge	along
alonly	alonely
alonlye	alonely
aloofe	aloof
alooffe	aloof
alot	allot
alott	allot
alotted	allotted
aloude	aloud
aloue	alove
alouing	aloving
aloun	alone
aloune	alone
alow	allow
alow'd	aloud
alow'st	allowest
alowable	allowable
alowance	allowance
alowd	aloud
alowde	allowed
alowe	allow
alowed	aloud
alowes	allows
aloye	alloy
alphabeticall	alphabetical
alphesiboevs	alphesiboeus
alread	already
alreadie	already
alreadie's	already's
alreadye	already
alredie	already
alredy	already
alredye	already
als	also
als'unpay'd	als'unpayed
altar'd	altared
altar-wise	altarwise
altare	altar
alter'd	altered
alteracion	alteration
alteracions	alterations
alteracyon	alteration
alterd	altered
althea	althaea
altheas	althaeas
althing	allthing
althinges	allthings
altho	although
althogh	although
althoug	although
althoughe	although
altogither	altogether
altogyther	altogether
altred	altered
altring	altering
aludes	alludes
alure	allure
alurements	allurements
alv.	alu.
alvmnvs	alumnus
alvvaies	always
alwaie	alway
alwaies	always
alwais	always
alway	always
alwaye	alway
alwayes	always
alye	aly
alyke	alike
alyue	alive
am'd	amed
am'rous	amorous
amaine	amain
amalasvnta	amalasunta
amarous	amorous
amas'd	amazed
amasde	amazed
amase	amaze
amased	amazed
amaseth	amasseth
amaui	amavi
amauit	amavit
amayn	amain
amayne	amain
amaz'd	amazed
amaz'de	amazed
amazd	amazed
amazd'd	amazded
amazde	amazed
amazment	amazement
amā	aman
ambassadour	ambassador
ambassadoures	ambassadors
ambassadours	ambassadors
ambassie	ambassy
ambicious	ambitious
ambiguitie	ambiguity
ambitioniz'd	ambitionized
ambitiouslie	ambitiously
ambitiō	ambition
ambiton	ambition
ambitous	ambitious
ambuscadoes	ambuscades
ambushmentes	ambushments
ambusht	ambushed
ambycyō	ambycyon
amd	and
ame	am
amelvs	amelus
amende	amend
amendement	amendment
amendes	amends
amendyd	amended
amēd	amend
amiablenes	amiableness
amiablenesse	amiableness
amid'st	amidst
amidde	amid
amis	amiss
amise	amiss
amisse	amiss
amitie	amity
amitye	amity
amīs	amins
among'st	amongst
amonge	among
amonges	among
amongest	amongst
amonst	amongst
amoret	amouret
amorist	amourist
amorists	amourists
amorouse	amorous
amorouslie	amorously
amorousnes	amorousness
amorousnesse	amorousness
amorovs	amorous
amorphvs	amorphus
amorus	amorous
amountyng	amounting
amourous	amorous
amourously	amorously
amōg	among
amōge	among
amōgst	among
amphitheater	amphitheatre
amphitriō	amphitrion
amplie	amply
amplifie	amplify
amplye	amply
amplyfied	amplified
amuraths	amurath's
amus'd	amused
amuze	amuse
amvrath	amurath
amyable	amiable
amyd	amid
amysse	amiss
amytie	amity
an-end	anend
an-hungry	hungry
analogie	analogy
anarchie	anarchy
anatomie	anatomy
anatomistes	anatomists
anatomiz'd	anatomised
anatomize	anatomise
anatomizing	anatomising
ancesters	ancestors
ancestours	ancestors
ancestrie	ancestry
ancetors	ancestors
anchor'd	anchored
anchore	anchor
anchoresse	anchoress
anchoues	anchoves
anchouis	anchovis
ancien'st	ancientest
ancient'st	ancientest
ancientes	ancients
ancientst	ancientest
anciēt	ancient
anckle	ankle
anckles	ankles
ancle	ankle
ancles	ankles
ancor	anchor
ancors	anchors
and-a	and
andd	and
ande	and
andrevv	andrew
andvverpe	andwerpe
aneuer	anever
anewe	anew
anexed	adnexed
angel'd	angeled
angel-ey'd	angel-eyed
angel-like	angellike
angel-soules	angel-souls
angelicall	angelical
angell	angel
angell-beauty	angel-beauty
angell-guide	angel-guide
angell-like	angellike
angell-proofe	angel-proof
angell-traine	angel-train
angelles	angels
angellēs	angellens
angells	angels
anger'd	angered
anger'st	angerest
angerd	angered
anglica	anglicam
anglvs	anglus
angre	anger
angred	angered
angrie	angry
angring	angering
angrye	angry
anguysh	anguish
anguyshe	anguish
anie	any
anie's	any's
animaduersion	animadversion
animall	animal
animalls	animals
anioy	anjoy
anioy.	anjoy.
anise-seeds	aniseeds
aniuersaries	aniversaries
anker	anchor
ankers	anchors
annall	annal
annalls	annals
anncestors	ancestors
annd	and
annext	annexed
annihillate	annihilate
anniseed	aniseed
annoid	annoyed
annoies	annoys
annoint	anoint
annointed	anointed
annother	another
annoy'd	annoyed
annoyde	annoyed
annoye	annoy
annoyes	annoys
annoynt	anoint
annoynted	anointed
annuall	annual
annuitie	annuity
annul'd	annulled
annull'd	annulled
annū	annum
anoher	another
anone	anon
anotamiz'd	anotamized
anotamy	anatomy
anoter	another
anothers	another's
anotomy	anatomy
anoy	annoy
anoyance	annoyance
anoyd	annoyed
anoyde	avoid
anoye	annoy
anoynt	anoint
anoynted	anointed
anoyntynge	anointing
ansvver	answer
ansvvere	answer
ansvvered	answered
answear	answer
answeare	answer
answer'd	answered
answer'st	answerest
answerd	answered
answere	answer
answereable	answerable
answeres	answers
answerlesse	answerless
answerynge	answering
antartique	antarctic
ante-dated	antedated
antheames	anthems
anthem'd	anthemed
antheme	anthem
anti-masque	antimasque
antick	antic
antick-like	antic-like
antick-maskers	antic-maskers
anticke	antic
antickes	antics
antickly	antically
anticks	antics
anticque	antique
antidate	antedate
antidated	antedated
antidates	antedates
antidots	antidotes
antient	ancient
antiently	anciently
antients	ancients
antiēt	ancient
antike	antic
antinovs	antinous
antipathie	antipathy
antiquarie	antiquary
antiquaryes	antiquaries
antiquitie	antiquity
antonivs	antonius
antvverpe	antwerpe
antypathy	antipathy
anuill	anvil
anvile	anvil
anvill	anvil
anxietie	anxiety
any-body	anybody
any-thing	anything
any-way	anyway
any-where	anywhere
anye	any
an̄d	and
ap'd	aped
apaide	apaid
apal'd	appalled
apall	appal
aparant	apparent
aparantly	apparently
aparātly	apparently
aparel	apparel
aparell	apparel
aparelled	apparelled
aparellynge	aparelling
aparte	apart
apayd	payed
apayde	apaid
ape-fac'd	ape-faced
ape-lou'd	ape-loved
apeare	appear
apeared	appeared
apeares	appears
apeasde	appeased
apease	appease
apeased	appeased
apeece	apiece
apereth	appeareth
aperynge	apering
apetite	appetite
aphorismes	aphorisms
apicivs	apicius
apish-trickes	apish-tricks
apishnesse	apishness
aplause	applause
aplauses	applauses
aple	apple
aples	apples
apo	upon
apochryphal	apocryphal
apocriphall	apocryphal
apocryphall	apocryphal
apoint	appoint
apointed	appointed
apointes	appoints
apointment	appointment
apollogy	apology
apologeticall	apologetical
apophthegmes	apophthegms
apoplexed	apoplexeded
apoplexie	apoplexy
apostacie	apostasy
apostacy	apostasy
apostasie	apostasy
apostaticall	apostatical
apostemates	apostemate
apostolicall	apostolical
apothecarie	apothecary
apothecaryes	apothecaries
apothegmes	apothegms
apoynted	appointed
apoyntment	appointment
appaid	apaid
appale	appal
appalld	appalled
apparaile	apparel
apparailed	apparelled
apparance	appearance
apparances	appearances
apparant	apparent
apparantly	apparently
apparaunce	appearance
apparaunt	apparent
apparāt	apparent
apparel'd	apparelled
appareld	apparelled
appareled	apparelled
apparell	apparel
apparell'd	apparelled
apparell's	apparel's
apparelled	appareled
apparelynge	apparelling
apparence	appearance
apparencie	apparency
apparrel	apparel
apparrel'd	apparelled
apparreld	apparelled
apparrell	apparel
apparrell'd	apparelled
apparrelled	apparelled
apparrelling	apparelling
apparrels	apparels
appauled	appalled
appayse	appaise
appeach'd	appeached
appeache	appeach
appeale	appeal
appeales	appeals
appear'd	appeared
appear'st	appearest
appeard	appeared
appearde	appeared
appeare	appear
appeare's	appear's
appeares	appears
appearst	appearest
appeas'd	appeased
appeasd	appeased
appeasde	appeased
appeaz'd	appeased
appeere	appear
appeeres	appears
appeering	appearing
appehension	apprehension
appenine	apennine
appere	appear
appered	appeared
appereth	appeareth
appertain'd	appertained
appertaine	appertain
appertaines	appertains
appertayne	appertain
apperteineth	appertaineth
apperteyneth	appertaineth
apperteyning	appertaining
appetie	appetite
appetyte	appetite
appēare	appear
applasiue	applasive
applaude	applaud
applaudes	applauds
applaus'd	applaused
applausiue	applausive
apple-haruest	apple-harvest
apple-tree	appletree
appli'd	applied
applide	applied
applie	apply
apply'd	applied
applyable	appliable
applyde	applied
applye	apply
applyed	applied
applyes	applies
appoincted	appointed
appointeth	appoints
appointmente	appointment
appoplexie	apoplexy
appoplexy	apoplexy
appou'd	approved
appoynt	appoint
appoynted	appointed
appoyntes	appoints
appoynteth	appointeth
appoyntment	appointment
appoyntmentes	appointments
appoynts	appoints
apppear	appear
apprehend'st	apprehendest
apprehende	apprehend
apprehensiue	apprehensive
apprehention	apprehension
apprehēsions	apprehensions
apprentic'd	apprenticed
apprentice-hood	apprenticehood
apprentise	apprentice
approach'd	approached
approch	approach
approch'd	approached
approche	approach
approches	approaches
approcheth	approaches
approching	approaching
approcht	approached
approchyng	approaching
approofe	approof
approou'd	approved
approoue	approve
approoued	approved
approouedly	approvedly
approouement	approovement
approoues	approves
approov'd	approved
approoved	approved
approu'd	approved
approualls	approvalls
approuals	approvals
approue	approve
approued	approved
approuedly	approvedly
approuements	approvements
approuemēts	approvements
approues	approves
approuing	approving
approv'd	approved
approvment	approument
apprroue	apprrove
appéere	appear
apreachyng	apreaching
aprehend	apprehend
aprehension	apprehension
apricocke	apricock
apricocks	apricots
aproaches	approaches
aproaching	approaching
aproch	approach
aproched	approached
aproching	approaching
aprooued	approved
aproue	approve
aproued	approved
aproues	approves
aproved	approved
apte	apt
aptlie	aptly
aptlye	aptly
aptnes	aptness
aptnesse	aptness
apysh	apish
aqua-fortis	aquafortis
aqua-vitae	aquavitae
aquaeducts	aqueducts
aquaintance	acquaintance
aquainted	acquainted
aquauita	aquavita
aquauitae	aquavitae
aquauite	aquavite
aquauity	aquavity
aquestiō	aquestion
aqvarivs	aqvarius
ar	are
ar't	art
arabyās	arabians
araid	arrayed
araie	array
araigned	arraigned
araignment	arraignment
arain'd	arained
arathvsa	arathusa
aratvs	aratus
aray	array
araye	array
araygned	arraigned
arber	arbour
arbitratour	arbitrator
arbitriment	arbitrament
arbor	arbour
arbors	arbours
arcadie	arcady
arcenall	arsenal
arch'd	arched
arch-angels	archangels
arch-arch-diuell	arch-arch-divell
arch-deacon	archdeacon
arch-diuell	arch-devil
arch-dukes	archdukes
arch-enemy	archenemy
arch-foe	archfoe
arch-knaue	arch-knave
arch-priest	archpriest
arch-rebels	archrebels
arch-traitors	archtraitors
archadian	arcadian
arche	arch
archerie	archery
archieu'd	achieved
archiev'd	achieved
archievements	achievements
archilochvs	archilochus
archt	arched
ardeās	ardeans
ardor	ardour
ardors	ardours
area	aream
aready	already
ares	ears
arest	arrest
arested	arrested
arethmatick	arithmetic
arē	aren
argent-viue	argent-vive
argiaes	argia's
argiuarum	argivarum
argiue	argive
argiues	argives
argoes	argo's
argosie	argosy
argu'd	argued
argueth	argue
argumen	argument
argumente	argument
argumentes	arguments
argumets	arguments
argumēnt	argument
argvment	argument
argvrion	argurion
argvs	argus
ariadnaes	ariadna's
arighte	aright
ariostoes	ariosto's
aristivs	aristius
aristocracie	aristocracy
aristocraticall	aristocratical
aristocratie	aristocracy
aristvs	aristus
arithmatique	arithmetic
arithmeticall	arithmetical
arithmetick	arithmetic
arithmeticke	arithmetic
arithmetike	arithmetic
arithmetique	arithmetic
ariu'd	arrived
ariual	arrival
ariuall	arrival
ariud	arrived
ariue	arrive
ariued	arrived
ariues	arrives
ariuest	arivest
ariuing	arriving
ariv'd	arrived
arivall	arrival
arive	arrive
arives	arrives
ariving	arriving
arize	arise
arke	ark
arm'd	armed
arm'st	armest
armarie	armoury
armd	armed
armde	armed
arme	arm
arme's	arm's
arme-full	armful
arme-holes	armholes
arme-strong	armstrong
armelets	armlets
armepits	armpits
armes	arms
armi'd	armied
armie	army
armie's	army's
armor	armour
armorer	armourer
armorers	armourers
armorie	armoury
armories	armouries
armors	armours
armory	armoury
armoure	armour
armourie	armoury
armst	armest
army-roiall	army-royal
armye	army
armyes	armies
armys	arms
aromaticall	aromatical
aromatick	aromatic
aromatique	aromatic
aroūd	around
arow	arrow
arowe	arrow
arprooued	arprooved
arque	ark
arrable	arable
arraied	arrayed
arraig'd	arraiged
arraign'd	arraigned
arraignd	arraigned
arraigne	arraign
arraignement	arraignment
arrain'd	arraigned
arrainement	arraignment
arrand	errand
arrande	errand
arrangn'd	arrangned
arrant'st	arrantest
arrantst	arrantest
arrayd	arrayed
arraye	array
arrayes	arrays
arre	are
arreares	arrears
arreers	arrears
arrerage	arrearage
arrerages	arrearages
arrignemente	arrignement
arriu'd	arrived
arriu'de	arrived
arriuall	arrival
arriud	arrived
arriud'st	arriudest
arriue	arrive
arriued	arrived
arriues	arrives
arriuing	arriving
arriv'd	arrived
arrivall	arrival
arrivd	arrived
arriú'd	arriúed
arrogancie	arrogancy
arrogāce	arrogance
arrovv	arrow
arrovves	arrows
arrowe	arrow
arrowes	arrows
arrvial	arrival
arrvntivs	arruntius
arryu'd	arrived
arryued	arrived
arsenall	arsenal
art-full	artful
arte	art
arteficially	artificially
artemidorvs	artemidorus
arterie	artery
arteriz'd	arterized
arteryes	arteries
artes	arts
artfull	artful
arthvr	arthur
arthvrs	arthurs
artichocke	artichoke
artichocks	artichokes
artick	arctic
articl'd	articled
articulat	articulate
artificiall	artificial
artify'd	artifyed
artifycyall	artificial
artilery	artillery
artillerie	artillery
artique	arctic
artizan	artisan
artizans	artisans
artles	artless
artlesse	artless
arts-mens	arts-men's
artycles	articles
arvm	arum
arvndee	arundee
arvndel	arundel
arvndell	arundell
aryght	aright
aryse	arise
aryseth	ariseth
arysing	arising
arysynge	arising
aryuall	aryvall
aryue	aryve
aryued	arrived
ascauius	ascavius
ascende	ascend
ascendyng	ascending
ascēd	ascend
ascēdeth	ascendeth
ascrib'd	ascribed
ascribd	ascribed
asflict	afflict
ash-colour'd	ash-coloured
asham'd	ashamed
ashamd	ashamed
ashamde	ashamed
ashcolour	ash-colour
ashe	ash
ashie	ashy
ashoar	ashore
ashonish'd	ashonished
asie	asia
asinivs	asinius
asist	assist
asistance	assistance
ask'd	asked
ask'st	askest
ask't	asked
askaunce	askance
askaunces	askances
askaunt	askant
askd	asked
aske	ask
askes	asks
askt	asked
askyng	asking
aslaue	aslave
asleepe	asleep
asléepe	asleep
asmuch	as
asmuche	asmuch
aso	also
asonder	asunder
asotvs	asotus
aspecte	aspect
aspectes	aspects
aspen-leaf	aspenleaf
aspen-leafe	aspenleaf
asperst	aspersed
aspertion	aspersion
aspertions	aspersions
aspes	asps
aspicious	suspicious
aspick	aspic
aspicks	aspics
aspir'd	aspired
aspir'st	aspirest
aspirde	aspired
aspyr'd	aspired
aspyre	aspire
aspyred	aspired
aspyring	aspiring
assai'd	assayed
assaid	assayed
assaie	assay
assaied	assayed
assail'd	assailed
assaild	assailed
assaile	assail
assailes	assails
assalted	assaulted
assasinate	assassinate
assasinates	assassinates
assaulte	assault
assaultes	assaults
assaultst	assaultest
assaute	assault
assauted	assaulted
assautes	assaults
assay'd	assayed
assayd	assayed
assaye	assay
assayes	assays
assayl'd	assailed
assaylants	assailants
assayld	assailed
assayle	assail
assayled	assailed
assayling	assailing
asse	as
asse-like	asslike
assemblie	assembly
assemblyes	assemblies
assente	assent
assertained	ascertained
assēt	assent
asshamed	ashamed
asshes	ashes
asside	aside
assign'd	assigned
assignde	assigned
assigne	assign
assigneing	assigning
assignes	assigns
assinde	assigned
assing'd	assinged
assirian	assyrian
assirians	assyrians
assise	assize
assistans	assistants
assistaunce	assistance
assiste	assist
assistence	assistance
assistfull	assistful
associat	associate
associats	associates
assoild	assoiled
assone	assoon
assoone	assoon
assotiation	association
assoyle	assoil
assoyled	assoiled
assum'd	assumed
assunder	asunder
assur'd	assured
assur'de	assured
assuraunce	assurance
assurd	assured
assurde	assure
assuredlye	assuredly
assurs'd	assursed
assut'd	assuted
asswag'd	assuaged
asswage	assuage
asswaged	assuaged
asswagement	assuagement
assygne	assign
assynd	assigned
assynde	assigned
assyse	assize
assyst	assist
assystence	assistance
astonied	astonished
astonish'd	astonished
astonish't	astonished
astonisht	astonished
astonyed	astonied
astonyshed	astonished
astound	astounded
astraie	astray
astraye	astray
astrologicall	astrological
astrologie	astrology
astronomicall	astronomical
astronomie	astronomy
asure	assure
asured	assured
aswage	assuage
aswaye	asway
aswel	aswell
asyde	aside
at'	atth'
atauis	atavis
atcheeue	atcheeve
atcheev'd	atcheeved
atcheiue	atcheive
atcheiuing	achieving
atcheue	atcheve
atchieu'd	achieved
atchieud	achieved
atchieue	achieve
atchieue'hem	atchieve'hem
atchieued	achieved
atchieuement	achievement
atchieuements	achievements
atchieuments	achievements
atchiev'd	achieved
atchieve	achieve
atchieved	achieved
atchievement	achievement
atchievements	achievements
atchievments	achievements
atchiu'd	achieved
atchiue	achieve
atchiued	achieved
atchiuement	achievement
atchiuements	achievements
atempt	attempt
atempted	attempted
atempting	attempting
atempts	attempts
ater-loue	ater-love
atheisme	atheism
atheisticall	atheistical
atheniās	athenians
athēs	athens
athiest	atheist
athiests	atheists
athough	although
athversary	adversary
atick	attic
atired	attired
atlantique	atlantic
atome	atom
aton'd	atoned
atribute	attribute
atriuiall	atriviall
attach'd	attached
attach't	attached
attacht	attached
attain'd	attained
attaind	attained
attaine	attain
attaine'd	attaineed
attaines	attains
attayne	attain
attayned	attained
attaynt	attaint
attaynted	attainted
attaynyng	attaining
attemp	attempt
attemperynge	attempering
attemps	attempts
attempte	attempt
attempters	attempers
attemptes	attempts
attemptyng	attempting
attend'st	attendest
attendantes	attendants
attendaunce	attendance
attende	attend
attendents	attendants
attendes	attends
attendynge	attending
attentiue	attentive
attentiuely	attentively
attentiuenesse	attentiveness
attentiuenosse	attentivenosse
atteyne	attain
atteyned	attained
attēd	attend
attēdant	attendant
attēpted	attempted
attēpting	attempting
attēpts	attempts
attillery	artillery
attir'd	attired
attird	attired
attirde	attire
attomes	atoms
attoms	atoms
atton'd	atoned
attonce	atonce
attone	atone
attoned	atoned
attonement	atonement
attornies	atorneys
attractiue	attractive
atturney	attorney
atturneyes	attorneys
atturneys	attorneys
atturnies	attorneys
atturny	attorney
attyr'd	attired
attyre	attire
attyred	attired
attyres	attires
auailable	available
auaile	avail
auaileable	available
auailed	availed
auailes	avails
auaileth	availeth
auarice	avarice
auarices	avarices
auaricious	avaricious
auaritia	avaritia
auaritiae	avaritiae
auaritious	avaritious
auarte	avarte
auaryce	avarice
auast	avast
auaunce	advance
auaunt	avaunt
auaunte	avaunt
auayle	avail
auayles	avails
auayleth	availeth
aucestours	ancestors
aucthor	author
aucthoritie	authority
aucthorities	authorities
aucthority	authority
aucthors	authors
auctorised	authorised
auctoritie	authority
auctoryte	authority
aud	and
audaciousnesse	audaciousness
audacite	audacity
audacitie	audacity
audatious	audacious
audiēce	audience
auditorie	auditory
auditour	auditor
auditours	auditors
audiui	audivi
audyence	audience
audyēce	audience
aue	have
auee'd	aueeed
auemaries	avemaries
auen	aven
aueng'd	avenged
auengd	avenged
auenge	avenge
auenged	avenged
auengment	avengment
auengyng	avenging
auer	aver
auerers	averers
auernall	avernall
auernas	avernas
auerni	averni
auerr'd	averred
auerre	averre
auers'd	aversed
auersation	aversation
auerse	averse
auersion	aversion
auert	avert
auerte	avert
auerted	averted
auerts	averts
auery	avery
aues	aves
auez	avez
augmēt	augment
augure	augur
augures	augurs
augurie	augury
augurisme	augurism
auidorum	avidorum
auidè	avidè
auise	avise
auld	old
aultar	altar
aultare	altar
aultars	altars
aulter	alter
aulters	altars
auncesters	ancestors
auncestor	ancestor
auncestors	ancestors
auncestours	ancestors
auncestrie	ancestry
auncetours	ancestors
aunchient	ancient
auncient	ancient
aunciente	ancient
aunciēt	ancient
auncyent	ancient
aungell	angel
aunsvvered	answered
aunsweare	answer
aunswer	answer
aunswerable	answerable
aunswere	answer
aunswered	answered
aunsweres	answers
aunswereth	answereth
aunswers	answers
aunt's	ant's
aunte	aunt
auntes	ants
auntient	ancient
auntients	ancients
auoid	avoid
auoidance	avoidance
auoide	avoid
auoided	avoided
auoides	avoids
auoiding	avoiding
auoids	avoids
auoidyng	avoiding
auoir	avoir
auord	avord
auother	avother
auothers	avothers
auouch	avouch
auouche	avouch
auouched	avouched
auow	avow
auowable	avowable
auowe	avow
auowes	avows
auoyd	avoid
auoydance	avoidance
auoyde	avoid
auoyded	avoided
auoyding	avoiding
auoyds	avoids
auspitious	auspicious
auspitiously	auspiciously
austeere	austere
austerenesse	austereness
austeritie	austerity
austeritye	austerity
austines	augustine's
austrich	ostrich
autentical	authentical
autenticall	authentical
autentique	authentic
auth'ress	authoress
authenticall	authentical
authentick	authentic
authenticke	authentic
authentique	authentic
author'd	author
authorisde	authorised
authoritie	authority
authoritye	authority
authoritée	authority
authoriz'd	authorised
authorize	authorise
authortie	authority
authour	author
authour's	author's
authours	authors
autor	author
autore	author
autorise	authorise
autorised	authorised
autoryte	authority
autum	autumn
autumnall	autumnal
autumne	autumn
autumnes	autumns
auuergne	awergne
auut	avut
auy	avy
aūcient	ancient
aūgeles	aungeles
aūswered	answered
av.	au.
availe	avail
availes	avails
avayle	avail
avbigny	aubigny
avdelay	audelay
aveng'd	avenged
avernvs	avernus
averr'd	averred
averre	aver
avg	aug
avgvst	august
avgvsta	augusta
avgvsta's	augusta's
avgvstissimae	augustissimae
avgvsto	augusto
avgvstvs	augustus
avis'd	advised
avl.	aul.
avoide	avoid
avow'd	avowed
avowe	avow
avowes	avows
avoy'd	avoid
avoyd	avoid
avoyde	avoid
avoyded	avoided
avoyding	avoiding
avr.	aur.
avrelia	aurelia
avri.	auri.
avrora	aurora
avsonivs	ausonius
avt	aut
avt.	aut.
avthor	author
avthovr's	authour's
avtronivs	autronius
avvake	awake
avvay	away
avve	awe
aw	awe
aw'd	awed
awaie	away
awaite	await
awaites	awaits
awak'd	awaked
awak't	awaked
awakd	awaked
awaken'st	awakenest
awakend	awakened
awakned	awakened
awakt	awaked
awakte	awaked
awarde	award
awaye	away
awayes	aways
awayt	await
awayte	await
awayting	awaiting
awd	awed
awde	awed
awefull	awful
awfull	awful
awhyle	awhile
awither'd	awithered
awkeward	awkward
awle	awl
awles	awls
awne	awn
aworke	awork
awrie	awry
awrye	awry
aws	avus
ax	axe
axell'd	axelled
axeltree	axletree
axiome	axiom
axiomes	axioms
axle-tree	axletree
axletrée	axletree
axyd	axed
ay'd	ayed
ay'll	i'll
ayd	aid
ayde	aid
ayded	aided
aydes	aids
aydeth	aideth
ayding	aiding
ayds	aids
aydyng	aiding
ayer	air
ayerie	airy
ayl'st	ailest
ayle	ail
ayles	ails
aylest	ailest
ayleth	aileth
ayls	ails
aym	aim
aym'd	aimed
aym'st	aimest
aymd	aimed
ayme	aim
aymed	aimed
aymes	aims
aymeth	aimeth
ayming	aiming
ayr	air
ayre	air
ayre's	air's
ayres	airs
ayrie	airy
ayring	airing
ayry	airy
ayrye	airy
azur	azure
azur'd	azured
azurd	azured
azure-colour'd	azure-coloured
azurie	azury
azvre	azure
aërie	aery
aëry	aery
ā	and
ād	and
b'arraign'd	b'arraigned
b'encreas'd	b'encreased
b'vndone	b'undone
b'vntrue	b'untrue
babelliz'd	babellized
babie	baby
babilonian	babylonian
babilons	babylons
babl'd	babbled
bable	babble
babler	babbler
bables	babbles
babling	babbling
bablinge	babbling
bablings	babblings
baboone	baboon
baboones	baboons
babounes	baboons
babylonicall	babylonical
bacchvs	bacchus
bace	base
bacheler	bachelor
bachelers	bachelors
bachellers	bachelors
bachelour	bachelor
bachelours	bachelors
back'd	backed
back'st	backest
back't	backed
back-bite	backbite
back-biter	backbiter
back-door	backdoor
back-doore	backdoor
back-doores	back-doors
back-dore	backdoor
back-dores	back-doors
back-friend	backfriend
back-roome	backroom
back-side	backside
back-sword	backsword
back-ward	backward
back-wards	backwards
back-way	backway
back-winter	backwinter
backe	back
backe's	back's
backe-doore	backdoor
backe-dore	backdoor
backe-dores	back-doors
backe-gate	back-gate
backe-part	back-part
backe-peece	backpiece
backe-side	backside
backe-staire	back-stair
backe-wardes	backwards
backe-wards	backwards
backes	backs
backeside	backside
backeward	backward
backewarde	backward
backewardnesse	backwardness
backewards	backwards
backis	backs
backrupt	bankrupt
backt	backed
backwarde	backward
backwardnesse	backwardness
backwaye	backway
bacward	backward
bad'st	badst
badd	bad
badde	bad
baddest	badst
badlie	badly
badnesse	badness
baffel'd	baffled
baffell'd	baffelled
baffl'd	baffled
baffoul'd	baffouled
baffuld	baffled
baffull'd	baffulled
bafled	baffled
bag-pipe	bagpipe
bag-piper	bagpiper
bag-pipes	bagpipes
bagg	bag
bagg'd	bagged
bagge	bag
bagge-pipe	bagpipe
bagges	bags
baggs	bags
baies	bays
bail'd	bailed
baild	bailed
baile	bail
baileable	bailable
bailes	bails
bailiffe	bailiff
bailiffes	bailiffs
bainfull	baneful
baite	bait
baites	baits
bak	back
bak'd	baked
bak'd-meats	baked-meats
bak't	baked
bak't-meates	baked-meats
bake-house	bakehouse
bake-meate's	bake-meat's
baken	bake
bakon	bacon
baks	backs
bakynge	baking
bal'd	baled
balaams	balaam's
balades	ballads
balanc'd	balanced
balconie	balcony
bald-pate	baldpate
bald-rick	baldric
balde	bald
baldlie	baldly
baldnes	baldness
baldnesse	baldness
baldrick	baldric
baldricke	baldric
balefull	baleful
balet	ballet
baliols	balliols
balke	balk
balkes	balks
balkt	balked
ball'd	balled
ballace	balance
ballad's	balla's
ballad-monger	balladmonger
ballad-royall	ballad-royal
ballade	ballad
ballades	ballads
ballanc'd	balanced
ballanc't	balanced
ballance	balance
ballances	balances
ballanst	balanced
ballass'd	ballassed
ballasse	ballast
ballated	ballasted
ballats	ballads
balle	ball
balles	balls
balm'd	balmed
balme	balm
balmes	balms
balmie	balmy
balsame	balsam
balsomes	balsams
balsoms	balsams
balyues	balyves
ban-dog	bandog
ban-dogge	bandog
ban-dogs	bandogs
ban-quetting	banqueting
banck	bank
banck-route	bank-route
banck-side	bankside
bancke	bank
bancke-side	bankside
banckerout	bankrupt
banckes	banks
bancket	banquet
banckrupt	bankrupt
banckrupts	bankrupts
bancks	banks
band-string	bandstring
bande	band
bandes	bands
bandie	bandy
bandogge	bandog
bandy'd	bandied
bandye	bandy
bandyed	bandied
banefull	baneful
bang'd	banged
bangd	banged
bangyng	banging
banish'd	banished
banish't	banished
banishe	banish
banishement	banishment
banisht	banished
banisht-peace	banished-peace
bankcrupt	bankrupt
banke	bank
banke-louing	bank-loving
banke-side	bankside
bankerout	bankrupt
bankerupt	bankrupt
bankes	banks
banket	banquet
banketing	banqueting
bankets	banquets
bankette	banquet
bankettings	banquetings
bankroupts	bankrupts
bankrouts	bankrupts
bann	ban
banne	ban
bannish	banish
bannish'd	banished
bannynges	bannings
bannysh	banish
bannyshynge	bannyshing
banquerout	bankrupt
banquerouts	bankrupts
banques	banquets
banquests	banquets
banquetted	banqueted
banquetting	banqueting
banquetting-house	banqueting-house
banquetyng	banqueting
banquit	banquet
banquits	banquets
banysh	banish
banyshe	banish
banyshed	banished
banyshment	banishment
banyshmente	banishment
banysht	banished
baptis'd	baptised
baptisme	baptism
baptiz'd	baptised
baptize	baptise
baptizes	baptises
baptym	baptism
baptyme	baptism
baptyse	baptise
bar'd	bared
barb'rous	barbarous
barbarie	barbary
barbarisme	barbarism
barbarours	barbarous
barbarousnesse	barbarousness
barberous	barbarous
barbrous	barbarous
barck	bark
barde	bard
bardes	bards
bardge	barge
bare-bone	barebone
bare-brested	bare-breasted
bare-fac'd	barefaced
bare-foot	barefoot
bare-foote	barefoot
bare-head	barehead
bare-headed	bareheaded
bare-worne	bare-worn
barefoote	barefoot
barenesse	bareness
barēnes	barrenness
bargain'd	bargained
bargaind	bargained
bargaine	bargain
bargaine's	bargain's
bargaines	bargains
bargane	bargain
bargayne	bargain
barge-man	bargeman
barge-men	bargemen
bargening	bargaining
baricadoed	barricadoed
bark'd	barked
bark'st	barkest
barke	bark
barkes	barks
barkt	barked
barkyng	barking
barley-breake	barleibreak
barley-grevvel	barley-gruel
barley-meale	barley-meal
barlie	barley
barlie-corne	barleycorn
barly	barley
barly-break	barleibreak
barly-breake	barleibreak
barly-water	barleywater
barme	barm
barne	bairn
barne-dore	barn-door
baroniz'd	baronized
barouet	barovet
barqu'd	barqued
barque	bark
barr	bar
barr'd	barred
barr'st	barrest
barraine	barren
barrayne	barren
barrd	barred
barre	bar
barrein	barren
barrell	barrel
barrell'd	barrelled
barrell-tops	barrel-tops
barrells	barrels
barrennes	barrenness
barrennesse	barrenness
barrennest	barrenest
barres	bars
barricado'd	barricadoed
barrowe	barrow
barrowes	barrows
barrs	bars
barthol'mew	bartholomew
bartholmevv	bartholmew
bartholmew-eeue	bartholmew-eeve
bartholmewes	bartholmews
bartholomew-tide	bartholomewtide
bartring	bartering
base-belou'd	base-beloved
base-born	baseborn
base-borne	baseborn
base-minded	baseminded
base-viall	base-vial
baseborne	baseborn
baselie	basely
basenes	baseness
basenesse	baseness
basens	basins
bashawes	pashas
bashe	bash
bashefull	bashful
bashefulnesse	bashfulness
bashfull	bashful
bashfullnes	bashfulness
bashfullness	bashfulness
bashfulls	bashfuls
bashfulnes	bashfulness
bashfulnesse	bashfulness
basiliske	basilisk
basiliskes	basilisks
basket-makeing	basketmaking
basket-maker	basketmaker
basse	base
bast	baste
bastanado'd	bastanadoed
bastar'd	bastared
bastarde	bastard
bastardes	bastards
bastardie	bastardy
bastardize	bastardise
bastardry	bastardy
bastinado'd	bastinadoed
bastoun	baston
bat-fowling	batfowling
batailles	battles
batcheler	bachelor
batchelers	bachelors
batchelers-button	batchelors-button
batchellers	bachelors
batchellor	bachelor
batchellors	bachelors
batchelors	bachelors
batchelour	bachelor
batchelours	bachelors
batchlers	bachelors
bath'd	bathed
bathd	bathed
bathde	bathed
bathyng	bathing
batt'ry	battery
battaile	battle
battaile's	battle's
battailes	battles
battails	battles
battayle	battle
battayles	battles
batte	bat
battel	battle
battel's	battle's
battel-ax	battle-ax
battell	battle
battelled	battled
battelles	battles
battells	battles
battels	battles
batter'd	battered
batterd	battered
batterie	battery
batterye	battery
battes	bats
battlementes	battlements
battoone	battoon
battred	battered
battries	batteries
battring	battering
battry	battery
battryng	battering
bauande	bavande
bauaria	bavaria
bauaria's	bavaria's
baud-daughters	bawd-daughters
baud-ledger	bawd-ledger
baud-mothers	bawd-mothers
baude	bawd
baudes	bawds
baudrie	bawdry
baudrye	bawdry
bauds	bawds
baue	have
bauen	baven
bauier	bavier
bauing	baving
bauins	bavins
bauishments	bavishments
bauked	balked
bauld	bald
bauldricke	baldric
baule	bawl
bauling	bawling
baulk	balk
baulkd	balked
baulke	balk
baulme	balm
baūliske	baunliske
bavvde	bawd
bavvds	bawds
bawble	bauble
bawde	bawd
bawdery	bawdry
bawdes	bawds
bawdie	bawdy
bawdrie	bawdry
bawdrye	bawdry
bawdy-house	bawdyhouse
bawdye	bawdy
bawle	bawl
bay'd	bayed
baye	bay
bayes	bays
bayl	bail
baylable	bailable
bayld	bailed
baylifes	bailiffs
bayliff	bailiff
bayliffe	bailiff
bayliffes	bailiffs
bayliues	baylives
bayls	bails
baynardes	baynar's
baynards	baynar's
bayt	bait
bayte	bait
bayted	baited
baytes	baits
bayting	baiting
baytinge	baiting
bayts	baits
bānysh	bamnysh
bcame	became
bcause	because
be'lock'd	be'locked
be'reveng'd	be'revenged
be-dew	bedew
be-fallen	befallen
be-fit	befit
be-friend	befriend
be-head	behead
be-hugg'd	be-hugged
be-labour	belabour
be-lee'd	belee'd
be-like	belike
be-low	below
be-lye	belly
be-met	bemet
be-mete	bemete
be-monster	bemonster
be-netted	benetted
be-night	benight
be-paint	bepaint
be-reau'd	bereaved
be-shrow	beshrew
be-speak	bespeak
be-speake	bespeak
be-spoake	bespoke
be-thought	bethought
be-tumbled	betumbled
beades	beads
beades-man	beadsman
beadesman	beadsman
beads-man	beadsman
beads-men	beadsmen
beake	beak
beakes	beaks
beale	beal
beam'd	beamed
beame	beam
beames	beams
beamie	beamy
beane	bean
beane-floure	bean-flower
beanes	beans
bear'd	beared
bear'st	bearest
bear-baiting	bearbaiting
bear-herd	bearward
bear-ward	bearward
bear-whelpe	bear-whelp
bearde	beard
beardes	beards
beardles	beardless
beardlesse	beardless
beare	bear
beare's	bear's
beare-baiting	bearbaiting
beare-bayting	bearbaiting
beare-dogges	bear-dogs
beare-garden	bear-garden
beare-leech	bear-leech
beare-like	bear-like
beare-riches	bear-riches
beare-skin	bearskin
beare-ward	bearward
beare-wards	bear-wards
beare-whelp	bear-whelp
beare-whelpe	bear-whelp
beares	bears
beareward	bearward
bearē	bearen
bearinge	bearing
bearst	bearest
bearth	berth
bearyng	bearing
bearynge	bearing
beaste	beast
beastes	beasts
beastiall	bestial
beastlinesse	beastliness
beastlye	beastly
beat'st	beatest
beate	beat
beateous	beauteous
beaters	beater
beates	beats
beateth	beats
beateuous	beatevous
beatē	beaten
beauen	beaven
beauer	beaver
beauer-hat	beaver-hat
beaueries	beaveries
beauers	beavers
beaute	beauty
beauti's	beauty's
beautie	beauty
beautie's	beauty's
beautifi'd	beautified
beautifide	beautified
beautifie	beautify
beautifull	beautiful
beautious	beauteous
beautiously	beauteously
beautuous	beauteous
beautye	beauty
beautyes	beauties
beauy	beavy
beavfort	beaufort
beavmont	beaumont
beavtie	beautie
beavty	beauty
beawtie	beauty
beawty	beauty
bebraue	bebrave
becalm'd	becalmed
becalme	becalm
becalmes	becalms
becam'st	becamest
becaptiue	becaptive
becaus	because
beccare	bacare
beck'ned	beckoned
becke	beck
becken	beckon
becken'd	beckoned
beckens	beckons
beckes	becks
beckned	beckoned
beckning	beckoning
becom	become
becom'st	becomest
becomd	becomed
becomme	become
becommen	becomen
becommes	becomes
becommest	becomest
becommeth	becomes
becomming	becoming
becommingly	becomingly
becommynge	becoming
becoms	becomes
becomst	becomest
becōmes	becomes
becōmeth	becomes
bed'lem	bedlam
bed-chamber	bedchamber
bed-chambers	bedchambers
bed-clothes	bedclothes
bed-fellow	bedfellow
bed-fellowes	bedfellows
bed-fellows	bedfellows
bed-felow	bedfellow
bed-lam	bedlam
bed-post	bedpost
bed-posts	bedposts
bed-priuacies	bed-privacies
bed-red	bedrid
bed-rid	bedrid
bed-ridden	bedridden
bed-roll	bedroll
bed-room	bedroom
bed-roome	bedroom
bed-side	bedside
bed-staff	bedstaff
bed-staffe	bedstaff
bed-staues	bed-staves
bed-stead	bedstead
bed-steads	bedsteads
bed-steds	bedsteds
bed-straw	bedstraw
bed-time	bedtime
bed-ward	bedward
bedasht	bedashed
bedd	bed
bedde	bed
beddes	beds
bedds	beds
bedecke	bedeck
bedeckt	bedecked
bedes	beds
bedew'd	bedewed
bedewd	bedewed
bedewe	bedew
bedewes	bedews
bedfellowes	bedfellows
bedfelow	bedfellow
bedimme	bedim
bedlame	bedlam
bedlem	bedlam
bedred	bedrid
bedstaffe	bedstaff
bedw'd	bedwed
bee'st	be'st
bee't	be't
beecause	because
beech-coale	beech-coal
beecome	become
beecommeth	becometh
beef-buttock'd	beef-buttocked
beefe	beef
beefe-pots	beef-pots
beefes	beefs
beefore	before
beehiues	beehives
beehold	behold
beehoue	beehove
beeing	being
beeioynd	beejoind
beeleue	beeleve
beene	been
beere	beer
beere's	beer's
beere-bellied	beer-bellied
beereceiued	beereceived
beesides	besides
beetes	beets
beetle-brow'd	beetle-browed
beetle-browes	beetle-brows
beetle-head	beetlehead
beetle-headed	beetleheaded
beetweene	between
beeue	beeve
beeues	beeves
beeyng	being
befal	befall
befall'n	befallen
befaln	befallen
befalne	befallen
befel	befell
befides	besides
befitt's	befit's
befittes	befits
befool'd	befooled
befor	before
beforc'd	beforced
before-hand	beforehand
before-time	beforetime
beforne	before
beg'd	begged
began'st	begannest
beganne	began
begate	begat
begatte	begat
begā	began
begd	begged
begde	begged
beget'st	begettest
begetts	begets
begg	beg
begg'd	begged
begg'st	beggest
beggar'd	beggared
beggarie	beggary
begge	beg
begger	beggar
begger'd	beggared
begger's	beggar's
begger-woman	beggar-woman
beggerd	beggared
beggerie	beggary
beggeries	beggaries
beggerlie	beggarly
beggerly	beggarly
beggers	beggars
beggers-dishe	beggars-dish
beggery	beggary
beggerye	beggary
begges	begs
beggrie	beggary
beggry	beggary
beggs	begs
beggynge	begging
begile	beguile
begiled	beguiled
begin'st	beginnest
begine	begin
begines	begins
beging	begging
begining	beginning
beginn	begin
beginn's	begin's
beginn'st	beginnest
beginne	begin
beginnes	begins
beginneth	begins
beginninges	beginnings
beginns	begins
beginst	beginnest
begon	begun
begonne	begun
begoon	begone
begote	begot
begotte	begotten
begōne	begun
begst	beggest
beguil	beguile
beguil'd	beguiled
beguild	beguiled
beguilde	beguiled
beguirt	begirt
begune	begun
begunne	begun
beguyle	beguile
beguyled	beguiled
beguyles	beguiles
beguyling	beguiling
begyle	beguile
begyled	beguiled
begyn	begin
begyngs	beggings
begyning	beginning
begynne	begin
begynneth	beginneth
begynnynge	beginning
begyns	begins
behalfe	behalf
behalfes	behalfs
behau'd	behaved
behaue	behave
behaue'em	behave'em
behaued	behaved
behaueor	behaveor
behaueour	behaviour
behauer	behaver
behaues	behaves
behauior	behaviour
behauiors	behaviours
behauiour	behaviour
behauioure	behaviour
behauiours	behaviours
behauour	behaviour
behauyour	behavyour
behav'd	behaved
behav'st	behavest
behavedst	behavedest
behavior	behaviour
behaviors	behaviours
behavour	behaviour
beheadded	beheaded
beheastes	behests
behel'd	beheled
behelde	beheld
beheste	behest
beheue	beheve
behind-hand	behindhand
behinde	behind
behold'st	beholdest
beholde	behold
beholdes	beholds
beholdē	beholden
beholdingnes	beholdings
beholdingnesse	beholdingness
beholdst	beholdest
beholdyng	beholding
beholdynge	beholding
behoofe	behoof
behooue	behove
behooues	behoves
behoovefull	behooveful
behoue	behove
behoued	behoved
behoues	behoves
behoueth	behooveth
behould	behold
behoulde	behold
behynd	behind
behynde	behind
beinge	being
bekiss'd	bekissed
bel	bael
bel-frie	belfry
belaied	belayed
belceue	belceve
belch'd	belched
belch't	belched
belche	belch
belcheth	belches
belcht	belched
belchyng	belching
belchynge	belching
beleager	beleaguer
beleager'd	beleaguered
beleagred	beleaguered
beleagring	beleaguering
beleaguer'd	beleaguered
beleeeue	beleeeve
beleef	belief
beleefe	belief
beleeu'd	believed
beleeu'st	believest
beleeud	believed
beleeue	believe
beleeue't	beleeve't
beleeued	believed
beleeuer	believer
beleeuers	believers
beleeues	believes
beleeuest	believest
beleeuē	beleeven
beleeuing	believing
beleev	believe
beleev'd	believed
beleev't	beleeu't
beleevd	believed
beleeve	believe
beleeved	believed
beleeves	believes
beleevest	believest
beleeving	believing
beleife	belief
beleiue	believe
beleiuing	believing
beleiv'd	believed
beleive	believe
beleiving	believing
beleue	believe
beleued	believed
beleues	believes
beleueth	believeth
beleuied	belevied
beleve	believe
belfrie	belfry
belgards	belgard's
belgicke	belgic
belgique	belgic
beli'd	belied
beliefe	belief
beliefe's	belief's
beliefes	beliefs
belieu'd	believed
belieue	believe
belieued	believed
belieues	believes
belieuing	believing
believ'd	believed
believ'st	believest
believ't	believed
believd	believed
beliuing	believing
belive	believe
bell-man	bellman
bell-ringers	bellringers
bell-wether	bellwether
bellamente	bellament
bellamōt	bellamont
bellemente	bellement
belles	bells
bellie	belly
bellie's	belly's
bellie-full	bellyful
bellow'd	bellowed
bellowes	bellows
bellowes-mender	bellows-mender
bellsauage	bellsavage
belly'd	bellied
belly-ake	belly-ache
belly-cheare	bellycheer
belly-cheere	belly-cheer
belly-full	bellyful
belly-gods	bellygods
belly-steru'd	belly-sterued
bellye	belly
bellyed	bellied
bellyes	bellies
bellyfull	bellyful
belong'd	belonged
belongd	belonged
belonge	belong
belonges	belongs
belongth	belongeth
beloou'd	beloved
belou'd	beloved
beloud	beloved
beloue	belove
beloued	beloved
belouen	beloven
belouers	belovers
beloues	beloves
belov'd	beloved
belovv	below
below'd	belowed
belowe	below
belowing	bellowing
bels	bells
bely	belly
bely'd	belied
belyde	belied
belye	belie
belyed	belied
belyes	belies
belyke	belike
beléeue	believe
beléeued	believed
beme	beam
bemon'd	bemoaned
bemone	bemoan
bemoning	bemoaning
bemonster'd	bemonstered
bench'd	benched
benche	bench
bende	bend
bendes	bends
bendyd	bended
bendyng	bending
beneathe	beneath
benedictione	benediction
benefic'd	beneficed
beneficiall	beneficial
benefie'd	benefieed
benefite	benefit
benefites	benefits
benefyte	benefit
benefytes	benefits
beneth	beneath
beneuenius	benevenius
beneuento	benevento
beneuolence	benevolence
beneuolences	benevolences
beng	being
benifice	benefice
benificence	beneficence
benifices	benefices
benifit	benefit
benigne	benign
benignitie	benignity
beniuemus	benivemus
benouemius	benovemius
bent-browes	bent-brows
bente	bent
bentiuoli	bentivoli
bentiuolio	bentivolio
benum'd	benumbed
benumb'd	benumbed
benumbd	benumbed
benumm'd	benumbed
benummed	benumbed
benumming	benumbing
beny'd	benyed
benygne	benign
benyuolence	benyvolence
benyuolouse	benyvolouse
bepist	bepissed
bequeath'd	bequeathed
bequeathd	bequeathed
bequeathe	bequeath
bequeaths	bequeathes
bequethed	bequeathed
ber	boer
berai'd	berayed
beraye	beray
berayes	berays
berd	beard
bere	bear
bereau'd	bereft
bereau'n	bereaven
bereaue	bereave
bereaued	bereft
bereauen	bereaven
bereauers	bereavers
bereaues	bereaves
bereauing	bereaving
bereeues	bereeves
berefte	bereft
berest	bereft
bereu'd	bereaved
bereue	bereave
bereued	bereaved
bereveng'd	berevenged
berie	berry
beries	berries
berime	berhyme
berladie	byr'lady
berrie	berry
berye	berry
berynge	bearing
beryue	beryve
besav'd	besaved
bescchynge	bescching
besech	beseech
beseche	beseech
beseching	beseeching
besechynge	beseeching
beseech'	beseech
beseeche	beseech
beseeg'd	besieged
beseege	besiege
beseeged	besieged
beseeke	beseek
beseem'd	beseemed
beseemd	beseemed
beseeme	beseem
beseemes	beseems
beseene	beseen
besegyng	besieging
beseiged	besieged
beseigers	besiegers
beseme	beseem
besemed	beseemed
besemes	beseems
besemeth	beseemeth
besette	beset
beshrewe	beshrew
beshrow	beshrew
besids	besides
besiedg'd	besieged
besiedge	besiege
besiedgeth	besiegeth
besieg'd	besieged
besign'd	besigned
besines	business
besitting	befitting
besmear'd	besmeared
besmeard	besmeared
besome	besom
bespake	bespoke
bespangl'd	bespangled
bespeake	bespeak
bespred	bespread
besprinckled	besprinkled
besse	bess
best-setled	best-settled
best-tempred	best-tempered
bestad	bestead
bestadde	bestead
bestayning	bestaining
bestbeloues	bestbeloves
beste	best
bestead	besteaded
bestiall	bestial
bestir'd	bestirred
bestirre	bestir
bestirres	bestirs
bestly	beastly
bestoued	bestoved
bestovv	bestow
bestovve	bestow
bestovved	bestowed
bestow'd	bestowed
bestow'st	bestowest
bestowd	bestowed
bestowde	bestowed
bestowe	bestow
bestowes	bestows
bestowinge	bestowing
bestrew'd	bestrewed
bestur'd	bestured
besturre	bestir
bestyall	bestial
beswinge	beswing
besyde	beside
besydes	besides
besynes	business
beséech	beseech
beséeche	beseech
beséeching	beseeching
beséeke	beseek
beséeme	beseem
beséemes	beseems
beséemeth	beseemeth
beséems	beseems
beséeth	beseeth
bethank'd	bethanked
bethincke	bethink
bethinke	bethink
bethinkes	bethinks
bethrothed	betrothed
bethsabe	bethsheeba
betokenynge	betokening
betokneth	betokeneth
betooke	betook
betrai'd	betrayed
betraid	betrayed
betraide	betrayed
betraie	betray
betraied	betrayed
betraies	betrays
betray'd	betrayed
betrayd	betrayed
betrayde	betrayed
betraye	betray
betraye's	betray's
betrayes	betrays
betri'd	betried
betroath'd	betrothed
betroathed	betrothed
betroth	betrothe
betroth'd	betrothed
betroths	betrothes
bett	bet
bette	bet
better'd	bettered
better-gather'd	better-gathered
better-iudgeing	better-judging
betterd	bettered
betternesse	betterness
bettre	better
bettring	bettering
betts	bets
bettter	better
beturn'd	beturned
betvveene	between
betvven	between
betvvene	between
betvvixt	betwixt
betweene	between
betwen	between
betwene	between
betwitch'd	betwitched
betwix	betwixt
betwixte	betwixt
betwyxt	betwixt
betwéen	between
betwéene	between
betyd	betid
betyde	betide
betyded	betided
betyme	betime
betymes	betimes
beue.	beve.
beuer	beaver
beuerage	beverage
beuerley	beverley
beuerly	beverly
beuers	bevers
beuet	bevet
beuie	bevy
beuies	bevies
beuill	bevill
beuilona	bevilona
beuis	bevis
beuteous	beauteous
beutie	beauty
beuties	beauties
beutifull	beautiful
beuty	beauty
beuty's	beauty's
beuy	bevy
bev.	beu.
bevvail'd	bewailed
bevvare	beware
bevvitched	bewitched
bevvraying	bewraying
bewail'd	bewailed
bewaild	bewailed
bewaile	bewail
bewailes	bewails
bewayl'd	bewailed
bewayle	bewail
bewayled	bewailed
bewayles	bewails
bewayleth	bewaileth
bewaylyng	bewailing
beweepe	beweep
bewitch'd	bewitched
bewitch't	bewitched
bewitcheth	bewitches
bewitcht	bewitched
bewixt	betwixt
bewrai'd	bewrayed
bewraid	bewrayed
bewraide	bewrayed
bewraie	bewray
bewraied	bewrayed
bewraies	bewrays
bewrappe	bewrap
bewray'd	bewrayed
bewrayd	bewrayed
bewraye	bewray
bewrayes	betrays
bewtie	beauty
bewties	beauties
bewtiful	beautiful
bewtifull	beautiful
bewty	beauty
bewtye	beauty
beyng	being
beynge	being
beyonde	beyond
beyound	beyond
beyōd	beyond
beytynge	beyting
bē	been
bg'd	bged
bi	by
bi-fronted	bifronted
bibacvlvs	bibaculus
bibēdum	bibendum
bicause	because
bickeryng	bickering
bickrings	bickerings
bid'st	biddest
bidd	bid
bidd's	bid's
bidd'st	biddest
bidde	bid
biddeth	bids
bidds	bids
bie	bye
biere	bier
big-mouth'd	big-mouthed
big-swoln	big-swollen
big-voyc'st	big-voycest
bigamie	bigamy
bigg	big
bigg'st	biggest
bigge	big
biggesht	christ
bight	bite
bignes	bigness
bignesse	bigness
bilbow	elbow
bile	boil
bileeue	believe
biliue	believe
billes	bills
billid	billed
billings-gate	billingsgate
billowe	billow
billowes	billows
bilmen	billmen
bils	bills
bin	been
bind'st	bindest
binde	bind
bindes	binds
bindeth	binds
bindst	bindest
bings	beings
binne	been
birch-wood	birchwood
bird-cage	birdcage
bird-catcher	birdcatcher
bird-ey'd	bird-eyed
bird-lime	birdlime
birde	bird
birde-bolt	bird-bolt
birdes	birds
birds-skinnes	birds-skins
birladie	byr'lady
birlady	byr'lady
birth-day	birthday
birth-dayes	birthdays
birth-place	birthplace
birth-right	birthright
birth-rights	birthrights
birthe	birth
birthes	births
birthrighte	birthright
birthrightes	birthrights
bishopp	bishop
bishoppe	bishop
bishoppes	bishops
bishoppricke	bishopric
bishoprick	bishopric
bishopricke	bishopric
bishopricks	bishoprics
bishops-gate	bishopsgate
bisides	besides
bisket	biscuit
biskets	biscuits
bisshoppes	bishops
bit'st	bitest
bitche	bitch
bitt	bit
bitte	bit
bitterlie	bitterly
bitternes	bitterness
bitternesse	bitterness
bitterst	bitterest
bittest	bitest
biued	bived
bla	blame
blab'd	blabbed
blabb'd	blabbed
blabbe	blab
black'st	blackest
black't	blacked
black-amoores	blackamoors
black-berries	blackberries
black-bird	blackbird
black-birds	blackbirds
black-brow'd	black-browed
black-browes	black-brows
black-ey'd	black-eyed
black-friars	blackfriars
black-guard	blackguard
black-hair'd	black-haired
black-lidded	blacklidded
black-moore	blackamoor
black-moores	blackmoors
black-mores	blackamoors
black-smith	blacksmith
black-thorne	blackthorn
black-tyed	black-tied
black-veluet	black-velvet
black-water	blackwater
black-will	blackwill
blackamoore	blackamoor
blackamoores	blackamoors
blackamore	blackamoor
blacke	black
blacke-beard	black-beard
blacke-bird	blackbird
blacke-birds	blackbirds
blacke-brow'd	black-browed
blacke-browd	black-browed
blacke-guarde	blackguard
blacke-mouth'd	black-mouthed
blacke-mouthed	black-mouthed
blacke-soules	black-souls
blacke-stuffe	black-stuff
blacke-thorne	blackthorn
blackebirds	blackbirds
blackenes	blackens
blackenesse	blackness
blackes	blacks
blackingmē	blackingmen
blacknes	blackness
blackt	blacked
blackysh	blackish
blake	black
blam	blame
blam'd	blamed
blamd	blamed
blamde	blamed
blameles	blameless
blamelesse	blameless
blanch'd	blanched
blanch't	blanched
blanche	blanch
blancht	blanched
blanck	blank
blancke	blank
blanckes	blanks
blancket	blanket
blancks	blanks
blandishyng	blandishing
blank'd	blanked
blanke	blank
blanke-verse	blank-verse
blankes	blanks
blanketted	blanketed
blanketting	blanketing
blanquet	blanket
blanquets	blankets
blaryng	blaring
blase	blaze
blased	blazed
blasing	blazing
blasing-star	blazing-star
blason	blazon
blaspheam'd	blasphemed
blaspheamd	blasphemed
blaspheame	blaspheme
blasphem'd	blasphemed
blasphemie	blasphemy
blasphemyes	blasphemies
blaspheuies	blasphevies
blaste	blast
blastes	blasts
blastyng	blasting
blasyng	blazing
blasynge	blazing
blasynges	blasings
blayne	blain
blaz'd	blazed
blazd	blazed
blazinge	blazing
blazon'st	blazonest
blāe	blame
ble	••••••ble
ble'st	blessed
bleake	bleak
bleamishe	blemish
blear'd	bleared
blear-ey'd	blear-eyed
bleard	bleared
bleare	blear
bleare-ei'd	blear-eyed
bleare-eyed	blear-eyed
bleare-witted	blear-witted
bleares	blears
bleate	bleat
bleateing	bleating
bleates	bleats
bleayng	bleaing
bleding	bleeding
bledyng	bleeding
bleed'st	bleedest
bleede	bleed
bleedes	bleeds
bleedeth	bleeds
bleedyng	bleeding
bleere	blear
bleeue	bleeve
blemish'd	blemished
blemishe	blemish
blemisht	blemished
blemmish	blemish
blemysh	blemish
blent	blended
bles'd	blessed
bles't	blessed
bless'd	blessed
bless't	blessed
blessd	blessed
blesse	bless
blessed'st	blessedest
blessednes	blessedness
blessednesse	blessedness
blessedst	blessedest
blessinge	blessing
blessyd	blessed
blessyng	blessing
blessynge	blessing
blessynges	blessings
blew'st	blewest
blew-coate	bluecoat
blew-coates	blue-coats
blew-coats	blue-coats
blew-ey'd	blue-eyed
blewe	blew
blewes	blews
blin	blind
blind-fold	blindfold
blind-folds	blindfolds
blind-folkes	blind-folks
blind-man	blindman
blinde	blind
blinde-fold	blindfold
blindely	blindly
blindes	blinds
blindnes	blindness
blindnesse	blindness
blink-ei'd	blink-eied
blinke	blink
blis	bliss
blisfull	blissful
blisse	bliss
blissefull	blissful
blissfull	blissful
blist	blessed
blister'd	blistered
blistred	blistered
blith	blithe
blithly	blithely
bloate	bloat
block'd	blocked
block-head	blockhead
block-headly	blockheadly
block-heads	blockheads
blocke	block
blocke-head	blockhead
blocke-house	blockhouse
blockes	blocks
blockishnes	blockishness
blockt	blocked
blod	blood
blode	blood
blodie	bloody
blodshed	bloodshed
blody	bloody
blodye	bloody
blood-besmeard	blood-besmeared
blood-guiltiness	bloodguiltiness
blood-hound	bloodhound
blood-hounds	bloodhounds
blood-lesse	bloodless
blood-royall	blood-royal
blood-shed	bloodshed
blood-shot	bloodshot
blood-stain'd	bloodstained
blood-staind	bloodstained
blood-stayn'd	blood-stayned
blood-sucker	bloodsucker
blood-suckers	bloodsuckers
blood-sucking	bloodsucking
blood-thirstie	bloodthirsty
blood-thirsting	bloodthirsting
blood-thirsty	bloodthirsty
blood-true-honour'd	blood-true-honoured
blooddie	bloody
blooddy	bloody
blooddye	bloody
bloode	blood
bloodely	bloodily
bloodes	bloods
bloodhounde	bloodhound
bloodie	bloody
bloodie-bones	bloodybones
bloodles	bloodless
bloodlesse	bloodless
bloody-sceptered	bloody-sceptred
bloodye	bloody
bloom'd	bloomed
bloomd	bloomed
bloome	bloom
bloomes	blooms
blossome	blossom
blossomes	blossoms
blott	blot
blotteth	blots
bloud	blood
bloud's	blood's
bloud-full	blood-full
bloud-guiltiness	bloodguiltiness
bloud-hasty	blood-hasty
bloud-hound	bloodhound
bloud-hounds	bloodhounds
bloud-letting	bloodletting
bloud-shed	bloodshed
bloud-shot	bloodshot
bloud-shotten	bloodshotten
bloud-shrunck	blood-shrunk
bloud-shut	blood-shut
bloud-stone	bloodstone
bloud-sucker	bloodsucker
bloud-suckers	bloodsuckers
bloud-thirstie	bloodthirsty
bloud-thirsty	bloodthirsty
bloudded	blooded
blouddie	bloody
blouddy	bloody
bloude	blood
blouded	blooded
bloudes	bloods
bloudhound	bloodhound
bloudie	bloody
bloudied	bloodied
bloudiest	bloodiest
bloudily	bloodily
bloudlesse	bloodless
blouds	bloods
bloudshed	bloodshed
bloudy	bloody
bloudy-bones	bloodybones
bloudy-minded	bloody-minded
blovd	bloud
blovv	blow
blovvne	blown
blow'st	blowest
blow-point	blowpoint
blow-up	blowup
blowe	blow
blowen	blown
blowes	blows
bloweth	blows
blowinge	blowing
blowne	blown
blowst	blowest
blowynge	blowing
blowze	blouse
blubberd	blubbered
blubberyng	blubbering
blubbred	blubbered
blubbring	blubbering
blud	blood
bluddy	bloody
blude	blood
bludy	bloody
blue-bottle	bluebottle
blue-ey'd	blue-eyed
bluenesse	blueness
bluntlie	bluntly
bluntnes	bluntness
bluntnesse	bluntness
blur'd	blurred
blurre	blur
blush'd	blushed
blush-colour'd	blush-coloured
blushd	blushed
blushe	blush
blushles	blushless
blushlesse	blushless
blusht	blushed
blusshyng	blushing
bluster'd	blustered
blusterynge	blustering
blustring	blustering
blustrous	blusterous
blustryng	blustering
bluysh	bluish
blvnt	blunt
blvrt	blurt
blynd	blind
blynde	blind
blynded	blinded
blyndes	blinds
blyndly	blindly
blyndnes	blindness
blys	bliss
blysse	bliss
blyssing	blessing
blyth	blithe
blythe	blithe
bléed	bleed
bléede	bleed
bléedes	bleeds
bléeding	bleeding
bléeue	bléeve
bnciuil	bncivil
bnt	but
bo-peep	bopeep
bo-peepe	bopeep
boa	boam
boad'st	boadest
boading	boding
boads	bodes
boanes	bones
boar'd	bored
boarde	board
boardes	boards
boare	boar
boare-speares	boar-spears
boared	bored
boares	boars
boaste	boast
boasters	boaster's
boastes	boasts
boasteth	boasts
boat-swain	boatswain
boat-swaine	boatswain
boate	boat
boate-hire	boat-hire
boates	boats
boatswaine	boatswain
boatswaines	boatswains
boatswaynes	boatswains
boawle	bowl
bob'd	bobbed
bob-tails	bobtails
bob-tayl'd	bobtailed
bobb'd	bobbed
bobbe	bob
bobbyng	bobbing
boddy	body
bodely	bodily
bodi	body
bodi's	body's
bodie	body
bodie's	body's
bodilesse	bodiless
bodilie	bodily
bodly	bodily
body'd	bodied
bodye	body
bodyed	bodied
bodyes	bodies
bodys	bodies
boeth	both
bogg'd	bogged
bogge	bog
bogges	bogs
boggie	boggy
bogling	boggling
boie	boy
boies	boys
boil'd	boiled
boild	boiled
boile	boil
boiles	boils
boist'rous	boisterous
boistrous	boisterous
boistrously	boisterously
boke	book
bokes	books
bolanvs	bolanus
bold'st	boldest
bold-fac'd	boldfaced
bold-faced	boldfaced
bolde	bold
boldely	boldly
boldelye	boldly
boldenes	bolden
boldenesse	boldness
boldlie	boldly
boldned	boldened
boldnes	boldness
boldnesse	boldness
boll'n	bollen
bolstred	bolstered
bolstring	bolstering
boltes	bolts
bolts-head	bolthead
bombaste	bombast
bomination	abomination
bon'd	boned
bon-fier	bonfire
bon-fire	bonfire
bonauentura	bonaventura
bonauenture	bonaventure
bonauentures	bonaventures
bonavs.	bonaus.
bond-man	bondman
bond-mans	bondmans
bond-men	bondmen
bond-mens	bondmen's
bond-slaue	bondslave
bond-slaues	bondslaves
bond-slave	bondslave
bond-slaves	bondslaves
bond-woman	bondwoman
bond-women	bondwomen
bondag'd	bondaged
bonde	bond
bondes	bonds
bondewoman	bondwoman
bondslaue	bondslave
bondslaues	bondslaves
bone-ache	boneache
bone-fiers	bonfires
bone-fire	bonfire
bone-fires	bonfires
bone-setter	bonesetter
bonefiers	bonfires
bonefire	bonfire
bonefires	bonfires
bonet	bonnet
bonie	bony
bonnie	bonny
bonv.	bonu.
book-men	bookmen
book-sellers	booksellers
book-wormes	bookworms
booke	book
booke's	book's
booke-binders	bookbinders
booke-case	bookcase
booke-cases	bookcases
booke-holder	book-holder
booke-keeper	bookkeeper
booke-man	bookman
booke-men	bookmen
booke-sellers	booksellers
booke-worme	bookworm
booke-worms	bookworms
bookemen	bookmen
bookes	books
bookt	booked
boone	boon
boones	bones
boord	board
boorde	board
boorded	boarded
boorders	borders
boordes	boards
boords	boards
boore	boor
boores	boors
boosome	bosom
boot-haleing	boot-haling
boot-hose	boothose
boote	boot
bootelesse	bootless
bootes	boots
booteth	boots
boothes	booths
bootie	booty
bootles	bootless
bootlesse	bootless
bootye	booty
bor	bour
bor'd	bored
bor'st	borest
borage	bourage
bord	board
borde	board
borded	boarded
bordes	boards
bordring	bordering
bords	boards
bore-speares	bore-spears
borow	borrow
borow'd	borrowed
borowe	borrow
borowed	borrowed
borrovv	borrow
borrow'd	borrowed
borrow'dst	borrowedest
borrowd	borrowed
borrowe	borrow
borrowes	borrows
boskos	bosko
bosom'd	bosomed
bosome	bosom
bosome's	bosom's
bosome-friend	bosom-friend
bosome-partner	bosom-partner
bosomes	bosoms
bosse	boss
bosses	boss's
bost	boast
boste	boast
bosted	boasted
bosteth	boasteth
bosting	boasting
botche	botch
botcherly	butcherly
botchers	butchers
bote	boat
botes	boats
boteswaine	boatswain
bothe	both
bother's	bother
boties	booties
botome	bottom
bottell	bottle
bottells	bottles
bottels	bottles
bottle-head	bottlehead
bottle-man	bottleman
bottle-nos'd	bottle-nosed
bottome	bottom
bottomes	bottoms
bottomles	bottomless
bottomlesse	bottomless
botton	bottom
bottō	bottom
bottōlesse	bottonlesse
boualdo	bovaldo
boue	above
boues	boves
boughe	bough
boughes	boughs
boughte	bought
boughtst	boughtest
bouiface	boviface
bouillae	bovillae
bould	bold
boulde	bold
bouldly	boldly
bouldnesse	boldness
boule	boul
boules	bouls
boulfouer	boulfover
boulsouer	boulsover
boulster	bolster
boulsters	bolsters
boulted	bolted
boults	bolts
bounce'	bounce
bouncyng	bouncing
bounde	bound
boundes	bounds
boundles	boundless
boundlesly	boundlessly
boundlesse	boundless
bounsing	bouncing
bounst	bounced
bounteouse	bounteous
bounteousnesse	bounteousness
bountie	bounty
bountiful'st	bountifulest
bountifull	bountiful
bountious	bounteous
bountye	bounty
bouoli	bovoli
bour'd	boured
bourd	board
bourdeaux	bordeaux
bourdes	bourds
boure	bower
bourgers	burghers
boute	bout
bouud	bowed
bouy	bovy
bouy'd	bovyed
boūd	bound
boūds	bounds
boūtie	bounty
boūtious	bounteous
boūty	bounty
bov'e	bou'e
bove	above
bovlevtes	bouleutes
bovv	bow
bovve	bow
bovvers	bowers
bovves	bowes
bovvnd	bound
bovvrds	bowrds
bovvre	bower
bow'd	bowed
bow-men	bowmen
bow-string	bowstring
bow-strings	bowstrings
bowd	bowed
bowe	bow
bowe's	bow's
bowe-string	bowstring
bowell	bowel
bowelles	bowels
bowells	bowels
bowes	bows
bowl'd	bowled
bowld	bowled
bowle	bowl
bowle-allyes	bowl-allies
bowles	bowls
bowling-alleyes	bowling-alleys
bown'd	bowned
bownd	bound
bownde	bound
bownds	bounds
bowr	bower
bowre	bower
bowres	bowers
bowrs	bowers
box'd	boxed
box-trees	boxtrees
boxe	box
boy'd	boyed
boye	boy
boye's	boy's
boyes	boys
boyl	boil
boyl'd	boiled
boyld	boiled
boyle	boil
boyled	boiled
boyler	boiler
boyles	boils
boyleth	boileth
boyling	boiling
boylinge	boiling
boyls	boils
boylyng	boiling
boylynge	boiling
boyst	boist
boysterous	boisterous
boystous	boistous
boystrous	boisterous
boystrus	boisterous
bozome	bosom
brable	brabble
brabled	brabbled
brabling	brabbling
brac'd	braced
brace-lets	bracelets
brache	branch
braches	branches
brackes	bracks
brackishe	brackish
brag'd	bragged
bragart	braggart
bragg	brag
bragg'd	bragged
braggards	braggarts
bragge	brag
bragges	brags
braggyng	bragging
braging	bragging
braide	braid
brain'd	brained
brain-sick	brainsick
brain-sicke	brainsick
braind	brained
braine	brain
braine's	brain's
braine-caught	brain-caught
braine-lesse	brainless
braine-pan	brainpan
braine-panne	brainpan
braine-pannes	brain-pans
braine-sicke	brainsick
braine-trickes	brain-tricks
brainelesse	brainless
braines	brains
brainles	brainless
brainlesse	brainless
brainsicke	brainsick
bran'd	braned
branch'd	branched
branch't	branched
branche	branch
branchie	branchy
brancht	branched
brande	brand
brandes	brands
brandish'd	brandished
brandish't	brandished
brandishe	brandish
brandisht	brandished
brandst	brandest
brandy-wine	brandywine
branne	bran
brasen	brazen
brasse	brass
brasse-bullets	brass-bullets
brasse-head	brass-head
brasse-visag'd	brass-visaged
brassie	brassy
brast	braced
bratt	brat
bratte	brat
bratts	bats
brau'd	braved
brau'rie	bravery
brau'st	bravest
brauado	bravado
braue	brave
braue-attir'd	brave-attired
braue-attirde	brave-attirde
braue-fellowes	brave-fellows
braued	braved
braueiy	braveiy
brauelie	bravely
brauelier	bravelier
braueliest	braveliest
brauely	bravely
brauelye	bravely
brauer	braver
brauerie	bravery
braueries	braveries
brauery	bravery
brauerye	bravery
braues	braves
brauest	bravest
brauetie	bravetie
brauing	braving
brauling	brawling
braunch	branch
braunche	branch
braunched	branched
braunches	branches
brauncht	branched
brauny	brawny
brauo	bravo
brauoes	bravoes
braūche	branch
braūches	branches
brav'd	braved
bravd	braved
bravde	braude
bravelie	bravely
braverie	bravery
bravos	bravoes
brawle	brawl
brawles	brawls
brawn-fall'n	brawn-fallen
brawn-falne	brawn-fallen
brawne	brawn
brawne-falne	brawn-fallen
brawnes	brawns
brawnie	brawny
bray'd	brayed
brayd	brayed
brayded	braided
braye	bray
brayes	brays
brayle	brail
brayne	brain
brayne-child	brain-child
brayne-hardie	brain-hardy
brayne-pan	brainpan
brayned	brained
braynes	brains
brayns	brains
braynsicke	brainsick
brazen-face	brazenface
brazen-faced	brazenfaced
brāches	branches
breache	breach
breade	bread
breadeth	breedeth
breadyng	breading
break'st	breakest
break-fast	breakfast
break-fasts	breakfasts
break-neck	breakneck
breake	break
breake's	break's
breake-fast	breakfast
breake-fasts	breakfasts
breakefast	breakfast
breakefasts	breakfasts
breakes	breaks
breakē	breaken
breakst	breakest
breakyng	breaking
breakynge	breaking
breast-plate	breastplate
breast-plates	breastplates
breastes	breasts
breatch	breach
breath'd	breathed
breath'st	breathest
breathd	breathed
breathde	breathed
breathie	breathy
breathles	breathless
breathlesse	breathless
breaths	breathes
breathyng	breathing
bredd	bred
bredde	bred
brede	breed
breder	breeder
breding	breeding
bredth	breadth
bredyng	breeding
breech'd	breeched
breech-lesse	breechless
breeche	breech
breechs	breeches
breed-groome	breed-groom
breede	breed
breedes	breeds
breedinge	breeding
breef	brief
breefe	brief
breefly	briefly
brees	breeze
breese	breeze
breetch	breech
breethren	brethren
breff	brief
brefly	briefly
breif	brief
breife	brief
breifly	briefly
breke	break
brekynge	breaking
brest	breast
brest-plates	breastplates
breste	breast
brested	breasted
brestes	breasts
brestplate	breastplate
brests	breasts
breth	breath
brethe	brethren
bretheren	brethren
brethern	brother
bretherne	brethren
bretherns	brethrens
brethre	brethren
brethrens	brothers'
brethrē	brothers
brethyng	breathing
breuelye	brevelye
breuiates	breviates
breuiating	breviating
breuitie	brevity
brevitie	brevity
brew'd	brewed
brew-house	brewhouse
brewd	brewed
brewynge	brewing
breyfe	brief
brēake's	brenake's
briarevs	briareus
briars	briers
brib'd	bribed
bribd	bribed
bribed-buck	bribe-bucked
briberie	bribery
bribyng	bribing
brick-bats	brickbats
brick-wall	brickwall
bricke	brick
bricke-bats	brickbats
bricke-house	brick-house
bricke-kills	brick-kills
brickes	bricks
bridale	bridal
bridall	bridal
bridall-mights	bridal-mights
bridall-night	bridal-night
bridalls	bridals
bride-ale	brideale
bride-bed	bridebed
bride-bowle	bride-bowl
bride-chamber	bridechamber
bride-cup	bridecup
bride-grome	bridegroom
bride-groom	bridegroom
bride-groome	bridegroom
bride-grooms	bridegrooms
bride-house	bridehouse
bride-wel	bridewell
bride-well	bridewell
bridegrome	bridegroom
bridegromes	bridegroom's
bridegroome	bridegroom
bridegroome's	bridegroom's
bridegroomes	bridegrooms
brideleth	bridleth
brideling	bridling
bridewels	bridewells
bridg	bridge
bridgrome	bridegroom
bridgroom	bridegroom
briefe	brief
briefely	briefly
brieflie	briefly
briggandines	brigandines
bright-ey'd	bright-eyed
bright-scour'd	bright-scoured
brighte	bright
brightlie	brightly
brightned	brightened
brightnes	brightness
brightnesse	brightness
brim'd	brimmed
brim-full	brimful
brimfull	brimful
brimm'd	brimmed
brimme	brim
brimmes	brims
brincke	brink
brincks	brinks
briney	briny
bring'st	bringest
bringe	bring
bringes	brings
bringst	bringest
bringyng	bringing
brinie	briny
brinke	brink
briske	brisk
briskes	brisks
brisle	bristle
brisled	bristled
bristle-poynted	bristle-pointed
bristovv	bristow
bristow's	bristol's
brit	briȝt
britanniarvm	britanniarum
britannicvs	britannicus
brittaines	britons
brittaines-burse	britons-burse
brittish	british
brittons	britons
broach'd	broached
broacht	broached
broad-seales	broad-seals
broad-side	broadside
broad-sides	broadsides
broade	broad
broade-cloth	broadcloth
broak	broke
broake	broke
broaken	broken
broakers	brokers
broath	broth
broaths	broths
broch	broach
broching	broaching
brod	broad
brode	broad
broder	brother
brodred	broidered
broght	brought
brograue	brograve
broidred	broidered
broil'd	broiled
broild	broiled
broile	broil
broiles	broils
brok'd	broked
brok'st	brokest
broke-wing'd	broke-winged
broken-meate	broken-meat
broken-shind	broken-shined
brokē	broken
brom	broom
brond	brand
bronds	brands
brood'st	broodest
broode	brood
broodes	broods
broods	brood's
brook'd	brooked
brooke	brook
brookes	brooks
brookt	brooked
broome-maid	broom-maid
broome-man	broom-man
broome-mans	broom-mans
broomes	brooms
broosed	bruised
brothell	brothel
brothelrie	brothelry
brother-hood	brotherhood
brother-like	brotherlike
brotherhoode	brotherhood
brotherlesse	brotherless
brothes	broths
brough	borough
brought'st	broughtest
broughte	brought
broughtst	broughtest
brouht	brought
brovghtons	broughtons
brovvne	brown
brow'd	browed
browe	brow
browes	brows
brown-hair'd	brown-haired
browne	brown
browne-bay	brown-bay
browne-bill	brown-bill
brownisticall	brownistical
broyde	broid
broyded	broided
broyl'd	broiled
broyld	broiled
broyle	broil
broyled	broiled
broyles	broils
broyling	broiling
broyls	broils
broylyng	broiling
bruis'd	bruised
bruisde	bruised
bruite	bruit
bruitish	brutish
bruiz'd	bruised
bruize	bruise
bruizes	bruises
brumall	brumal
brus'd	bruised
brusd	bruised
brusde	bruised
bruse	bruise
brused	bruised
bruses	bruises
brush'd	brushed
brusheth	brushes
brusht	brushed
brusing	bruising
brust	burst
brusyng	bruising
bruted	bruited
brutes	brutus's
brutishe	brutish
brutysh	brutish
brutyshe	brutish
bruz'd	bruised
bruze	bruise
bruzed	bruised
bruzing	bruising
brvnhalt	brunhalt
brvtvs	brutus
bryar	briar
bryars	briars
brybe	bribe
brybes	bribes
brybyng	bribing
bryde	bride
brydebed	bridebed
brydeled	bridled
brydell	bridle
brydels	bridles
brydes	brides
brydle	bridle
brydled	bridled
bryers	briers
bryght	bright
bryghte	bright
brym	brim
bryms	brims
brymstone	brimstone
bryng	bring
brynge	bring
brynges	brings
bryngeth	bringeth
brynging	bringing
bryngs	brings
bryngynge	bringing
brynke	brink
bréeches	breeches
bréed	breed
bréede	breed
bréedes	breeds
bréedeth	breedeth
bréeds	breeds
bu	but
buble	bubble
bubles	bubbles
bubleth	bubbleth
bubling	bubbling
bublyng	bubbling
buchers	butchers
bucke	buck
buckeram	buckram
buckes	bucks
buckl'd	buckled
bucolicks	bucolics
budd	bud
budde	bud
buddes	buds
buddinge	budding
budds	buds
buddyng	budding
budge-row	budgerow
budgettes	budgets
bue	bve
buena	bvena
buff-coat	buffcoat
buff-ierkin	buff-jerkin
buffe	buff
buffe-doublet	buff-doublet
buffe-ierkin	buff-jerkin
buffe-jerkin	buff-jerkin
buffes	buffs
buffettings	buffetings
buffonry	buffoonery
buffoone	buffoon
bufiness	business
bug-bear	bugbear
bug-beare	bugbear
bug-beares	bugbears
bug-bears	bugbears
bugbeare	bugbear
bugbeares	bugbears
bugge	bug
bugge-beare	bugbear
bugges	bugs
buggs	bugs
bui'd	bvied
bui'st	bviest
buidldings	bvidldings
buie	buy
buies	buys
builde	build
builders	bvilders
buildes	builds
building's	bvilding's
buildst	buildest
builte	built
buisie	busy
buisines	bvisines
buisinesse	business
buisness	business
buisnesse	business
bul	bull
bul-rush	bulrush
bul-warke	bulwark
bul-warks	bulwarks
bulg'd	bulged
bulke	bulk
bulkes	bulks
bull'd	bulled
bull-baiting	bullbaiting
bull-beggar	bullbeggar
bull-head	bullhead
bull-hide	bullhide
bull-rush	bulrush
bulle	bull
bulles	bulls
bullie	bully
bulling-brooke	bullingbrook
bullocke	bullock
bullockes	bullocks
bullrushes	bulrushes
bulls-head	bullshead
bullwark	bulwark
bullye	bully
bullyon	bullion
buls	bulls
bulwarke	bulwark
bulwarkes	bulwarks
bulworke	bulwark
bulworks	bulwarks
bumbast	bombast
bumbaste	bombast
bumbasting	bombasting
bumbasts	bombasts
bumpes	bumps
bunce	bounce
bunch'd	bunched
bunche	bunch
bundel	bundle
bung'd	bunged
bung-hole	bunghole
buona	bvona
buoy'd	buoyed
buoye	buoy
burd'ned	burdened
burdein	burden
burdeined	burdened
burden'd	burdened
burdene	burden
burdē	burden
burdēs	burdens
burdned	burdened
burgen	burgeon
burgers	burghers
burgesse	burgess
burglarie	burglary
burgo-master	burgomaster
burgomaisters	burgomasters
buri'd	buried
buriall	burial
burialls	burials
burie	bury
burl'd	burled
burlady	byr'lady
burles	burls
burlye	burly
burn'd	burned
burn'st	burnest
burn't	burnt
burnd	burned
burne	burn
burne's	burn's
burnes	burns
burning-feaver	burning-fever
burninge	burning
burnish'd	burnished
burnish't	burnished
burnisht	burnished
burnte	burnt
burnyng	burning
burnynge	burning
burnysht	burnished
burres	burrs
burrie	burry
burryed	buried
burste	burst
burthen	burden
burthened	burdened
burthening	burdened
burthenous	burdenous
burthens	burdens
burthensome	burdensome
burthē	burden
burthned	burdened
bury'd	buried
buryall	burial
buryed	buried
buryes	buries
bus'ness	business
bus'nesse	business
bus'nesses	businesses
bush-naturall	bush-natural
bushe	bush
bushell	bushel
bushells	bushels
bushie	bushy
bushinesse	bushiness
busht	bushed
busie	busy
busie-member	busy-member
busie-working	busy-working
busilest	busiest
busilie	busily
busines	business
businesse	business
busiues	busives
buske	busk
buske-point	busk-point
buske-poynts	busk-points
buskes	busks
buskie	busky
buskins	buskin's
busling	bustling
busnesse	business
bussard	buzzard
busse	buss
busshe	bush
busshell	bushel
busshells	bushels
busshes	bushes
busshy	bushy
bussie	bussy
bussiness	business
bustlyng	bustling
busy'd	busied
busye	busy
busyed	busied
busynes	business
busynesse	business
but'tnam'd	but'tnamed
butcher'd	butchered
butcherd	butchered
butcherie	butchery
butte	butt
butter'd	buttered
butter-box	butterbox
butter-boxe	butterbox
butter-flies	butterflies
butter-flye	butterfly
butter-milke	buttermilk
butterd	buttered
butterflie	butterfly
butterflye	butterfly
butterie	buttery
buttermilke	buttermilk
buttes	butts
buttocke	buttock
buttockes	buttocks
button'd	buttoned
buttonhole	button-hole
buttred	buttered
buttrie	buttery
buttries	butteries
buttry	buttery
buttry-hatch	buttery-hatch
buxome	buxom
buy't	bvy't
buy'ye	bvy'ye
buye	buy
buyes	buys
buyld	build
buylde	build
buylder	builder
buylding	building
buyldings	buildings
buyldynge	building
buylt	built
buz'd	buzzed
buzie	busy
buzz'd	buzzed
buzze	buzz
būbardere	bumbardere
bvl	bul
bvl.	bul.
bvndvca	bunduca
bvndvica	bundvica
bvrbadge	burbadge
bvrre	burre
bvs	bus
bvs.	bus.
bvsy	busy
bvt	but
bvtler	butler
bvttone	buttone
by'd	byed
by'vm	by'um
by-cause	because
by-form'd	by-formed
by-gone	bygone
by-name	byname
by-past	bypast
by-path	bypath
by-paths	bypaths
by-waies	byways
by-way	byway
by-word	byeword
by-words	bywords
byas	bias
byble	bible
bycause	because
byd	bid
bydde	bid
byddeth	biddeth
byde	bide
bydes	bides
bydeth	bideth
byds	bids
bye	buy
byg	big
bygger	bigger
bying	buying
bylde	build
byle	boil
byll	bill
bylles	bills
byllowes	billows
byn	been
bynd	bind
bynde	bind
byrd	bird
byrde	bird
byrdes	birds
byrds	birds
byreeue	byreeve
byrth	birth
byrth-day	birthday
byrth-right	birthright
byrthe	birth
byrthes	births
byshop	bishop
byshopp	bishop
byshoppes	bishops
byshops-gate	bishopsgate
byt	bit
byt'st	bytest
byte	bite
bytes	bites
byteth	biteth
byting	biting
bytt	bit
bytten	bitten
bytter	bitter
bytternesse	bitterness
bytyng	biting
bytynge	biting
bée	been
béecause	because
béefe	beef
béeing	being
béen	been
béene	been
béere	beer
bées	bees
béest	be'st
ca	can
cabages	cabbages
cabbin	cabin
cabbins	cabins
cabine	cabin
cabinne	cabin
cacaliban	caliban
cace	case
cadauer	cadaver
cadauera	cadavera
cadauerie	cadaverie
cadauerum	cadaverum
cadwallader	cadwalader
cae	came
caelestiall	celestial
caeruleū	caeruleum
cag'd	caged
cage-birde	cage-bird
caitife	caitiff
caitifes	caitiffs
caitiffe	caitiff
caitiue	caitiff
caivs	caius
cake-bread	cakebread
cal	call
cal'd	called
cal'st	callest
calamitee	calamity
calamitie	calamity
calander	calandre
calcin'd	calcined
cald	called
calde	called
caldeans	chaldaeans
caled	called
calender	calendar
calfe	calf
calfe-bearer	calf-bearer
calfes	calves
caligvla	caligula
caliuer	caliver
calk'd	calked
call'd	called
call'dst	calledst
call'st	callest
callamities	calamities
calld	called
callde	called
calle	call
called'st	calledest
callenders	calendars
callends	calends
calles	calls
calleth	calls
callicoes	calicoes
callimachvs	callimachus
callinachvs	callinachus
callinge	calling
callinges	callings
calliuers	calivers
calls't	callest
callst	callest
callumnie	calumny
callumnious	calumnious
callumnis'd	callumnised
callvs	callus
callynge	calling
calm'd	calmed
calmd	calmed
calme	calm
calmely	calmly
calmenesse	calmness
calmnes	calmness
calmnesse	calmness
cals	calls
calst	callest
calue-skinne	calve-skin
calues	calves
caluing	calving
caluish	calvish
calumnie	calumny
calver'd	calvered
cam'st	camest
cameleon	chameleon
cameleon-like	chameleonlike
camelion	chameleon
camelion-like	chameleonlike
camelions	chameleons
camell	camel
camells	camels
camerade	comrade
camerades	comrades
cammell	camel
cammels	camels
cammocke	cammock
campe	camp
campes	camps
camst	camest
can'st	canst
canale	canal
canarie	canary
cancauitie	cancavitie
cancel'd	cancelled
canceld	cancelled
cancell	cancel
cancell'd	cancelled
cancelled	canceled
cancells	cancels
cancker'd	cankered
canckred	cankered
cancred	cankered
candel	candle
candell	candle
candels	candles
candi'd	candied
candle-holder	candleholder
candle-light	candlelight
candlesticke	candlestick
candlestickes	candlesticks
candor	candour
candyed	candied
caniball	cannibal
caniballs	cannibals
canke	cank
cankerblossom	canker-blossom
cankerd	cankered
cankred	cankered
cannary	canary
canne	can
canniballs	cannibals
cannnot	cannot
cannoniers	canoneers
cannonize	canonise
cannopy	canopy
cano	canon
canonicall	canonical
canonis'd	canonised
canoniz'd	canonised
canonize	canonise
canopie	canopy
cans't	canst
canse	cause
canterburies	canterbury's
cantiue	cantive
canuas	canvas
canuasing	canvasing
canvase	canvas
canvass	canvas
canvast	canvased
cap-case	capcase
capacite	capacity
capacitie	capacity
capacitye	capacity
capacityes	capacities
caparisō	caparison
capeable	capable
caper'd	capered
capitaine	captain
capitall	capital
capitalls	capitals
capitaynes	captains
capp	cap
cappe	cap
capps	caps
capreall	capreal
capriccious	capricious
caprichious	capricious
capricions	capritions
capring	capering
capritious	capricious
captain-ship	captainship
captaine	captain
captaine-mutiners	captain-mutineers
captaine-ship	captainship
captaines	captains
captaineship	captainship
captaiue	captaive
captaiues	captaives
captayn	captain
captayne	captain
captaynes	captains
capten	captain
captens	captains
captiu'd	captived
captiu'de	captived
captiuate	captivate
captiuated	captivated
captiuates	captivates
captiuating	captivating
captiud	captived
captiue	captive
captiues	captives
captiui	captivi
captiuite	captivity
captiuitie	captivity
captiuity	captivity
captiv'd	captived
captiv'de	captived
captivite	captivity
captivitie	captivity
captyue	captive
captyues	captyves
captyuyte	captivity
capytaynes	captains
car'd	cared
car'st	carest
car-men	carmen
carack	carrack
caracter	character
caracters	characters
carawaies	caraways
carawayes	caraways
carbonado'd	carbonadoed
carcas	carcase
carcasse	carcase
carcasses	carcases
card'nall	cardinal
card'nals	cardinals
card-maker	cardmaker
carde	card
cardes	cards
cardinall	cardinal
cardinall's	cardinal's
cardinalls	cardinals
cardynall	cardinal
careere	career
carefull	careful
carefull'st	carefullest
carefullie	carefully
carefulnes	carefulness
carefulnesse	carefulness
careles	careless
carelesly	carelessly
carelesness	carelessness
carelesnesse	carelessness
carelesse	careless
carelessely	carelessly
carere	career
carē	caren
carfull	careful
cariage	carriage
cariages	carriages
carian	carrion
carie	carry
caried	carried
carier	carrier
cariere	career
cariers	carriers
cariing	carrying
carion	carrion
carkas	carcase
carkase	carcase
carkases	carcases
carkass	carcase
carkasse	carcase
carkasses	carcases
carke	cark
carkes	carks
carle	carl
carles	carls
carless	careless
carlesse	careless
carnaiuan	carnaivan
carnall	carnal
carnallie	carnally
carnallye	carnally
carnifioinae	carnifjoinae
carniuale	carnivale
caroach'd	caroached
caroll	carol
carowse	carouse
carowses	carouses
carowsing	carousing
carpe	carp
carpes	carps
carracke	carrack
carracters	characters
carrawaies	caraways
carre	car
carreer	career
carreere	career
carreers	careers
carren	carrion
carri'd	carried
carriadge	carriage
carriag	carriage
carrie	carry
carrieng	caring
carroches	caroches
carroll	carol
carrot-colourd	carrot-coloured
carrous'd	caroused
carrouse	carouse
carroused	caroused
carrowses	carouses
carrowsing	carousing
carry'd	carried
carryage	carriage
carryed	carried
carryer	carrier
carryers	carriers
carryes	carries
carryeth	carrieth
carst	carest
cart-horse	carthorse
cart-load	cartload
cart-wheele	cartwheel
cart-wheeles	cartwheels
carte	cart
cartes	carts
carth'd	carthed
carthage'tic'd	carthage'ticed
carthagenian	carthaginian
caru'd	carved
carue	carve
carued	carved
caruer	carver
caruers	carvers
carues	carves
caruils	devils
caruing	carving
caruynge	carving
carv'd	carved
carve-gut	carvegut
cary	carry
cary'd	carried
carye	carry
caryed	carried
caryes	caries
carying	carrying
cas	case
cas'd	cased
cas'de-vp	cas'de-up
casde	cased
case-ments	casements
cash-booke	cash-book
cash-keeper	cashkeeper
casheer'd	cashiered
casheers	cashiers
casheir'd	cashiered
casheired	cashiered
casher'd	cashiered
cashier'd	cashiered
cashierd	cashiered
cashiere	cashier
cashir'd	cashiered
cashire	cashier
caside-vp	caside-up
caske	cask
caskes	casks
cassacks	cassocks
cassivs	cassius
cassocke	cassock
cast-away	castaway
cast-cloathes	cast-clothes
caste	cast
castel	castle
castell	castle
castels	castles
castes	casts
casteth	casts
castilliās	castillians
casting-bottle	castingbottle
castle-soape	castle-soap
castle-wall	castlewall
castyng	casting
castynge	casting
casuall	casual
casualtie	casualty
cat-a-mountain	catamountain
cat-a-mountaine	catamountaine
cat-liu'd	cat-lived
catalog	catalogue
cataplasme	cataplasm
catarracts	cataracts
catarre	catarrh
catarrhe	catarrh
catarrhes	catarrhs
catastrophy	catastrophe
catch'd	catched
catch't	catched
catch-pole	catchpole
catch-poles	catchpoles
catche	catch
catcheth	catches
catcht	catched
catchyng	catching
catechise'd	catechiseed
catechisme	catechism
catechiz'd	catechised
catechize	catechise
catell	cattle
cater-piller	caterpillar
caterpiller	caterpillar
caterpillers	caterpillars
cathedrall	cathedral
catholicall	catholical
catholicke	catholic
catiffe	caitiff
catilines	catiline
catiue	cative
catiues	caitiffs
catives	caitiffs
catologue	catalogue
catsynge	catsing
catte	cat
cattel	cattle
cattell	cattle
cattells	cattles
cattels	cattles
catter-pillers	caterpillars
catter-walling	caterwauling
catterpillars	caterpillars
catterpillers	caterpillars
catterwalling	caterwauling
catterwauling	caterwauling
cattes	cats
catts-foote	cats-foot
catv.	catu.
catvllvs	catullus
catvlvs	catulus
caua	cava
caualero	cavalero
caualeroes	cavaleroes
caualier	cavalier
caualiere	cavaliere
caualieres	cavaliers
caualiering	cavaliering
caualiero	cavaliero
caualieros	cavalieros
caualiers	cavaliers
caucll'd	cauclled
caue	cave
caueare	caveare
caueat	caveat
caueats	caveats
cauel'd	caveled
cauelacion	cavelation
caueleeres	caveleeres
cauelere	cavelere
caueliero	caveliero
cauellere	cavellere
cauens	cavens
cauernae	cavernae
cauerne	cavern
cauernes	caverns
cauernesed	cavernesed
cauernis	cavernis
cauerns	caverns
caues	caves
cauesdroppe	cavesdroppe
caueth	caveth
cauf	calf
caught'st	caughtest
caughte	caught
cauiare	caviar
cauileres	cavileres
cauill	cavil
cauillations'gainst	cavillations'gainst
cauilling	cavilling
cauils	cavils
cauis	cavis
cauit	cavit
caus	cause
caus'd	caused
causd	caused
causde	caused
causefull	causeful
causeles	causeless
causelesly	causelessly
causelesse	causeless
causles	causeless
causlesly	causelessly
causless	causeless
causlesse	causeless
caust	caused
caustiue	caustive
causyng	causing
causynge	causing
cauteriz'd	cauterised
cauterize	cauterise
caution'd	cautioned
cautionarie	cautionary
caūtrie	countries
cav's-dropd	cau's-dropd
cavaleiro	cavalero
cavalery	cavalero
cavallery	cavalry
cavalliers	cavaliers
cavells	cavels
cavernes	caverns
caviare	caviar
cavill	cavil
cavills	cavils
cavp	caup
cavvght	cawght
cawdron	caldron
cawse	cause
cawsey	causeway
caytife	caitiff
caytiue	caitiff
caytyfes	caitiffs
cazement	casement
cā	can
cādle	candle
cāgainsay	cangainsay
cānot	cannot
cāp	camp
cāst	canst
ceace	cease
ceas'd	ceased
ceas't	ceased
ceasd	ceased
ceasde	ceased
ceaseles	ceaseless
ceaselesse	ceaseless
ceaseth	ceases
ceasles	ceases
ceaslesse	ceaseless
ceasse	cease
ceassed	ceased
ceast	ceased
ceaste	ceased
ceaz'd	ceased
ceaze	cease
ceiue	ceive
ceiz'd	ceized
celebratissimvm	celebratissimum
celestiall	celestial
celestine	coelestine
celestyall	celestial
celler	cellar
cellers	cellars
cels	cells
celtick	celtic
censur'd	censured
censurd	censured
censvre	censure
censvrer	censurer
centaure	centaur
centaures	centaur's
centavre	centaure
centavres	centaures
center's	centre's
centers	centres
centinell	centinel
centonels	sentinels
centrick	centric
centupl'd	centupled
ceparivs	ceparius
cerbervs	cerberus
cercled	circled
ceremoniall	ceremonial
ceremonie	ceremony
ceremonius	ceremonious
ceremonyal	ceremonial
ceremonyall	ceremonial
ceremonye	ceremony
ceremonyes	ceremonies
cerimonie	ceremony
cerimonies	ceremonies
cerimony	ceremony
certain'st	certainest
certaine	certain
certainelie	certainly
certainely	certainly
certainetie	certainty
certaineties	certainties
certainety	certainty
certainlie	certainly
certainst	certainest
certaintie	certainty
certaintyes	certainties
certayne	certain
certaynely	certainly
certe	certain
certein	certain
certeine	certain
certeinly	certainly
certeintie	certainty
certeinties	certainties
certen	certain
certenly	certainly
certenty	certainty
certeyne	certain
certeynly	certainly
certifi'd	certified
certifie	certify
certifye	certify
certifyed	certified
cesar	caesar
cesaraes	cesara's
cesarea	cesaream
cesse	cease
cesternes	cisterns
cestus	caestus
cethegvs	cethegus
cetheovs	cetheous
ceūcel	ceuncel
cēsure	censure
ch	changed
chac'd	chased
chac't	chaced
chace	chase
chaces	chases
chaceth	chases
chacing	chasing
chaf'd	chafed
chaffe	chaff
chaffer'd	chaffered
chafing-dish	chafingdish
chaft	chafed
chain'd	chained
chaind	chained
chaine	chain
chaine-bullets	chain-bullets
chaine-shot	chain-shot
chaines	chains
chainge	change
chaire	chair
chaires	chairs
chaist	chaste
chalendge	challenge
chalenge	challenge
chalenged	challenged
chalenger	challenger
chalengers	challengers
chalenges	challenges
chalēge	challenge
chalk'd	chalked
chalke	chalk
chalkie	chalky
chalkt	chalked
challendge	challenge
challeng	challenge
challeng'd	challenged
challengd	challenged
challengde	challenge
challices	chalices
chamber'd	chambered
chamber-critick	chamber-critic
chamber-doore	chamber-door
chamber-maid	chambermaid
chamber-maide	chambermaid
chamber-maides	chambermaids
chamber-musicke	chamber-music
chamber-pots	chamberpots
chamber-roome	chamber-room
chamberlaine	chamberlain
chamberlaines	chamberlains
chamberlaynes	chamberlains
chamberleine	chamberlain
chambermaide	chambermaid
chambermaides	chambermaids
chambermayd	chambermaid
chambermayde	chambermaid
chambred	chambered
chambring	chambering
champaigne	champagne
champaine	champain
champaines	champains
champe	champ
champian	champion
champians	champions
champion-like	championlike
champyons	champions
chan'd	chaned
chanc'd	chanced
chanc'st	chancest
chanc't	chanced
chancell	chancel
chancellour	chancellor
chancellours	chancellors
chancelor	chancellor
chancelors	chancellors
chancelour	chancellor
chancerie	chancery
chandge	change
chanel	channel
chanell	channel
chanells	channels
chanels	channels
chang	change
chang'd	changed
changable	changeable
changd	changed
changde	change
changelesse	changeless
changers	changer's
changeth	changes
changling	changeling
changlings	changelings
channce	chance
channel'd	channelled
channell	channel
channell-bound	channel-bound
channells	channels
chanon	canon
chanst	chanced
chantes	chants
chaoiz'd	chaoized
chap'd	chaped
chap-fallen	chapfallen
chap-falne	chapfallen
chap-man	chapman
chap-mans	chapmans
chap-men	chapmen
chapell	chapel
chapiter	chapter
chaplaine	chaplain
chaplaines	chaplains
chapmen's	chapman's
chapp'd	chapped
chappe	chap
chappell	chapel
chappells	chapels
chappels	chapels
chappes	chaps
chapps	chaps
char'd	chared
char-coal	charcoal
character'd	charactered
characterisme	characterism
charactred	charactered
charcoale	charcoal
chardg'd	charged
chardge	charge
chardging	charging
chare-worke	chare-work
charecter'd	charectered
charecters	characters
charg	charge
charg'd	charged
chargd	charged
chargde	charged
charie	chary
charilie	charily
charing-crosse	charingcross
chariot-wheeles	chariot-wheels
chariote	chariot
charitablie	charitably
charite	charity
charitie	charity
charitie's	charity's
charitye	charity
charm'd	charmed
charm'st	charmest
charmd	charmed
charme	charm
charmes	charms
charmiō	charmion
charmyng	charming
charnel-house	charnelhouse
charnell	charnel
charracters	characters
charret	chariot
charriot	chariot
charriots	chariots
charte	chart
charyte	charity
charytie	charity
chas'd	chased
chaseth	chases
chast	chased
chast-reserued	chaste-reserved
chasteties	chastities
chastice	chastise
chastis'd	chastised
chastisde	chastised
chastisment	chastisement
chastitie	chastity
chastitye	chastity
chastiz'd	chastized
chastize	chastise
chastly	chastely
chastned	chastened
chastness	chasteness
chastyte	chastity
chasyng	chasing
chasynge	chasing
chatte	chat
chattell	chattel
chatteryng	chattering
chattinge	chatting
chattring	chattering
chaue	chave
chauelah	chavelah
chaufing	chafing
chaunc'd	chanced
chaunce	chance
chaunced	chanced
chaunceler	chancellor
chauncell	chancel
chauncellor	chancellor
chauncellour	chancellor
chauncelor	chancellor
chauncery	chancery
chaunces	chances
chauncest	chancest
chaunceth	chanceth
chaundler	chandler
chaung	change
chaung'd	changed
chaungd	changed
chaunge	change
chaungeable	changeable
chaunged	changed
chaunges	changes
chaungeth	changeth
chaunging	changing
chaungyng	changing
chaunsed	chanced
chaunst	chanced
chaunt	chant
chaunted	chanted
chaunting	chanting
chaunts	chants
chauogh	chavogh
chaūce	chance
chaūced	chanced
chaūg	change
chaūge	change
chaūged	changed
chaw'd	chawed
chawes	chaws
chayer	chair
chayn	chain
chayn'd	chained
chaynd	chained
chayne	chain
chaynes	chains
chayns	chains
chayre	chair
chayres	chairs
chāber	chamber
chāg'd	changed
chāge	change
chāged	changed
chāges	changes
chāpion	champion
cheap-side	cheapside
cheape	cheap
cheape-side	cheapside
cheapely	cheaply
cheapen'd	cheapened
cheapenes	cheapens
cheapned	cheapened
chear	cheer
cheard	cheered
cheare	cheer
cheared	cheered
cheareful	cheerful
chearefull	cheerful
chearefully	cheerfully
cheares	cheers
chearful	cheerful
chearfull	cheerful
chearfullie	cheerfully
chearfullness	cheerfulness
chearfully	cheerfully
chearing	cheering
chearish	cherish
chears	cheers
cheary	cheery
cheat'st	cheatest
cheate	cheat
cheates	cheats
check'd	checked
check't	checked
check-mate	checkmate
checkd	checked
checke	cheque
checker	chequer
checker'd	chequered
checkered	chequered
checkes	cheques
checkey	checky
checklesse	checkless
checkred	chequered
checkt	checked
checkynge	checking
cheef	chief
cheefe	chief
cheefely	chiefly
cheefest	chiefest
cheefly	chiefly
cheek'd	cheeked
cheek't	cheeked
cheeke	cheek
cheekes	cheeks
cheekt	cheeked
cheer'd	cheered
cheer'st	cheerest
cheerd	cheered
cheere	cheer
cheere's	cheer's
cheerefull	cheerful
cheerefullie	cheerfully
cheerefully	cheerfully
cheerefulnesse	cheerfulness
cheerely	cherely
cheeres	cheers
cheerfull	cheerful
cheerfulnesse	cheerfulness
cheerish	cherish
cheerlesse	cheerless
cheescakes	cheesecakes
cheese-cakes	cheesecakes
chefe	chief
chefely	chiefly
chefelye	chiefly
chefly	chiefly
cheif	chief
cheife	chief
cheifest	chiefest
cheifly	chiefly
cheines	chains
cheke	cheek
chekes	cheeks
chekyng	cheking
chequer'd	chequered
chequered	checkered
cher'd	cheered
chere	cheer
chered	cheered
chereful	cheerful
cherefull	cheerful
cherefully	cheerfully
cherfully	cheerfully
cherish'd	cherished
cherish't	cherished
cherishe	cherish
cherisht	cherished
cherrie	cherry
cherrish	cherish
cherry-cheekt	cherry-cheeked
cherry-lip'd	cherry-liped
cherry-stone	cherrystone
cherry-tree	cherrytree
cherryes	cherries
chery	cheery
cheryshed	cherished
chese	cheese
cheshu	jesu
chesnut	chestnut
chesnuts	chestnuts
chesse	chess
chesse-board	chessboard
chesse-play	chess-play
chest-nut	chestnut
cheting	cheating
cheu'rō	cheveron
cheualier	chevalier
cheualls	chevalls
cheualrie	chivalry
cheualry	chivalry
cheueleere	cheveleere
cheuerell	cheverell
cheuerill	cheverill
cheuy-chafe	chevy-chafe
chev'ron	cheu'ron
chev'rond	cheu'rond
chevalrie	chivalry
chevalry	chivalry
chew'd	chewed
chewes	chews
cheyfest	chiefest
chiaus'd	chiaused
chicke	chick
chicken-heartes	chicken-hearts
chickēs	chickens
chickins	chickens
chid'st	chidest
chidde	chid
chiefe	chief
chiefelie	chiefly
chiefely	chiefly
chiefetaine	chieftain
chieflie	chiefly
chieftaine	chieftain
chieftaines	chieftains
chiefteynes	chieftains
chieue	chieve
chil'd	chilled
chil-blain'd	chilblained
chilblain'd	chilblained
chilblanes	chilblains
child-bearing	childbearing
child-bed	childbed
child-birth	childbirth
child-hood	childhood
child-lesse	childless
child-like	childlike
childe	child
childe-bearing	childbearing
childe-hood	childhood
childebirth	childbirth
childehood	childhood
childehoode	childhood
childen	children
childer	children
childern	children
childerns	childrens
childes	child's
childes-part	child's-part
childhoode	childhood
childishe	childish
childishnes	childishness
childles	childless
childlesse	childless
childr	children
childrens	children's
childrē	children
childs	child's
chillnesse	chillness
chilness	chillness
chimicke	chemic
chimist	chemist
chimney-peece	chimney-piece
chimneyes	chimneys
chimnie	chimney
chimnies	chimneys
chimny	chimney
chimny-sweepers	chimney-sweepers
chimnyes	chimneys
chin'd	chined
chin-cough	chincough
chinckes	chinks
chinke	chink
chinne	chin
chinnes	chins
chip'd	chipped
chippe	chip
chippes	chips
chirpe	chirp
chirpes	chirps
chirrah	sirrah
chirurgion	chirurgeon
chirurgions	chirurgeons
chirurgiōs	chirurgeons
chiualdry	chivaldry
chiualier	chevalier
chiuallrie	chivallrie
chiualrie	chivalry
chiualries	chivalries
chiualry	chivalry
chiue	chive
choackt	choked
choak	choke
choak'd	choked
choak't	choked
choakd	choked
choake	choke
choaked	choked
choakes	chokes
choaking	choking
choaks	chokes
choakt	choked
choaktvp	choaktup
chocke	chock
chockt	choked
choicenesse	choiceness
choise	choice
choisely	choicely
choisest	choicest
chok'd	choked
choke-peare	choke-pear
chokt	choked
cholar	choler
cholerick	choleric
cholericke	choleric
cholerike	choleric
cholerique	choleric
cholick	cholic
choller	choler
chollerick	choleric
chollericke	choleric
chollerike	choleric
chollers	cholers
chollors	cholers
chompyng	chomping
choos'd	choosed
choosde	choosed
chop'd	chopped
chopp	chop
choppe	chop
choppes	chops
chopps	chops
choppyng	chopping
chopt	chopped
chordes	chords
chorle	churl
chorusses	choruses
chorvs	chorus
chos'd	choosed
chosed	choosed
choseth	chooses
chosing	choosing
choughes	choughs
choyce	choice
choycest	choicest
choyse	choice
choysest	choicest
chrestvs	chrestus
chrish	christ
chrismas	christmas
christ-masse	christmas
christal	crystal
christaline	crystalline
christall	crystal
christalls	crystals
christals	crystals
christen'd	christened
christē	christian
christian-like	christianlike
christianitie	christianity
christianvm	christianum
christiā	christian
christmasse	christmas
christn'd	christened
christned	christened
christning	christening
christnings	christenings
christom	christen
christophero	christopher
chromatick	chromatic
chronicl'd	chronicled
chrysostomes	chrysostom's
chryst	christ
chrystal	crystal
chrystall	crystal
chrystes	christ's
chrystian	christian
chuck'd	chucked
chucke	chuck
chuffe	chuff
chuffes	chuffs
chunck	chunk
church-doore	church-door
church-land	churchland
church-liuings	church-livings
church-man	churchman
church-men	churchmen
church-warden	churchwarden
church-wardens	churchwardens
church-way	churchway
church-worke	church-work
church-yarde	churchyard
church-yardes	churchyards
church-yards	churchyards
church-yeard	churchyard
churche	church
churchmens	churchmen's
churchmē	churchmen
churchyarde	churchyard
churle	churl
churle's	churl's
churles	churls
churlishnesse	churlishness
churlysh	churlish
churlyshe	churlish
churn'd	churned
churne	churn
chus'd	chused
chusde	choosed
chuse	choose
chuser	chooser
chusers	choosers
chuseth	chooseth
chusing	choosing
chūck	chunk
chvffe	chuffe
chvrch	church
chvrchmen	churchmen
chyde	chide
chyding	chiding
chydyng	chiding
chyefe	chief
chyefly	chiefly
chyld	child
chyldbed	childbed
chylde	child
chyldes	child's
chyldren	children
chyldrens	children's
chyldrē	children
chym'd	chimed
chyme	chime
chymical	chemical
chymicall	chemical
chymicke	chemic
chyming	chiming
chymist	chemist
chymistrie	chemistry
chymists	chemists
chymney	chimney
chyn	chin
chyne	chine
chynne	chin
chyrurgeons	chirurgeons
chyrurgion	chirurgeon
chyrurgions	chirurgeons
chyuallrye	chyvallrye
chyualrie	chyvalrie
chyualry	chivalry
chyuering	chyvering
chéefe	chief
chéeke	cheek
chéekes	cheeks
chéeks	cheeks
chéer	cheer
chéere	cheer
chéerefull	cheerful
chéerely	cherely
chéese	cheese
cicl'd	cicled
cilnivs	cilnius
cim.	cim
cimitars	scimitars
cindars	cinders
cinēdo	cinendo
cinnamvs	cinnamus
ciphring	ciphering
cipresse	cypress
ciprian	cyprian
circkl'd	circle
circkle	circle
circkling	circling
circl'd	circled
circuite	circuit
circuites	circuits
circuler	circular
circumcis'd	circumcised
circumcisde	circumcised
circumciz'd	circumcided
circumcized	circumcided
circumfus'd	circumfused
circumscrib'd	circumscribed
circumspectiue	circumspective
circumstantiall	circumstantial
circumstaunce	circumstance
circumstaunces	circumstances
circumstāce	circumstance
circumuent	circumvent
circumuented	circumvented
circumuolu'd	circumuolued
circumvolat	circumvolate
circumvolue	circumvolve
circūstance	circumstance
circvmstipata	circumstipata
cit'zens	citizens
citadell	citadel
citadells	citadels
citee	city
citie	city
citie's	city's
citie-born	city-born
citie-borne	city-borne
citie-clockes	city-clocks
citie-face	city-face
citie-look'd	city-looked
citie-springs	city-springs
citie-wires	city-wires
citizēs	citizens
cittadel	citadel
cittadell	citadel
citterne	cittern
cittie	city
cittie-diuell	city-devil
cittie-seruice	city-service
cittie-wiues	city-wives
citties	cities
cittisens	citizens
cittizen	citizen
cittizens	citizens
cittizēs	citizens
citty	city
citty-beasts	city-beasts
citty-dame	city-dame
citty-plagues	city-plagues
citty-trades	city-trades
citty-walles	city-walls
citty-wals	city-walls
cittye	city
cityes	cities
ciue	cive
ciuell	civil
ciues	cives
ciuet	civet
ciuet-wit	civet-wit
ciuet.	civet.
ciuets	civets
ciuica	civica
ciuicke	civic
ciuil	civil
ciuile	civil
ciuilest	civilest
ciuili	civili
ciuilian	civilian
ciuilis	civilis
ciuilitie	civility
ciuility	civility
ciuilize	civilise
ciuill	civil
ciuill-lawer	civill-lawer
ciuill-wars	civil-wars
ciuille	civil
ciuillitie	civility
ciuillity	civility
ciuilly	civilly
ciuit	civit
ciuit.	civit.
ciuitates	civitates
ciuitt	civitt
civell	civil
civil'st	civilest
civile	civil
civilitie	civility
civill	civil
civillest	civilest
civillie	civilly
civillity	civility
civilly-behav'd	civilly-behaved
civily	civilly
clacke	clack
cladd	clad
cladde	clad
claie	clay
claim'd	claimed
claim'st	claimest
claime	claim
claimes	claims
claimst	claimest
clamarous	clamorous
clamber'd	clambered
clambring	clambering
clame	claim
clammie	clammy
clamor	clamour
clamor'd	clamoured
clamor's	clamour's
clamorgan-shire	glamorganshire
clamors	clamours
clamoures	clamours
clangor	clangour
clangors	clangours
clap'd	claped
clapp'd	clapped
clappe	clap
clapper-claw	clapperclaw
clapper-de-claw	clapperclaw
clappes	claps
clappinge	clapping
claps'd	clasped
clapt	clapped
clares	claroes
clarēce	clarence
clarifie	clarify
clarkes	clerks
clarkly	clerkly
clasht	clashed
clasp'd	clasped
clasp't	clasped
claspe	clasp
claspes	clasps
claspt	clasped
claspyng	clasping
classe	class
classique	classic
clatryng	clatring
clattring	clattering
clattryng	clattering
clauell	clavell
clauer	claver
claui	clavi
clauis	clavis
clavdia	claudia
clavdian	claudian
claw'd	clawed
clawe	claw
clawes	claws
claye	clay
claym'd	claimed
clayme	claim
claymed	claimed
claymes	claims
claymeth	claimeth
cleane	clean
cleanelie	cleanly
cleanelinesse	cleanliness
cleanely	cleanly
cleanes	cleans
cleanlie	cleanly
cleanlinesse	cleanliness
cleannes	cleanness
cleannesse	cleanness
cleans'd	cleansed
clear'd	cleared
clear'st	clearest
clear-stam'd	clear-stamed
cleard	cleared
cleare	clear
cleare's	clear's
cleare-sighted	clear-sighted
cleare-streaming	clear-streaming
clearely	clearly
clearenes	clearness
clearenesse	clearness
cleares	clears
cleargie	clergy
cleargie-man	clergyman
cleargies	clergies
cleargy	clergy
cleark	clark
clearke	clerk
clearkes	clerks
clearks	clerks
clearnesse	clearness
cleau'st	cleavest
cleaue	cleave
cleauer	cleaver
cleaues	cleaves
cleaueth	cleaveth
cleauing	cleaving
cleāe	clean
cleene	clean
cleeped	cleped
cleer	clear
cleer'd	cleared
cleere	clear
cleere-ey'd	clear-eyed
cleere-sighted	clear-sighted
cleered	cleared
cleerely	clearly
cleerenesse	clearness
cleerer	clearer
cleeres	clears
cleerest	clearest
cleering	clearing
cleerly	clearly
cleerness	cleverness
cleers	clears
clem'd	clemed
clemencie	clemency
clencht	clenched
clene	clean
clenlines	cleanliness
clenly	cleanly
clenlye	cleanly
clennes	cleanness
clens'd	cleansed
clensd	cleansed
clensde	cleansed
clense	cleanse
clensed	cleansed
clenses	cleanses
clenseth	cleanseth
clensing	cleansing
clensing-weeke	cleansing-week
clensynge	cleansing
clep'd	cleped
cler'd	cleared
clere	clear
clerely	clearly
clerelye	clearly
clerenes	clearness
clerenesse	clearness
clergie	clergy
clergye	clergy
clerk-like	clerklike
clerke	clerk
clerkes	clerks
clerlye	clearly
clerū	clerum
cleuall	clevall
cleue	cleve
cleueland	cleveland
cleuer	clever
clēse	cleanse
cliffe	cliff
cliffes	cliffs
clifs	cliffs
clifts	cliffs
clim'd	climbed
climactericall	climacterical
climat	climate
climats	climates
climb'd	climbed
climb'st	climbest
climbd	climbed
climbe	climb
climbe'd	climbeed
climbes	climbs
climing	climbing
clinchyng	clinching
cling'd	clinged
clinge	cling
clinke	clink
clinkes	clinks
clinkyng	clinking
clip'd	clipped
clipp'd	clipped
clippe	clip
clipt	clipped
cliues	clives
cliuo	clivo
cloak'd	cloaked
cloake	cloak
cloake-bagge	cloak-bag
cloake-bags	cloak-bags
cloake-charge	cloak-charge
cloake-customer	cloak-customer
cloakes	cloaks
cloakt	cloaked
cloase	close
cloath	cloth
cloath'd	clothed
cloath's	cloth's
cloathd	clothed
cloathe	cloth
cloathed	clothed
cloathes	clothes
cloathing	clothing
cloathings	clothings
cloaths	clothes
cloaues	cloaves
clock-house	clockhouse
clocke	clock
clocke-house	clockhouse
clockes	clocks
clodivs	clodius
clog'd	clogged
clogd	clogged
clogg	clog
clogg'd	clogged
cloggd	clogged
clogge	clog
clogges	clogs
cloggyng	clogging
cloied	cloyed
cloistred	cloistered
clok'd	cloaked
cloke	cloak
cloke-bag	cloak-bag
cloked	cloaked
clokes	cloaks
clokyng	cloaking
clombe	climbed
cloquence	eloquence
clos'd	closed
closd	closed
closde	closed
close-knee'd	close-kneeed
close-stool	closestool
close-stoole	closestool
closelie	closely
closenesse	closeness
closett	closet
closetted	closeted
closly	closely
closse	close
clossers	closers
closset	closet
clossets	closets
closynge	closing
cloth'd	clothed
cloth'st	clothest
cloth-worker	clothworker
cloth-workers	clothworkers
clothde	clothed
clothier's	clothie's
cloths	clothes
clothyers	clothiers
clotte	clot
clottred	clottered
cloud-like	cloudlike
cloude	cloud
cloudes	clouds
cloudie	cloudy
cloudlesse	cloudless
cloudye	cloudy
cloue	clove
clouen	cloven
clouen-foote	cloven-foot
cloues	cloves
cloute	clout
cloutes	clouts
cloven-footed	clovenfooted
cloven-tongu'd	cloven-tongued
clovv.	clow.
clovvne	clowne
clowd	cloud
clowde	cloud
clowded	clouded
clowdes	clouds
clowdie	cloudy
clowds	clouds
clowdy	cloudy
clowdye	cloudy
clowne	clown
clownerie	clownery
clownes	clowns
clowt	clout
clowte	clout
clowted	clouted
clowtes	clouts
clowts	clouts
cloy'd	cloyed
cloy'st	cloyest
cloyd	cloyed
cloyde	cloyed
cloye	cloy
cloyes	cloys
cloyster	cloister
cloyster'd	cloistered
cloysterers	cloisterers
cloysters	cloisters
cloystred	cloistered
cloz'd	closed
cloze	close
club-fisted	clubfisted
clubbe	club
clubbes	clubs
clubbishe	clubbish
clumpred	clumpered
clumsie	clumsy
clustred	clustered
clustring	clustering
clustryng	clustering
clutcht	clutched
clūged	clunged
clvsit	clusit
clyent	client
clyent's	client's
clyents	clients
clyffes	cliffs
clymate	climate
clymates	climates
clymbe	climb
clymbing	climbing
clyme	climb
clymes	climbs
clyming	climbing
clyng	cling
clypt	clipped
clyue	clyve
clyues	clyves
cléene	clean
cléer'd	cleared
cléere	clear
cléers	clears
cnevs	cneus
cnrl'd	cnrled
co	counterfeit
co'd	coed
co-adiutor	coadjutor
co-equal	coequal
co-existence	coexistence
co-heire	coheir
co-heirs	coheirs
co-partner	copartner
co-partners	copartners
co-vnited	co-united
coach'd	coached
coach-leaues	coach-leaves
coach-man	coachman
coach-man's	coachman's
coach-mans	coachman's
coach-men	coachmen
coach-nailes	coach-nails
coach-wheeles	coach-wheels
coacht	coached
coafer	coffer
coal-black	coalblack
coale	coal
coale-basket	coal-basket
coale-house	coal-house
coale-sacke	coal-sack
coales	coals
coap'd	coaped
coaste	coast
coastes	coasts
coatch	coach
coatch-man	coachman
coatch-mans	coachman's
coatches	coaches
coate	coat
coate-armour	coat-armour
coate-carde	coat-card
coates	coats
cob-web	cobweb
cob-webs	cobwebs
cobhā	cobhan
coble	cobble
cobled	cobbled
cobler	cobbler
coblers	cobblers
cobling	cobbling
cobweb-bosomes	cobweb-bosoms
cobweb-lawne	cobweb-lawn
cobwebbe	cobweb
cobwebbs	cobwebs
cocatrice	cockatrice
cocatrices	cockatrices
coch	coach
coche	coach
cock-boat	cockboat
cock-boate	cockboat
cock-brain'd	cock-brained
cock-horse	cockhorse
cock-loft	cockloft
cock-pit	cockpit
cock-pits	cockpits
cock-sparrow	cocksparrow
cock-sparrowes	cock-sparrows
cock-sure	cocksure
cocke	cock
cocke-brothes	cock-broths
cocke-horse	cockhorse
cocke-pit	cockpit
cocke-sure	cocksure
cocker'd	cockered
cockes	cocks
cockes-combe	coxcomb
cockes-combes	cocks-combes
cockescombe	coxcomb
cockescome	coxcomb
cockle-shels	cockleshells
cockleshels	cockleshells
cockold	cuckold
cockring	cockering
cocks-comb	coxcomb
cocks-comb'd	cocks-combed
cocks-combe	coxcomb
cocks-combs	coxcombs
cockscomb	coxcomb
cockscombe	coxcomb
cockscombes	coxcombs
cockscombs	coxcombs
cocytvs	cocytus
cod-peece	codpiece
cod-peeces	codpieces
cod-piece	codpiece
coddes	cods
codled	coddled
codpeece	codpiece
codpeece-point	codpiece-point
codpice	codpiece
codpéece	codpiece
cods-head	codshead
cods-heads	codshead
codsheads	codshead
coelestial	celestial
coelestiall	celestial
coemates	cemates
coequall	coequal
cofer	coffer
cofers	coffers
coffin'd	coffined
coffine	coffin
coffyn	coffin
cogg	clog
cogge	cog
coging	cogging
cognizances	cognisances
cogscomb	coxcomb
coheire	coheir
coie	coy
coife	coif
coile	coil
coin'd	coined
coind	coined
coine	coin
coines	coins
coiur'd	coiured
cold'st	coldest
cold-blooded	coldblooded
cold-hearted	coldhearted
colde	cold
coldely	coldly
coldenesse	coldness
coldes	colds
coldnes	coldness
coldnesse	coldness
cole	coal
cole-black	coalblack
cole-blacke	coalblack
cole-dust	coaldust
cole-man	coleman
cole-pit	coalpit
cole-sacke	cole-sack
cole-staffe	cole-staff
cole-worts	coleworts
coleblack	coalblack
coleblacke	coalblack
coles	coals
coll'd	colled
collaterall	collateral
colledge	college
colledge-gates	college-gates
colledges	colleges
collegiats	collegiates
coller	collar
collerick	choleric
colliar	?
collick	colic
collicke	colic
collike	colic
collocat	collocate
collocauit	collocavit
collonel	colonel
collonell	colonel
collonels	colonels
collonies	colonies
collor	colour
collors	colours
collour	colour
colloured	coloured
collours	colours
collyng	colling
colonell	colonel
colonells	colonels
colonie	colony
color	colour
color'd	coloured
colored	coloured
colors	colours
colour'd	coloured
colourd	coloured
coloure	colour
coloures	colours
colte	colt
colts-foote	coltsfoot
columne	column
columnes	columns
com	come
com'st	comest
com-passe	compass
com-piling	compiling
comaedy	comedy
comand	command
comanded	commanded
comando	commando
comands	commands
comaunde	command
comaundement	commandment
comaundes	commands
comaūded	commanded
comb'd	combed
comb'st	combest
combate	combat
combates	combats
combatt	combat
combattant	combatant
combattants	combatants
combatted	combated
combd	combed
combe	comb
combe-case	comb-case
combe-maker	combmaker
comber	cumber
combered	cumbered
combersome	cumbersome
combin'd	combined
combind	combined
combinde	combined
combred	cumbered
combrous	cumbrous
combyned	combined
comedie	comedy
comedye	comedy
comedyes	comedies
comelie	comely
comelines	comeliness
comelinesse	comeliness
comelynesse	comeliness
comen	come
comendable	commendable
comendation	commendation
comendations	commendations
comended	commended
comends	commends
coment	comment
comentaries	commentaries
comentary	commentary
coments	comments
comerade	comrade
comete	comet
cometes	comets
comē	come
comēdable	commendable
comfit-maker	comfitmaker
comfites	comfits
comfor	comfort
comformitie	conformity
comforte	comfort
comfortes	comforts
comfortles	comfortless
comfortlesse	comfortless
comfortresse	comfortress
comfott	comfort
comicall	comical
comick	comic
comicke	comic
cominaltie	commonalty
cominge	coming
comission	commission
comitted	committed
comixt	commixed
comlie	comely
comlier	comelier
comliness	comeliness
comlinesse	comeliness
comly	comely
comlynesse	comeliness
comm'st	comest
comman-wealth	command-wealth
command'ment	commandment
command'ments	commandments
command'st	commandest
commande	command
commandement	commandment
commandemente	commandement
commandements	commandments
commandemets	commandments
commandes	commands
commandeth	commands
commandres	commanders
commandresse	commandress
commandst	commandest
commaun	command
commaund	command
commaunde	command
commaunded	commanded
commaundement	commandment
commaundementes	commandments
commaundements	commandments
commaunder	commander
commaunders	commanders
commaundes	commands
commaundest	commandest
commaundeth	commandeth
commaunding	commanding
commaundment	commandment
commaundresse	commandress
commaunds	commands
commaūde	command
commaūded	commanded
commaūdemēt	commandment
commaūdemētes	commandments
commaūdemēts	commandments
commād	command
commādement	commandment
commedie	comedy
commedies	comedies
commedy	comedy
commemorat	commemorate
commen	come
commenc'd	commenced
commenc't	commenced
commencde	commenced
commendacion	commendation
commendacions	commendations
commendacyons	commendations
commende	commend
commendeth	commends
commenly	commonly
commenlye	commonly
commenst	commenced
commentaryes	commentaries
commers	comers
commes	comes
commest	comest
commeth	comes
commets	comets
commēdations	commendations
commicall	comical
commick	comic
comminalty	commonalty
comming	coming
comminge	coming
comminges	comings
commings	comings
commision	commission
commisserate	commiserate
commit'st	committest
commited	committed
committ	commit
committe	commit
committs	commits
committy	committee
commixe	commix
commixt	commixed
commoditie	commodity
commodityes	commodities
commodyte	commodity
commodytie	commodities
common'st	commonest
common-councell	common-council
common-counsell	common-counsel
common-rable	common-rabble
common-weale	commonweal
common-wealth	commonwealth
common-wealthes	commonwealths
common-wealths	commonwealths
commonaltie	commonalty
commonlie	commonly
commonlye	commonly
commonst	commonest
commontie	commonty
commonweale	commonweal
commonwealthes	commonwealths
commonwelth	commonwealth
commō	common
commōly	commonly
commōwealths	commonwealths
commssion	commission
communaltie	commonalty
communalty	communality
communicacion	communication
communicatiue	communicative
communitie	community
commyng	coming
commynge	coming
commysed	commised
commyt	commit
commytted	committed
commyttynge	commytting
comoditie	commodity
comodities	commodities
comodity	commodity
comoedian	comedian
comoedie	comedy
comoedies	comedies
comon	common
comonly	commonly
comons	commons
compa'rd	compaerd
compacions	compations
compackt	compact
compacte	compact
compagnion	companion
compaine	company
companee	company
compani	company
companie	company
companie's	company's
companiō	companion
companye	company
companyes	companies
companyon	companion
companyons	companions
companyōs	companions
compar'd	compared
compar'st	comparest
comparatiue	comparative
comparatiuely	comparatively
comparatiues	comparatives
compard	compared
comparde	compared
comparelesse	compareless
comparē	comparem
comparinge	comparing
compartnership	copartnership
comparyson	comparison
compas	compass
compas'd	compassed
compas't	compassed
compase	compass
compasion	compassion
compass'd	compassed
compassd	compassed
compasse	compass
compassionat	compassionate
compast	compassed
compeere	compear
compeeres	compears
compel'd	compelled
compeld	compelled
compell	compel
compell'd	compelled
compelld	compelled
compells	compels
compendions	compendious
compere	compeer
competencie	competency
competitours	competitors
complacencie	complacency
complain'd	complained
complaind	complained
complaine	complain
complaines	complains
complaintes	complaints
complainyng	complaining
complaynd	complained
complayne	complain
complaynes	complains
complaynest	complainest
complayneth	complaineth
complayning	complaining
complayns	complains
complaynt	complaint
complaynte	complain
complayntes	complaints
complaynts	complaints
complaynynge	complaining
comple'd	compleed
compleat	complete
compleate	complete
compleated	completed
compleater	completer
compleating	completing
compleatly	completely
compleats	completes
compleccyon	complexion
complection	complexion
complections	complexions
complementall	complemental
complet	complete
complēxion	complenxion
complyant	compliant
compos'd	composed
compos'de	composed
composd	composed
composde	composed
composse	compose
compounde	compound
comprehende	comprehend
comprehēded	comprehended
compremises	compromises
compress'd	compressed
compresse	compress
comprest	compressed
comprimise	compromise
compris'd	comprised
comprisde	comprised
compriz'd	comprised
comprized	comprised
comprizeth	compriseth
compting	counting
comptroll	comptrol
computacion	computation
compylde	compiled
compyle	compile
compyled	compiled
comst	comest
comsum'd	consumed
comth	cometh
comvs	comus
comynge	coming
com̄e	come
con'd	coned
con-science	conscience
concaue	concave
concauitie	concavity
conceal'd	concealed
conceal'st	concealest
conceal't	concealed
conceald	concealed
conceale	conceal
concealement	concealment
concealements	concealments
conceales	conceals
concealst	concealest
conceau'd	conceived
conceaue	conceive
conceaued	conceived
conceav'd	conceived
conceave	conceive
conceaves	conceives
conceavst	conceaust
conceile	conceal
conceipt	conceit
conceipted	conceited
conceiptes	conceits
conceipts	conceits
conceite	conceit
conceites	conceits
conceiu'd	conceived
conceiu'st	conceivest
conceiue	conceive
conceiued	conceived
conceiuements	conceivements
conceiuers	conceivers
conceiues	conceives
conceiuest	conceivest
conceiueth	conceiveth
conceiuing	conceiving
conceiv'd	conceived
conceiv'st	conceivest
concele	conceal
concentrique	concentric
concern'd	concerned
concernd	concerned
concerne	concern
concerne's	concern's
concernes	concerns
concernig	concerning
concernynge	concerning
conceuing	conceving
conceypte	conceit
conceyt	conceit
conceyte	conceit
conceyted	conceited
conceytes	conceits
conceyue	conceive
conceyued	conceived
concience	conscience
conciences	consciences
concinnitie	concinnity
conclaue	conclave
conclud	conclude
conclud'st	concludest
concluds	concludes
conclusiō	conclusion
conclusiue	conclusive
conclusiuely	conclusively
conclusyon	conclusion
conclvsion	conclusion
concoctiō	concoction
concorde	concord
concordes	concords
concorporat	concorporate
concret	concrete
concubin	concubine
concubins	concubines
concubyne	concubine
concupisence	concupiscence
concupisences	concupiscences
concupyscence	concupiscence
concurre	concur
concurrencie	concurrency
concvpiscence	concupiscence
condem	condemn
condem'd	condemned
condemn'd	condemned
condemnd	condemned
condemne	condemn
condemnes	condemns
condempnacion	condemnation
condempnacyon	condemnation
condempnation	condemnation
condempne	condemn
condempned	condemned
condempnynge	condemning
condens'd	condensed
condicion	condition
condicions	conditions
condigne	condign
condiscend	condescend
condiscends	condescends
condition'd	conditioned
conditionall	conditional
conditiond	conditioned
conditiou'd	conditioved
condogge	condog
conduc'd	conduced
conducte	conduct
conductresse	conductress
conduict	conduct
conduite	conduit
conduites	conduits
condycyon	condition
condycyons	conditions
confed'racies	confederacies
confederacie	confederacy
confederat	confederate
confederats	confederates
confedracy	confederacy
confer'd	conferred
confer'st	conferest
conferd	conferred
confered	conferred
conferme	confirm
conferr	confer
conferr'd	conferred
conferre	confer
conferres	confers
confes	confess
confes'd	confessed
confes't	confessed
confesion	confession
confess'd	confessed
confesse	confess
confesseth	confesses
confessiō	confession
confessyon	confession
confest	confessed
confideration	consideration
confidēce	confidence
confin'd	confined
confin'de	confined
confind	confined
confinde	confined
confirm'd	confirmed
confirmacyon	confirmation
confirmatiō	confirmation
confirmd	confirmed
confirme	confirm
confirmes	confirms
conflicte	conflict
conform'd	conformed
conforme	conform
conformes	conforms
conformitie	conformity
confortable	comfortable
conforte	comfort
conforted	comforted
conforts	comforts
confound-mee's	confound-me's
confounde	confound
confoūded	confounded
confus'd	confused
confusd	confused
confusde	confused
confusedlye	confusedly
confusednes	confusedness
confusednesse	confusedness
confussion	confusion
confusyon	confusion
confydence	confidence
confyrme	confirm
conge	congé
congeal'd	congealed
congeald	congealed
congeale	congeal
congeales	congeals
congeled	congealed
congied	congeed
congregacyon	congregation
congruitie	congruity
coniect	conject
coniecturall	conjectural
coniecture	conjecture
coniectured	conjectured
coniectures	conjectures
coniecturing	conjecturing
conioine	conjoin
conioyn'd	conjoined
conioynd	conjoined
conioynde	conjoinde
conioyne	conjoin
conioyned	conjoined
coniugall	conjugal
coniugation	conjugation
coniunction	conjunction
coniur'd	conjured
coniuration	conjuration
coniurations	conjurations
coniurd	conjured
coniure	conjure
coniured	conjured
coniurer	conjurer
coniurers	conjurers
coniures	conjures
coniuring	conjuring
conivnctarvm	coniunctarum
conjealed	congealed
conjectur'd	conjectured
conjecturall	conjectural
conjoin'd	conjoined
conjoyn'd	conjoined
conjoyne	conjoin
conjoyned	conjoined
conju	conjum
conjur'd	conjured
conjurd'd	conjurded
conn'd	conned
conni-catching	conycatching
connicatchers	conycatchers
connicatching	conycatching
conning	cunning
conniue	connive
conniuence	connivance
conniv'd	connived
connivence	connivance
connot	connote
connsell	counsel
connsels	counsels
conntries	countries
conny-catcher	conycatcher
connyng	cunning
connynge	cunning
conqu'ring	conquering
conquer'd	conquered
conquerd	conquered
conquere	conquer
conquerer	conqueror
conquerers	conquerors
conqueresse	conqueress
conquerour	conqueror
conquerours	conquerors
conquerst	conquerest
conqueryng	conquering
conqueste	conquest
conquestes	conquests
conquired	conquered
consanguinitie	consanguinity
conscence	conscience
conscienc'd	conscienced
consciēce	conscience
conscince	conscience
conscionably	constionably
consciousnesse	consciousness
conscyence	conscience
conscyences	consciences
conscyēce	conscience
conseaue	conseave
consecracyons	consecrations
consecrauimus	consecravimus
consederacie	confederacy
consederates	confederates
consellors	counsellors
consels	counsels
consensvs	consensus
consente	consent
consequentlye	consequently
conser'd	consered
conseru'd	conserved
conseruation	conservation
conseruatiues	conservatives
conseruatyue	conseruatyve
conserue	conserve
conserued	conserved
conserues	conserves
conserueth	conserveth
conseruing	conserving
conservs	conserus
consesse	confess
consession	confession
consest	confessed
consēt	consent
consid'ring	considering
considence	confidence
considently	confidently
consider'd	considered
consideratelie	considerately
consideratiō	consideration
consideratiue	considerative
consideraton	consideration
considerd	considered
consideringe	considering
considre	consider
considred	considered
considring	considering
consience	conscience
consign'd	consigned
consin'd	consigned
consining	consigning
consious	conscious
consir'd	consired
consistance	consistence
consiste	consist
consistes	consists
consolacion	consolation
consolacyon	consolation
consols	consoles
consort'st	consortest
consorte	consort
consound	confound
consounded	confounded
conspir'd	conspired
conspiracie	conspiracy
conspird	conspired
conspirde	conspire
conspiringe	conspiring
conspyracion	conspyration
conspyre	conspire
conspyred	conspired
const	constant
constancie	constancy
constancye	constancy
constantlie	constantly
constantnesse	constantness
constantst	constantest
constaunt	constant
constātly	constantly
constellacion	constellation
constellacyons	constellations
conster	construe
constitucions	constitutions
constitutiō	constitution
constrain'd	constrained
constraind	constrained
constraine	constrain
constrainte	constraint
constraynd	constrained
constraynde	constrained
constrayne	constrain
constrayned	constrained
constraynes	constrains
constreined	constrained
constreyned	constrained
constru'd	construed
constur'd	constured
constytute	constitute
consul-ship	consulship
consule	consul
consull	consul
consull's	consul's
consulls	consuls
consultatiō	consultation
consulte	consult
consum'd	consumed
consum'st	consumest
consumate	consummate
consumated	consummated
consumd	consumed
consumde	consumed
consumptiō	consumption
consumynge	consuming
consvls	consuls
consyder	consider
consyderacyon	consideration
consydered	considered
consydering	considering
consyderynge	considering
consydre	consider
cont	contentedly
contain'd	contained
containd	contained
containe	contain
containes	contains
contayn'd	contained
contaynd	contained
contayne	contain
contayned	contained
contaynes	contains
contayneth	containeth
contayning	containing
contein	contain
conteind	contained
conteine	contain
conteined	contained
conteines	contains
conteining	containing
conteins	contains
contem'd	contemned
contemn'd	contemned
contemn'st	contemnest
contemnd	contemned
contemne	contemn
contemned'st	contemnedest
contemnyng	contemning
contemp	contempt
contemplacion	contemplation
contemplatiue	contemplative
contempne	contemn
contemptable	contemptible
contempte	contempt
contemptfull	contemptful
contemtible	contemptible
contende	contend
content-a	content
contentatiō	contentation
contente	content
contentedlie	contentedly
contentes	contents
contenteth	contents
contentfull	contentful
contentments	contentment's
contentmēt	contentment
conterfeit	counterfeit
contermin'd	contermined
contestes	contests
conteyne	contain
conteyned	contained
conteynes	contains
conteyneth	containeth
conteyning	containing
contēned	contemned
contēt	content
contēted	contented
contētion	contention
contēyne	contemyne
continencie	continency
contineued	contineved
continew	continue
continew'd	continued
continewally	continually
continewd	continued
continewed	continued
continu'd	continued
continuall	continual
continuallie	continually
continuallye	continually
continuaunce	continuance
contrarie	contrary
contrarietie	contrariety
contrarye	contrary
contrarywise	contrariwise
contrauersie	controversy
contray	country
contrey	country
contrey-men	countrymen
contreye	country
contreys	countries
contributarie	contributary
contributorie	contributory
contricion	contrition
contrie	country
contrie-men	countrymen
contries	countries
contriu'd	contrived
contriue	contrive
contriued	contrived
contriuer	contriver
contriuers	contrivers
contriues	contrives
contriuing	contriving
contriv'd	contrived
contrivd'em	contriud'em
contrivedst	contrivedest
control'd	controlled
controld	controlled
controle	control
controled	controlled
controles	controls
controll	control
controll'd	controlled
controlld	controlled
controlle	control
controlles	controls
controlls	controls
controuersie	controversy
controuersie'twixt	controversie'twixt
controuersies	controversies
controuersity	controversity
controuersy	controversy
controul	control
controul'd	controlled
contrould	controlled
controule	control
controuled	controlled
controulement	controlment
controuler	controller
controules	controls
controuling	controlling
controulment	controlment
controuls	controls
controvercy	controversy
controversie	controversy
controwle	control
controwles	controls
controwling	controlling
contry	country
contrye	country
contryue	contryve
contryued	contryved
contryueth	contryveth
contumelie	contumely
contynent	continent
contynuall	continual
contynually	continually
contynuallye	continually
contynuaunce	continuance
contynue	continue
contynued	continued
contynuynge	continuing
conuai'd	conveyed
conuaid	conveyed
conuaid'd	conuaided
conuaide	conveyed
conuaie	convey
conuaies	conveys
conualescence	convalescence
conuart	convert
conuay	convey
conuay'd	conveyed
conuayd	conveyed
conuaye	convey
conuayed	conveyed
conuayes	conveys
conuaying	conveying
conuei'd	conveyed
conueiance	conveyance
conueiances	conveyances
conueid	conveyed
conueie	convey
conueied	conveyed
conueies	conveys
conueigh	convey
conuenience	convenience
conueniencie	conveniency
conuenient	convenient
conueniently	conveniently
conuent	convent
conuenticle	conventicle
conuenticles	conventicles
conuention	convention
conuentions	conventions
conuents	convents
conuenyent	convenient
conuers'd	conversed
conuersacyon	conversation
conuersance	conversance
conuersant	conversant
conuersation	conversation
conuersations	conversations
conuersaunt	conversant
conuerse	converse
conuersed	conversed
conuersing	conversing
conuersion	conversion
conuersions	conversions
conuerst	conversed
conuert	convert
conuerte	convert
conuerted	converted
conuerteth	converteth
conuerting	converting
conuertite	convertite
conuertites	convertites
conuerts	converts
conuertynge	converting
conuey	convey
conuey'd	conveyed
conueyance	conveyance
conueyances	conveyances
conueyaunce	conveyance
conueyd	conveyed
conueye	convey
conueyed	conveyed
conueyer	conveyer
conueyes	conveys
conueying	conveying
conuict	convict
conuicted	convicted
conuiction	conviction
conuinc'd	convinced
conuince	convince
conuinced	convinced
conuinces	convinces
conuinceth	convinceth
conuiuis	conuivis
conundroun'd	conundrouned
conuocations	convocations
conuoies	convoys
conuolu'd	convolved
conuoy	convoy
conuulsion	convulsion
conuulsions	convulsions
conv.	conu.
convai'd	conveyed
convaie	convey
convaied	conveyed
convay	convey
convay'd	conveyed
convei'd	conveyed
conveiance	conveyance
conveiances	conveyances
conveies	conveys
conveigh	convey
conveighances	conveyances
conveighed	conveyed
convenient'st	convenientest
convers'd	conversed
convers't	conversed
converst	conversed
convey'd	conveyed
conveyd	conveyed
conveyes	conveys
convinc'd	convinced
convinc't	convinced
convincd	convinced
convoies	convoys
convoyes	convoys
cony-catch'd	cony-catched
cony-catcher	conycatcher
cony-catchers	conycatchers
cony-catching	conycatching
cony-catcht	cony-catched
conye	cony
conyes	conies
conzen'd	conzened
coo'd	cooed
cood'st	coodest
cook'd	cooked
cook-maid	cookmaid
cooke	cook
cooke-maide	cookmaid
cooke-maids	cook-maids
cooke-mayd	cookmaid
cookerie	cookery
cookes	cooks
cookes-shop	cooks-shop
cookt	cooked
cool'd	cooled
coold	cold
coole	cool
coolely	coolly
coolenes	coolness
cooles	cools
coolnesse	coolness
coomb	comb
coome	come
coome-parke	come-park
coop'd	cooped
coope	coop
cooples	couples
coorse	course
coosen	cousin
coosen'd	coosened
coosenage	cozenage
coosin	cousin
coosners	cozeners
coosning	cozening
cootes	coots
cooz'ning	cozening
coozen	cozen
coozen'd	cozened
coozenage	cozenage
coozened	cozened
coozening	cozening
coozin'd	coozined
coozn'd	cozened
coozned	cozened
coozning	cozening
cope-man	copeman
copes-mate	copesmate
copes-mate's	copesmate's
copie	copy
copiousnesse	copiousness
cople	couple
copper-lac'd	copper-laced
coppie	copy
coppied	copied
coppies	copies
coppy	copy
coppy-bookes	coppy-books
coppy-hold	copyhold
cops	copse
copulacion	copulation
copulatiue	copulative
copy-hold	copyhold
copy-holder	copyholder
copye	copy
copyed	copied
copyes	copies
cor	cour
cor'siue	corrosive
cor'siues	corrosives
corage	courage
coragious	courageous
coragiously	courageously
corall	coral
coralls	corals
corantoes	courantoes
corasiue	corasive
coraziue	corazive
corb'd	courbed
corde	cord
cordes	cords
cordeuan	cordevan
cordiall	cordial
cordialles	cordials
cordialls	cordials
cordoua	cordova
cordouant	cordovant
cordvs	cordus
coreccyon	correction
corect	correct
corespondence	correspondence
coriuall	corrival
cork-shooes	cork-shoes
corke	cork
corke-like	cork-like
corke-shooes	cork-shoes
corkie	corky
corn'd	corned
corn-field	cornfield
corne	corn
corne-cutter	corn-cutter
corne-cutters	corn-cutters
corne-cutting	corn-cutting
corne-ground	corn-ground
corne-hill	cornhill
corne-master	corn-master
cornelivs	cornelius
cornerd	cornered
cornes	corns
cornificivs	cornificius
cornvvalleis	cornwalleis
corollarie	corollary
corosiue	corrosive
corosiues	corrosives
corpes	corpses
corporall	corporal
corporatiō	corporation
corporeall	corporeal
corps	corpse
corrage	courage
corrall	coral
corrasiue	corrasive
corrasiues	corrasives
correcte	correct
correcter	correct
correctiō	correction
correctiues	correctives
correspondencie	correspondency
corriual	corrival
corriuall	corrival
corriuals	corrivals
corrivall	corrival
corronation	coronation
corronet	coronet
corronets	coronets
corrosiue	corrosive
corrosiues	corrosives
corruptiuely	corruptively
corruptynge	corrupting
corryuald	corryvald
corses	corpses
corsicke	corsic
corsiue	corrosive
corsive	corrosive
corsives	corrosives
corsyes	corsies
cortine	cortinae
corupted	corrupted
corv.	coru.
corvscis	coruscis
cos'ning	cosening
cosen	cousin
cosen'd	cozened
cosen's	cousin's
cosen-germane	cousin-german
cosen-germans	cousin-germans
cosenage	cozenage
cosened	cozened
coseners	cozeners
cosin	cousin
cosins	cousins
cosmicall	cosmical
cosned	cosened
cosning	cozening
coson'd	cosoned
cosoners	cozeners
cosoning	cozening
cossen'd	cossened
cossin'd	cossined
coste	cost
coster-monger	costermonger
coster-mongers	costermongers
costes	costs
costiue	costive
costlie	costly
costlines	costliness
costlye	costly
cot-queane	cotquean
cotage	cottage
cotes	coats
cothvrnvs	cothurnus
cotinued	continued
cotqueanes	cotqueans
cotten	cotton
cou'd	could
cou'red	covered
cou'ring	covering
couch'd	couched
couch't	couched
couchd	couched
couche	couch
coucht	couched
couchyng	couching
coud	could
coudest	couldst
coue	cove
couenant	covenant
couenanted	covenanted
couenants	covenants
couenaunt	covenant
couenaunted	covenanted
couenauntes	covenants
couenaūtes	covenants
couent	covent
couentre	coventre
couentrie	coventrie
couer	cover
couer'd	covered
couera	covera
couerd	covered
couerde	coverde
couered	covered
couerer	coverer
couereth	covereth
couering	covering
couerings	coverings
couerlet	coverlet
couerlid	coverlid
couerlids	coverlids
couers	covers
couert	covert
couert-baron	covert-baron
couerte	covert
couertly	covertly
couerts	coverts
couerture	coverture
couet	covet
couete	covet
coueted	coveted
coueteousnesse	covetousness
coueteth	coveteth
coueting	coveting
couetingly	covetingly
couetise	covetise
couetize	covetise
couetous	covetous
couetouse	covetous
couetousenesse	covetousenesse
couetously	covetously
couetousnes	covetousness
couetousnesse	covetousness
couets	covets
couetst	covetst
couetuous	covetous
couetyst	covetyst
couey	covey
couey'd	coveyed
coueyte	coveyte
cough'd	coughed
coughe	cough
coughes	coughs
cought	catch
couin	covin
couituousnes	covituousnes
coul'd	couled
could'st	couldst
coulde	could
coulder	colder
couldest	couldst
couldste	couldst
couler	colour
coulers	colours
coulor	colour
coulored	coloured
coulors	colours
coulour	colour
coulourable	colourable
coulourd	coloured
couloured	coloured
couloures	colours
coulours	colours
coumpt	count
councel	council
councel-house	council-house
counceld	counselled
councell	council
councell'd	counselled
councelld	counceled
councelled	counselled
counceller	counseller
councellers	councillors
councellor	councillor
councellors	councillors
councellour	counsellor
councells	counsels
councels	counsels
council-board	councilboard
councill	council
counsail	counsel
counsail'd	counselled
counsail's	counsel's
counsaild	counselled
counsaile	counsel
counsailed	counselled
counsailer	counseller
counsailers	counsellors
counsailes	counsels
counsailing	counselling
counsaill	counsel
counsailor	counsellor
counsailors	counsellors
counsailours	counsellors
counsayle	counsel
counsayles	counsels
counsayll	counsel
counsel'd	counselled
counseld	counselled
counselers	counsellers
counsell	counsel
counsell'd	counselled
counsell-chamber	counsel-chamber
counsell-house	counsel-house
counselld	counselled
counselled	counseled
counsellour	counsellor
counsellours	counsellors
counsells	counsels
counselor	counsellor
counselors	counsellors
count'nance	countenance
count'st	countest
count-booke	count-book
count-lesse	countless
countcardinal	count-cardinal
counte	count
countenanc'd	countenanced
countenaunce	countenance
countenaūce	countenance
countenāce	countenance
counter-buff	counterbuff
counter-buffe	counterbuff
counter-check	countercheck
counter-checkes	counterchecks
counter-mand	countermand
counter-march	countermarch
counter-mine	countermine
counter-mines	countermines
counter-mures	countermures
counter-plot	counterplot
counter-point	counterpoint
counter-scarfes	counter-scarves
counterbuffe	counterbuff
counterchecke	countercheck
countercheckt	counterchecked
counterfait	counterfeit
counterfaite	counterfeit
counterfaited	counterfeited
counterfaites	counterfeits
counterfaiting	counterfeiting
counterfayting	counterfeiting
counterfeit'st	counterfeitest
counterfeite	counterfeit
counterfeites	counterfeits
counterfeitinge	counterfeiting
counterfet	counterfeit
counterfeted	counterfeited
counterfetlie	counterfeitly
counterfets	counterfeits
counterfetted	counterfeited
counterfeyt	counterfeit
counterfeyte	counterfeit
counterfeyting	counterfeiting
counterfit	counterfeit
counterfits	counterfeits
countermaund	countermand
countermaunded	countermanded
countermin'd	countermined
counterpease	counterpoise
counterpoize	counterpoise
counterpoynt	counterpoint
counterpoyse	counterpoise
counterscarfes	counterscarp
counterseit	counterfeit
counteruail	countervail
counteruaile	countervail
counteruailes	countervails
counteruayle	countervail
countes	counts
countesse	countess
countesse-like	countess-like
countie	county
countinance	countenance
counting-house	countinghouse
countlesse	countless
countnance	countenance
countree	country
countreies	countries
countreis	countries
countres	countries
countrey	country
countrey-gentlemans	country-gentlemans
countrey-hamlet	country-hamlet
countrey-man	countryman
countrey-mans	countrymans
countrey-men	countrymen
countrey-money	country-money
countrey-pleasures	country-pleasures
countrey-wenches	country-wenches
countrey-woman	countrywoman
countrey-women	countrywomen
countrey-yeoman	country-yeoman
countreyes	countries
countreyman	countryman
countreymen	countrymen
countreys	countries'
countri-men	countrymen
countrie	country
countrie's	country's
countrie-man	countryman
countrie-mans	countrymans
countrie-men	countrymen
countrieman	countryman
countriemen	countrymen
countriman	countryman
countrimen	countrymen
countrimē	countrymen
country-man	countryman
country-mans	countrymans
country-men	countrymen
country-people	countrypeople
country-vvenches	country-wenches
country-woman	countrywoman
countrye	country
countryes	countries
countrys	countries
countst	countest
counyng	couning
cour'st	courest
couragious	courageous
couragiouslie	courageously
couragiously	courageously
couriosity	curiosity
courrage	courage
cours	course
course-worke	course-work
courst	coursed
court'sies	courtesies
court'st	courtest
court-counsaile	court-counsel
court-curles	court-curls
court-daies	court-days
court-gate	courtgate
court-honestie	court-honesty
court-imployments	court-employments
court-ladie	court-lady
court-like	courtlike
court-loafe	court-loaf
court-man	courtman
court-men	courtmen
court-newes	court-news
court-pallats	court-palates
court-seruant	court-servant
court-ship	courtship
court-shipp	courtship
court-shippe	courtship
court-ships	courtships
court-sicknesse	court-sickness
court-starre	court-star
court-tricke	court-trick
courtains	curtains
courte	court
courtefie	courtesy
courteouse	courteous
courteouslie	courteously
courtes	courts
courtesie	courtesy
courtezan	courtesan
courtiar	courtier
courtinge	courting
courtizan	courtesan
courtizans	courtesans
courtlesse	courtless
courtlie	courtly
courtsey	courtesy
courtship-dane'd	courtship-daneed
courtshippe	courtship
courtsie	curtsy
courtsies	courtesies
courtyer	courtier
courtyers	courtiers
courynge	couring
cousen	cousin
cousen'd	cozened
cousenage	cozenage
cousened	cozened
cousener	cozener
cousening	cosening
cousens	cousin's
cousine	cousin
cousned	cozened
cousning	cozening
cousonage	cousinage
cousoning	cozening
coustrelyng	coustreling
coutenance	countenance
coutrey	country
couy	covy
couzen	cozen
couzen'd	cozened
couzenage	cozenage
couzened	cozened
couzener	cozener
couzening	cozening
couzens	cozens
couzē	cozen
couzned	cozened
couzning	cozening
coūceller	counseller
coūsel	counsel
coūsell	counsel
coūt	count
coūte	count
coūtenance	countenance
coūtenaunce	countenance
coūtenaūce	countenance
coūtenāce	countenance
coūterfait	counterfeit
coūterfeit	counterfeit
coūterfeites	counterfeits
coūterfet	counterfeit
coūterfetting	counterfeiting
coūtes	counts
coūtinance	countenance
coūtreies	countries
coūtrey	country
coūtrie	country
coūtriemen	countrymen
coūtries	countries
coūtry	country
coūtrye	country
coūtryman	countryman
cov'nant	covenant
cover'd	covered
coverd	covered
coversation	conversation
covert'st	covertest
covet'st	covetest
coveteous	covetous
covetousnes	covetousness
covetousnesse	covetousness
covn.	coun.
covntesse	countesse
covr	cour
covr.	cour.
covragiovs	courageous
covrt	court
covrt-ling	courtling
covrt-parrat	court-parrat
covrt-worme	court-worme
covrtier	courtier
covrtling	courtling
covvard	coward
covvsy	cowsy
cow'd	cowed
cow-dung	cowdung
cowar'd	cowared
cowarde	coward
cowardelie	cowardly
cowardes	cowards
cowardise	cowardice
cowardize	cowardice
cowardlie	cowardly
cowardlinesse	cowardliness
cowardlynes	cowardliness
cowardyse	cowardice
cowched	couched
cowchyng	couching
cowdriuer	cowdriver
cowe	cow
cowes	cows
cowl-staff	cowlstaff
cowle	cowl
cowring	cowering
cox-combe	coxcomb
cox-combes	coxcombs
coxcombe	coxcomb
coxcombe-ship	coxcomb-ship
coxcombes	coxcombs
coxcōbes	coxcombs
coxe-combe	coxcomb
coxecombes	coxcombs
coye	coy
coyfe	coif
coyfes	coifs
coyl	coil
coyle	coil
coyly	coily
coyn	coin
coyn'd	coined
coynage	coinage
coynd	coined
coynde	coined
coyne	coin
coyned	coined
coyner	coiner
coynes	coins
coynesse	coyness
coyning	coining
coystrill	coystril
coz'ned	cozened
coz'ning	cozening
cozen'd	cozened
cozen-germaine	cozen-german
cozend	cozened
cozē	cozen
cozn'd	cozened
cozned	cozened
cozning	cozening
coërcion	coërtion
cōbat	combat
cōbatant	combatant
cōbrāces	combrances
cōceiled	concealed
cōceipts	conceits
cōceit	conceit
cōceite	conceit
cōceited	conceited
cōceitps	conceitps
cōceits	conceits
cōceiu	conceit
cōceiue	conceive
cōceiued	conceived
cōceyued	conceived
cōclude	conclude
cōcluded	concluded
cōcluding	concluding
cōdemd	condemd
cōdemne	condemn
cōdemned	condemned
cōdempne	condemn
cōdition	condition
cōduce	conduce
cōdycyō	condition
cōe	come
cōference	conference
cōferēce	conference
cōferre	confer
cōfes	confess
cōfesse	confess
cōfessed	confessed
cōfession	confession
cōfessor	confessor
cōfessyon	confession
cōfest	confessed
cōfine	confine
cōfirme	confirm
cōfort	comfort
cōfortable	comfortable
cōforted	comforted
cōforts	comforts
cōfounde	confound
cōfownds	confounds
cōfusyon	confusion
cōfute	confute
cōiecture	conjecture
cōiuracyon	conjuration
cōiuration	conjuration
cōjure	conjure
cōmaes	commas
cōmand	command
cōmandement	commandment
cōmands	commands
cōmaund	command
cōmaunde	command
cōmaunded	commanded
cōmaundement	commandment
cōmaundementes	commandments
cōmaundemētes	commandments
cōmaundeth	commandeth
cōmaundyng	commanding
cōmaūdement	commandment
cōmaūdemētes	commandments
cōmaūedemētes	commaunedementes
cōme	comme
cōmen	come
cōmend	commend
cōmend'st	commendest
cōmendable	commendable
cōmendation	commendation
cōmendations	commendations
cōmende	commend
cōmended	commended
cōmenst	commenced
cōment	comment
cōmentaryes	commentaries
cōmers	comers
cōmes	comes
cōmest	comest
cōmeth	comes
cōminaltie	commonalty
cōming	coming
cōmission	commission
cōmit	commit
cōmits	commits
cōmitted	committed
cōmittted	committed
cōmīg	coming
cōmmeth	cometh
cōmodiously	commodiously
cōmoditie	commodity
cōmodities	commodities
cōmodity	commodity
cōmodytie	commodities
cōmon	common
cōmond	commend
cōmonly	commonly
cōmons	commons
cōmonwealth	commonwealth
cōmō	common
cōmune	commune
cōmunicating	communicating
cōmunication	communication
cōmunion	communion
cōmynge	coming
cōmyt	commit
cōncubines	concubines
cōnsent	connsent
cōpani	company
cōpanie	company
cōpanion	companion
cōpanions	companions
cōpany	company
cōpanyons	companions
cōpard	compared
cōpareth	compareth
cōparisons	comparisons
cōparisōs	comparisons
cōpasse	compass
cōpel	compel
cōplain	complain
cōplain'd	complained
cōplaint	complaint
cōplaints	complaints
cōplayning	complaining
cōplement	compliment
cōplements	compliments
cōplexion	complexion
cōplyne	complyne
cōpted	counted
cōpunction	compunction
cōputations	computations
cōpyled	compiled
cōquer	conquer
cōquering	conquering
cōquest	conquest
cōquests	conquests
cōs	cons
cōscience	conscience
cōsciēce	conscience
cōscyence	conscience
cōsent	consent
cōsequenly	consequently
cōsider	consider
cōsideration	consideration
cōsiderations	considerations
cōsidered	considered
cōsidering	considering
cōsiders	considers
cōspire	conspire
cōstable	constable
cōstant	constant
cōster	construe
cōstrained	constrained
cōstrayne	constrain
cōstrayned	constrained
cōstructiōs	constructions
cōsult	consult
cōsultation	consultation
cōsume	consume
cōsummate	consummate
cōtaine	contain
cōteined	contained
cōtemplacion	contemplation
cōtemplate	contemplate
cōtempt	contempt
cōtenaūce	countenance
cōtend	contend
cōtent	content
cōtenta	contenta
cōtentation	contentation
cōtentatiō	contentation
cōtenteth	contents
cōtentētes	contententes
cōtinuall	continual
cōtinually	continually
cōtinued	continued
cōtrarie	contrary
cōtrary	contrary
cōtrayes	contrayes
cōtrouersie	controversy
cōtrycyon	contrition
cōtumelious	contumelious
cōtynued	continued
cōueied	conveyed
cōuenient	convenient
cōuersacion	conversation
cōuersation	conversation
cōueye	convey
cōueyed	conveyed
cōverted	converted
crab'd	crabbed
crab-tree	crabtree
crab-trees	crabtrees
crab-trée	crabtree
crabbed'st	crabbedest
crabbednes	crabbedness
crabbes	crabs
crabbid	crabbed
crabed	crabbed
crack'd	cracked
crack't	cracked
crack-rope	crackrope
crackd	cracked
cracke	crack
cracke-ship	crack-ship
crackes	cracks
cracklyng	crackling
crackt	cracked
craconian	craconjan
cracouia's	cracovia's
cradell	cradle
cradell'd	cradelled
cradelles	cradles
cradels	cradles
crafte	craft
craftely	craftily
craftes	crafts
craftie	crafty
craftines	craftiness
craftye	crafty
cragg	crag
craggie	craggy
craggye	craggy
crais'd	craised
crakes	crake's
crall	crawl
crallyng	cralling
cram'd	cramed
cramb'd	crambe
cramd	crammed
cramd-vp	cramd-up
cramm'd	crammed
cramme	cram
cramn'd	crammed
cramp'd	cramped
cramp't	cramped
crampe	cramp
crampes	cramps
crampie	crampy
crampt	cramped
cran'd	craned
cranckes	cranks
crankes	cranks
crannie	cranny
crannyes	crannies
crany	cranny
cras'd	crazed
crasde	crazed
crased	crazed
crashe	crash
crasie	crazy
crasinesse	craziness
crassvs	crassus
crau'd	craved
crau'st	cravest
crauand	cravand
craud	craved
craue	crave
craue's	crave's
craued	craved
crauen	craven
craues	craves
crauest	cravest
craueth	craves
crauin	cravin
crauing	craving
crauld	crawled
craules	crawls
crauyng	craving
crav'd	craved
cravde	craude
crawl'd	crawled
crawle	crawl
crawles	crawls
cray-fish	crayfish
craz'd	crazed
crazie	crazy
crāmyng	cramming
cre	credit
creacyon	creation
creak'd	creaked
creake	creak
creakinge	creaking
cream-fac'd	cream-faced
creame	cream
creame-bowles	cream-bowls
creast	crest
creast-falne	crestfallen
creasts	crests
creat	create
creatiō	creation
creatour	creator
creatours	creator's
creatur	creature's
creaturē	creature
creaturs	creatures
creatvre	creature
credite	credit
credites	credits
creditour	creditor
creditours	creditors
creditt	credit
credityng	crediting
credulitie	credulity
creedes	creeds
creeke	creek
creekes	creeks
creepe	creep
creepes	creeps
creepeth	creeps
creepyng	creeping
creete	crete
cremvtivs	cremutius
crep'st	creepest
crepe	creep
crepeth	creepeth
crequie	crequy
crescitevndo	cresciteundo
crest-fallen	crestfallen
crest-falne	crestfallen
crestes	crests
creuice	crevice
creuices	crevices
crevises	crevices
crewe	crew
crewell	cruel
crēature	creature
cri'd	cried
cri'st	criest
crid'st	cridest
cride	cried
crie	cry
crie's	cry's
crieng	crying
crieth	cries
criminall	criminal
crimsen	crimson
crimsin	crimson
crimson'd	crimsoned
crinckling	crinkling
cring'd	cringed
criple	cripple
criples	cripples
crippel'd	crippeled
crippl'd	crippled
cripple-gate	cripplegate
crisp'd	crisped
crispe	crisp
crispie	crispy
crispinvs	crispinus
cristal	crystal
cristall	crystal
cristall-shining	crystal-shining
criste	christen
cristned	christened
criticall	critical
critick	critic
criticke	critic
critickes	critics
criticks	critics
criticvs	criticus
critticall	crittcal
critticke	critic
critticks	critics
croake	croak
croakes	croaks
crocadile	crocodile
crocodils	crocodiles
croke	croak
croked	crooked
crokes	croaks
croking	croaking
crokyng	croaking
cromb'd	crombed
cronicle	chronicle
cronicled	chronicled
croniclers	chroniclers
cronicles	chronicles
crook'd	crooked
crook-back'd	crookbacked
crook-knee'd	crook-kneed
crooked'st	crookedest
crookes	crooks
crookt	crooked
crookyd	crooked
crop'd	croped
crop-eard	crop-eared
crop-sicke	cropsick
croppe	crop
croppes	crops
cropps	crops
cropt	cropped
cros'd	crossed
crosbite	crossbite
crosness	crossness
cross'd	crossed
cross-bow	crossbow
cross-bows	crossbows
cross-grain'd	cross-grained
cross-leg'd	crosslegged
cross-legg'd	crosslegged
cross-row	crossrow
crossde	crossed
crosse	cross
crosse-aride	cross-arid
crosse-armes	cross-arms
crosse-beame	cross-beam
crosse-bite	crossbite
crosse-bowe	crossbow
crosse-caper	cross-caper
crosse-capers	cross-capers
crosse-garter'd	cross-gartered
crosse-gartered	cross-gartered
crosse-leg'd	crosse-leged
crosse-lets	cross-lets
crosse-plots	cross-plots
crosse-point	cross-point
crosse-points	cross-points
crosse-poynts	cross-points
crosse-ruffe	cross-ruff
crosse-sticks	cross-sticks
crosse-turnes	cross-turns
crosse-way	crossway
crosse-word	cross-word
crossely	crossly
crossynge	crossing
crossynges	crossings
crost	crossed
crotchetted	crotcheted
crouch'd	crouched
crouche	crouch
croucht	crouched
croud	crowd
crouded	crowded
crouding	crowding
croun'd	crowned
cround	crowned
croune	crown
crounes	crowns
crovvnd	crowned
crovvne	crown
crovvned	crowned
crovvnes	crowns
crow'd	crowed
crow-troden	crow-trodden
crowa'd	crowaed
crowch	crouch
crowching	crouching
crowchinge	crouching
crowde	crowd
crowdes	crowds
crowe	crow
crowes	crows
crown'd	crowned
crown'st	crownest
crownd	crowned
crownde	crowned
crowne	crown
crowne's	crown's
crowne-plate	crown-plate
crowne-worthy	crown-worthy
crownes	crowns
crowyng	crowing
crowynge	crowing
crucifie	crucify
crucifixe	crucifix
crudl'd	curdled
crudled	curdled
crue	crew
cruel'st	cruelest
cruell	cruel
cruell'st	cruellest
cruell-mercy	cruel-mercy
cruell-wise	cruel-wise
cruellest	cruelest
cruellie	cruelly
cruellst	cruelest
cruellye	cruelly
cruelnesse	cruelness
cruelst	cruelest
crueltie	cruelty
crueltye	cruelty
crum	crumb
crumbes	crumbs
crumbl'd	crumbled
crumd	crumb
crumme	crumb
crummes	crumbs
crums	crumbs
crush'd	crushed
crushe	crush
crusht	crushed
crusshed	crushed
crusshyng	crushing
crustes	crusts
crustie	crusty
crūbling	crumbling
crūmes	crumbs
crvmvvel	crumwel
crvsted	crusted
cry'd	cried
cry'st	criest
cryd	cried
cryde	cried
crye	cry
cryed	cried
cryenge	crying
cryer	crier
cryers	criers
cryes	cries
cryest	criest
cryme	crime
crymes	crimes
crymson	crimson
crys	cries
crystall	crystal
créede	creed
créep	creep
créepe	creep
créeping	creeping
cubbord	cupboard
cubbords	cupboards
cubites	cubits
cubittes	cubits
cuck-cold	cuckold
cuck-old	cuckold
cuck-queane	cuck-quean
cucke	cuck
cucke-queane	cuck-quean
cuckhold	cuckold
cuckholds	cuckolds
cucking-stoole	cucking-stool
cuckingstoole	cuckingstool
cuckolde	cuckold
cuckoldes	cuckolds
cuckoldes-hauen	cuckolds-haven
cuckoldrye	cuckoldry
cuckolds-hauen	cuckolds-haven
cuckoled	cuckold
cuckooes	cuckoos
cuckow	cuckoo
cuckowes	cuckoos
cucqueane	cucquean
cucumers	cucumbers
cudde	cud
cudgel'd	cudgelled
cudgell	cudgel
cudgell'd	cudgelled
cudgelled	cudgeled
cudgells	cudgels
cudgle	cudgel
cue's	cve's
cuello	cvello
cuen	cven
cuening	cvening
cuer	cver
cuer-louing	cuer-loving
cuerie	cverie
cuery	cvery
cuff'd	cuffed
cuffe	cuff
cuffes	cuffs
cui	cvi
cuill	cvill
cuiquam	cviquam
cuiuis	cvivis
cuius	cvius
cul'd	culed
culd	could
cull'd	culled
culld	culled
culler	colour
cullers	colours
cullour	colour
cullye	cully
culuer	culver
culuerin	culverin
culuering	culvering
culuerings	culverings
culuerins	culverins
cumbat	combat
cumber'd	cumbered
cumbred	cumbered
cuming	coming
cumme	come
cummers	comers
cummeth	cometh
cumming	coming
cummyng	coming
cumpany	company
cumpanye	company
cumrades	comrades
cuning	cunning
cunnicatching	conycatching
cunning'st	cunningest
cunninge	cunning
cunninglie	cunningly
cunningst	cunningest
cunnning	cunning
cunnyng	cunning
cuntrey	country
cuntreyes	countries
cuntreys	countries
cuntrie	country
cuntries	countries
cuntry	country
cuore	cvore
cup-bearer	cupbearer
cup-board	cupboard
cup-boord	cupboard
cup-bord	cupboard
cupboord	cupboard
cupbord	cupboard
cupbords	cupboards
cupidinē	cupidinem
cupp	cup
cuppe	cup
cuppes	cups
cupping-glasse	cupping-glass
cupps	cups
cur'd	cured
cur'de	cured
curaeleues	curaeleves
curage	courage
curat	curate
curb'd	kerbed
curbd	kerbed
curbe	kerb
curbes	kerbs
curde	curd
curdes	curds
cureles	cureless
curelesse	cureless
curions	curious
curiositie	curiosity
curiosly	curiously
curiouse	curious
curiouslie	curiously
curiousnesse	curiousness
curioust	curiousest
curl'd	curled
curl'd-pated	curled-pated
curl'st	curlest
curld	curled
curld-headed	curled-headed
curle	curl
curles	curls
curr	cur
currantly	currently
curraunt	currant
currāt	currant
curre	cur
curres	curs
currifauour	currifavour
curry-comb	currycomb
curry-combe	currycomb
curryed	curried
currysh	currish
curs'd	cursed
cursd	cursed
cursde	cursed
cursed'st	cursedest
cursed-charmes	cursed-charms
cursie	curtsy
cursies	curtsies
cursinge	cursing
curss'd	cursed
cursse	curse
curssed	cursed
cursses	curses
curssing	cursing
curst	cursed
curstlie	curstly
cursy	curtsy
curt'sie	curtsy
curt'sies	curtsies
curt'sy	curtsy
curtaild	curtailed
curtaine	curtain
curtaines	curtains
curtaivs	curtaius
curtall	curtal
curtalls	curtals
curtayne	curtain
curteine	curtain
curtelax	curtle-axe
curten	curtain
curtens	curtains
curteous	courteous
curteousely	courteously
curteously	courteously
curtesan	courtesan
curtesie	courtesy
curtesies	courtesies
curteste	curtest
curtesy	courtesy
curtesye	courtesy
curtezan	courtesan
curtezans	courtezans
curtian	curtain
curtins	curtains
curtisan	courtesan
curtisans	courtesans
curtizan	courtesan
curtizans	courtesans
curtsey	curtsy
curtsie	curtsy
curtzy	curtsy
curuets	curvets
curyous	curious
cushen	cushion
cushē	cushion
cushin	cushion
cushins	cushions
cushion'd	cushioned
cushiō	cushion
custardes	custards
custāce	custance
custodie	custody
custodye	custody
custom'd	customed
customarie	customary
customd	customed
custome	custom
custome-breaker	custom-breaker
custome-house	customhouse
customes	customs
custōe	custom
cut'd	cut
cut-purse	cutpurse
cut-purses	cutpurses
cut-throat	cutthroat
cut-throate	cutthroat
cut-throates	cutthroats
cut-throats	cutthroats
cut-work	cutwork
cut-worke	cutwork
cutpursse	cutpurse
cutt	cut
cutt'st	cuttest
cutte	cut
cuttes	cuts
cutts	cuts
cuttyng	cutting
cutworke	cutwork
cū	cum
cūning	cunning
cūntrey	cunntrey
cūp	cump
cūpanye	company
cūpt	count
cvi.	cvi
cvivs	cvius
cvp.	cup.
cvpid	cupid
cvpid's	cupid's
cvpids	cupids
cvr.	cur.
cvrarvm	curarum
cvris	curis
cvrivs	curius
cvrteise	courteous
cvrteous	courteous
cvrtise	curtise
cvs.	cus.
cvstomers	customers
cvt-berd	cut-berd
cvt.	cut.
cvtberd	cutberd
cvtbrd	cutbrd
cvtting	cutting
cyllenivs	cyllenius
cymball	cymbal
cymballs	cymbals
cyment	cement
cynders	cinders
cynick	cynic
cynicke	cynic
cynickes	cynics
cynike	cynic
cyparissvs	cyparissus
cyphers	ciphers
cyphred	cyphered
cypres	cypress
cypresse	cypress
cypriane	cyprian
cyrcle	circle
cyrcūstances	circumstances
cyrvs	cyrus
cytie	city
cyties	cities
cytizens	citizens
cytyes	cities
cyuet	cyvet
cyuet.	cyvet.
cyuill	civil
cyuillytie	cyvillytie
cyuyle	cyvyle
d'aualos	d'avalos
d'auenture	d'aventure
d'auolas	d'avolas
d'auoles	d'avoles
d'auolos	d'avolos
d'auuergne	d'awergne
d'oliue	d'olive
d'oliue.	d'olive.
d'on	don
d'ouolos	d'ovolos
d'vsque	d'usque
da	dam
dabbye	dabby
dable	dabble
dabled	dabbled
dablers	dabblers
dabling	dabbling
daemones	daemons
daffadillies	daffodils
daffadills	daffodils
daffadillyes	daffodils
daffadils	daffodils
dager	dagger
dagers	daggers
dagge	dag
daglyng	dagling
dahvmma	dahumma
dai	day
daie	day
daies	days
daign	deign
daign'd	deigned
daigne	deign
dailie	daily
dain'd	dained
daind	dained
daine	dame
daines	deigns
dainly	daintily
daintie	dainty
daintines	daintiness
daintinesse	daintiness
dairie	dairy
dairy-maid	dairymaid
daisie	daisy
dalauill	dalavill
dalauill's	dalavill's
daliance	dalliance
dalie	dally
dallauill	dallavill
dalliāce	dalliance
dallie	dally
dally'd	dallied
dallye	dally
dallyed	dallied
dallyes	dallies
dalyeng	dallying
dalying	dallying
dam'd	damed
damable	damnable
damadge	damage
damaske	damask
damb	dam
damb'd	damned
dambd	damned
dambn'd	damned
damd	dammed
damm'd	dammed
damm'st	dammest
dammag'd	damaged
dammage	damage
dammages	damages
damme	dam
damn'd	damned
damn'd-borne	damned-borne
damnacion	damnation
damnatiō	damnation
damnd	damned
damnd-rich	damned-rich
damne	damn
damned'st	damnedest
damned-deere	damned-dear
damnedst	damnedest
damnifie	damnify
damosell	damosel
damosells	damosels
damō	damon
dampe	damp
dampes	damps
dampishe	dampish
dampn'd	dampened
dampnable	damnable
dampnacyon	damnation
dampnation	damnation
dampne	damn
dampned	dampened
damsell	damsel
damselles	damsels
damsells	damsels
damzel	damsel
damzell	damosel
damzels	damsels
dan'st	danest
danc'd	danced
danc't	danced
dancd	danced
dancing-schoole	dancing-school
dancitiue	dancitive
dancke	dank
dang'rous	dangerous
dangerlesse	dangerless
dangerouse	dangerous
dangerouslie	dangerously
danghters	daughters
dankishe	dankish
dankysh	dankish
danske	dansk
dant	daunt
danted	daunted
dantlesse	dauntless
danwnynge	danwning
dapple-colour'd	dapple-coloured
dar'd	dared
dar'de	dared
dar'st	darest
darbyes	darby's
darcknes	darkness
dareling	darling
darē	darem
daring'st	daringest
daringst	daringest
darivs	darius
dark't	darked
dark-lanthorn	darklanthorn
darke	dark
darke-deepe	dark-deep
darkely	darkly
darkemans	darkmans
darken'd	darkened
darkenes	darkness
darkenesse	darkness
darkes	darks
darkesome	darksome
darklyng	darkling
darkn'd	darkened
darkned	darkened
darknes	darkness
darknesse	darkness
darkneth	darkeneth
darkning	darkening
darknings	darkenings
darksom	darksome
darlinge	darling
darlyng	darling
darre	dare
darring	daring
darst	darest
darte	dart
dartes	darts
daseled	dazzled
dash'd	dashed
dash't	dashed
dashe	dash
dasht	dashed
dasshed	dashed
dassheth	dasheth
dasshyng	dashing
dastarde	dastard
dastardes	dastards
dat	that
dat'd	dated
dat'st	date
dateles	dateless
datiuo	dativo
daubd	daubed
daube	daub
daubes	daubs
daugher	daughter
daughers	daughters
daugthers	daughters
dauid	david
dauids	davids
dauie	davie
dauies	davies
daulphin	dolphin
daunc'd	danced
daunc't	danced
dauncde	danced
daunce	dance
daunced	danced
dauncer	dancer
dauncers	dancers
daunces	dances
dauncest	dancest
daunceth	danceth
dauncing	dancing
dauncing-scholes	dancing-schools
dauncings	dancings
daunger	danger
daungerlesse	dangerless
daungerous	dangerous
daungerouse	dangerous
daungerously	dangerously
daungers	dangers
daunser	dancer
daunsers	dancers
daunsing	dancing
daunst	danced
daunsyng	dancing
daunsynge	dancing
dauntles	dauntless
dauntlesse	dauntless
dauy	davy
dauy.	davy.
daūce	dance
daūceth	danceth
daūger	danger
daūgers	dangers
daūt	daunt
davborne	dauborne
davghter	daughter
davnted	daunted
davp	daup
davp.	daup.
davphine	dauphine
davphine's	dauphine's
davphines	dauphines
dawbe	daub
dawbes	daubs
dawbing	daubing
dawes	daws
dawghter	daughter
dawne	dawn
dawnes	dawns
dawninge	dawning
dawnted	daunted
dawnyng	dawning
day-break	daybreak
day-light	daylight
day-star	daystar
day-starre	daystar
day-time	daytime
daye	day
daye's	day's
dayes	days
dayes-deed	days-deed
dayes-presents	days-presents
daylie	daily
daylinesse	dailiness
dayly	daily
daylye	daily
dayntie	dainty
daynty	dainty
dayntyly	daintily
dayrie	dairy
dayries	dairies
dayry	dairy
daz'd	dazed
dazel'd	dazzled
dazeled	dazzled
dazeleth	dazzleth
dazeling	dazzling
dazell	dazzle
dazels	dazzles
dazle	dazzle
dazled	dazzled
dazles	dazzles
dazling	dazzling
dāger	danger
dāgerous	dangerous
dāgling	dangling
dānable	damnable
dānation	damnation
dāpnable	damnable
dāpnacyon	damnation
dāpne	damn
dāpned	dampened
dd	dead
de-vile	devile
deabvsqve	deabusqve
dead-drunke	dead-drunk
dead-mens	dead-men's
deade	dead
deadlie	deadly
deadlye	deadly
deadnesse	deadness
deaf'd	deafed
deafe	deaf
deafe-mens	deaf-men's
deafes	deafs
deaffe	deaf
deafl'd	deafled
deafned	deafened
deafnesse	deafness
deal'st	dealest
deale	deal
deales	deals
dealeth	deals
dealinges	dealings
dealst	dealest
dealte	dealt
dealth	deals
dealyng	dealing
deanry	deanery
deapth	depth
dear'st	dearest
dear-a	dear
dear-earn'd	dear-earned
deare	deer
deare-bought	dear-bought
deare-stealer	dear-stealer
dearely	dearly
deares	deer's
dearling	darling
dearlings	darlings
dearlyng	darling
dearn	dern
death's-bed	deathbed
death-bed	deathbed
death-bedd	deathbed
death-beds	deathbeds
death-brauing	death-braving
death-couloured	death-coloured
death-hurtes	death-hurts
death-like	deathlike
death-practised	death-practiced
deathe	death
deathes	death's
deathfull	deathful
deathlesse	deathless
deaths-man	deathsman
deaw	dew
deaw'd	dewed
deawe	dew
deawes	dews
deawie	dewy
deawy	dewy
deban'shmēts	debanishments
debanch'd	debanched
debar'd	debarred
debard	debarred
debarr'd	debarred
debarre	debar
debarres	debars
debas'd	debased
debasde	debased
debash'd	debashed
debauch'd	debauched
debauch't	debauched
debaucht	debauched
debaush	debauch
debentvr	debentur
debilitie	debility
debitor	debtor
debonaire	debonair
debonayre	debonaire
debosh'd	deboshed
debosht	deboshed
debt-booke	debt-book
debt-bookes	debt-books
debte	debt
debter	debtor
debters	debtors
debtes	debts
debtour	debtor
debuty	deputy
decai'd	decayed
decaid	decayed
decaied	decayed
decaies	decays
decaieth	decayeth
decaues	decaves
decavs	decaus
decay'd	decayed
decayd	decayed
decaye	decay
decayes	decays
decayinge	decaying
decea'st	deceased
deceas'd	deceased
deceasd	deceased
deceasde	deceased
deceass'd	deceased
deceassed	deceased
deceast	deceased
deceau'd	deceived
deceaud	deceived
deceaue	deceive
deceaued	deceived
deceaues	deceives
deceav'd	deceived
deceave	deceive
deceaved	deceived
deceaving	deceiving
decein'd	deceined
deceipt	deceit
deceipte	deceit
deceiptes	deceits
deceiptfull	deceitful
deceipts	deceits
deceite	deceit
deceites	deceits
deceitfull	deceitful
deceiu'd	deceived
deceiu'st	deceivest
deceiud	deceived
deceiue	deceive
deceiued	deceived
deceiuedst	deceivedst
deceiuer	deceiver
deceiuers	deceivers
deceiues	deceives
deceiuest	deceivest
deceiueth	deceives
deceiuing	deceiving
deceiuued	deceiwed
deceiv'd	deceived
deceivd	deceived
deceiveable	deceivable
deceived'st	deceivedest
deceiveth	deceives
deceivs	deceives
decencie	decency
decended	descended
decerne	decern
deceue	deceve
deceued	deceived
deceuid	decevid
deceyptes	deceits
deceyt	deceit
deceyte	deceit
deceytfull	deceitful
deceytfulnes	deceitfulness
deceyu'd	deceived
deceyue	deceive
deceyued	deceived
deceyuing	deceiving
decipher'd	deciphered
deciu'd	deceived
decivs	decius
deck'd	decked
deck'st	deckest
deck't	decked
decke	deck
deckes	decks
deckt	decked
declaime	declaim
declamatorie	declamatory
declame	declaim
declaming	declaiming
declar'd	declared
declaracyon	declaration
declard	declared
declaryng	declaring
declarynge	declaring
declaym'd	declaimed
declayme	declaim
declin'd	declined
declyn'd	declined
declyne	decline
declynyng	declining
declynynge	declining
decoued	decoved
decoyes	decoys
decre	decree
decreas'd	decreased
decrede	decreed
decree'd	decreed
decreede	decreed
decrefauour	decrefavour
decrepid	decrepit
decrepite	decrepit
decri'd	decried
decryes	decries
decrée	decree
decréed	decreed
decréede	decreed
decrées	decrees
decyde	decide
decyding	deciding
decydyng	deciding
decypher	decipher
decyphering	deciphering
decyphers	deciphers
decyphred	deciphered
ded	dead
dede	deed
dedes	deeds
dedest	didst
dedicatorie	dedicatory
dedlie	deadly
dedly	deadly
deduc'd	deduced
deduc't	deduced
deede	deed
deedes	deeds
deedlesse	deedless
deem'd	deemed
deem'st	deemest
deemd	deemed
deemde	deemed
deeme	deem
deemes	deems
deep'st	deepest
deep-fetcht	deep-fetched
deep-mouthed	deepmouthed
deep-reuenging	deep-revenging
deepe	deep
deepe-braind	deep-brained
deepe-reaching	deep-reaching
deepelie	deeply
deepely	deeply
deepenesse	deepness
deepes	deeps
deeplie	deeply
deepnesse	deepness
deere	dear
deerebeloued	deerebeloved
deerelie	dearly
deerely	dearly
deerenes	dearness
deerer	dearer
deerest	dearest
deerly	dearly
deeth	death
defac'd	defaced
defac't	defaced
defaile	defail
defalk'd	defalked
defalke	defalk
defalt	default
defam'd	defamed
defaulk'd	defaulked
defaulte	default
defaute	default
defautes	defaults
defeat'st	defeatest
defeate	defeat
defeates	defeats
defectes	defects
defectiue	defective
defenc'd	defenced
defencelesse	defenceless
defende	defend
defendes	defends
defendres	defenders
defensatiues	defensatives
defensiue	defencive
defer'd	deferred
deferd	deferred
deferr'd	deferred
deferrd	deferred
deferre	defer
defēce	defence
defēdāts	defendants
defēde	defend
deffect	defect
deffects	defects
defi'd	defied
defiaunce	defiance
defide	defied
defie	defy
defign'd	designed
defigne	design
defil'd	defiled
defild	defiled
defilde	defiled
defin'd	defined
definitiue	definitive
defir'st	defirest
defire	desire
defires	desires
defiring	desiring
deflour'd	deflowered
defloure	deflower
defloured	deflowered
deflowr	deflower
deflowr'd	deflowered
deflowred	deflowered
deform'd	deformed
deformd	deformed
deforme	deform
deformed'st	deformedest
deformes	deforms
deformitie	deformity
defraid	defrayed
defraude	defraud
defrayes	defrays
defy'd	defied
defyance	defiance
defye	defy
defyed	defied
defyes	defies
defyld	defiled
defyle	defile
defyled	defiled
defyleth	defileth
defyned	defined
degenerat	degenerate
degrad	degrade
degre	degree
degree'd	degreed
degresse	degress
degrée	degree
degrées	degrees
deiect	deject
deiected	dejected
deiection	dejection
deiections	dejections
deiects	dejects
deifi'd	deified
deifie	deify
deify'd	deified
deign'd	deigned
deigne	deign
deignes	deigns
deintie	dainty
deinties	dainties
deinty	dainty
deitie	deity
deitye	deity
deityes	deities
dejectednesse	dejectedness
dek'd	deked
del	deal
delai'd	delayed
delaid	delayed
delaie	delay
delaies	delays
delapidate	dilapidate
delatorie	delatory
delay'd	delayed
delayd	delayed
delaye	delay
delayes	delays
dele	deal
dele-wine	deal-wine
delectacion	delectation
deliberatiue	deliberative
delicacie	delicacy
delicat	delicate
delicat'st	delicatest
delicats	delicates
deliciousnesse	deliciousness
delighful	delightful
delighte	delight
delightes	delights
delighteth	delights
delightfull	delightful
delightfulnesse	delightfulness
delightfulst	delightfullest
deliner'd	delinered
delite	delight
delites	delights
delitious	delicious
deliu'red	delivered
deliuer	deliver
deliuer'd	delivered
deliuer'em	deliver'em
deliuerance	deliverance
deliuerances	deliverances
deliuerāce	deliverance
deliuerd	delivered
deliuerde	deliverde
deliuered	delivered
deliuerer	deliverer
deliuerest	deliverest
deliuereth	delivereth
deliuerie	delivery
deliuering	delivering
deliuers	delivers
deliuerst	deliverst
deliuery	delivery
deliv'rd	deliu'rd
deliver'd	delivered
deliverd	delivered
dellicate	delicate
delt	dealt
deltaes	delta's
delue	delve
delusiue	delusive
delycates	delicates
delycious	delicious
delyght	delight
delyghtes	delights
delyuer	deliver
delyueraunce	deliverance
delyuered	delivered
delyuerynge	delivering
demande	demand
demandes	demands
demaund	demand
demaunde	demand
demaunded	demanded
demaundes	demands
demaunding	demanding
demaunds	demands
demaundyng	demanding
demaūd	demand
demaūded	demanded
demāded	demanded
demānd	demamnd
deme	deem
demean'd	demeaned
demeand	demand
demeane	demean
demeaner	demeanour
demeanes	demeans
demeanor	demeanour
demeanors	demeanours
demeanure	demeanour
demeanures	demeanours
demeasnes	demesnes
demed	deemed
demension	dimension
demensions	dimensions
demetrivs	demetrius
demi-culuerings	demi-culverings
demi-god	demigod
demi-gods	demigods
deminish'd	diminished
deminitiue	deminitive
demolish'd	demolished
demolish't	demolished
demolisht	demolished
demonstate	demonstrate
demonstraciō	demonstration
demonstrat	demonstrate
demonstratiuely	demonstratively
demonstratiues	demonstratives
demuring	demurring
demurr	demur
demurre	demur
demurres	demurs
den'd	dened
denay'd	denied
denaye	denay
deni'd	denied
deniall	denial
denialls	denials
denid'st	denidest
denide	denied
denie	deny
denie's	deny's
deniere	denier
denison'd	denisoned
denmarkes	denmarks
denne	den
dennes	dens
denounc'd	denounced
denounc't	denounced
denout	devout
dente	dent
dentyng	denting
denuntiat	denunciate
deny'd	denied
deny'st	deniest
denyal	denial
denyall	denial
denyde	denied
denye	deny
denyed	denied
denyes	denies
denyest	deniest
depart'st	departest
departe	depart
departed'st	departedest
departes	departs
departyd	departed
depayntes	depaints
depe	deep
depely	deeply
depelye	deeply
dependance	dependence
dependances	dependences
dependancies	dependencies
dependancy	dependency
depende	depend
dependes	depends
deper	deeper
depest	deepest
deplor'd	deplored
depos'd	deposed
deposd	deposed
deposde	deposed
deposite	deposit
deprau'd	depraved
deprauation	depravation
depraue	deprave
depraued	depraved
deprauer	depraver
deprauing	depraving
deprav'd	depraved
depressde	depressed
depresse	depress
deprest	depressed
depreued	depreved
depriu'd	deprived
depriue	deprive
depriued	deprived
depriuedst	deprivedst
depriues	deprives
depriuing	depriving
depriv'd	deprived
deprivall	deprival
deprivd	deprived
depror'd	deprored
depryu'd	deprived
depryue	deprive
depryued	deprived
depryues	depryves
depthe	depth
depthes	depths
depurynge	depuring
depvtesse	deputesse
der	there
derby-shire	derbyshire
dere	there
derely	dearly
derest	dearest
deri'd	deried
derid'st	deridest
deririu'd	deririved
deriu'd	derived
deriu'de	derived
deriuation	derivation
deriud	derived
deriue	derive
deriued	derived
deriuer	deriver
deriues	derives
deriuing	deriving
deriv'd	derived
derlynge	derling
dern	darn
derogacyon	derogation
derogat	derogate
derogatorie	derogatory
ders	dears
derth	dearth
derthe	dearth
deryued	deryved
desac'd	defaced
desaeuit	desaevit
desart	desert
desarte	desert
desartes	deserts
desartless	desertless
desarts	deserts
desastrous	disastrous
descant'st	descantest
descen	descend
descende	descend
descern'd	discerned
descerne	discern
descēded	descended
descēdeth	descendeth
descipher	decipher
desciphered	deciphered
desciption	description
descouer	descover
descouered	discovered
descretion	discretion
descri'd	descried
describ'd	described
describ'st	describest
describd	described
describde	describe
descride	descried
descrie	descry
descry'd	descried
descrybe	describe
descrybed	described
descrye	descry
descryed	descried
descryes	descries
deseas'd	diseased
desease	disease
deseases	diseases
desembling	dissembling
desend	descend
desending	descending
desent	descent
deser'd	desered
desern'd	deserned
deserre	defer
desert-lesse	desertless
deserte	desert
desertes	deserts
desertfull	desertful
desertis	deserts
desertlesse	desertless
deseru'd	deserved
deseru's	deserve's
deseru'st	deservest
deserud	deserved
deserude	deserved
deserue	deserve
deserued	deserved
deserued'st	deseruedest
deseruedly	deservedly
deseruer	deserver
deseruers	deservers
deserues	deserves
deseruest	deservest
deserueth	deserves
deseruing	deserving
deseruinges	deservings
deseruingly	deservingly
deseruings	deservings
deserust	deservest
deseruyng	deserving
deseruynge	deserving
deserv	deserve
deserv'd	deserved
deserv'st	deservest
deservd	deserved
deserved'st	deservedest
deservingst	deservingest
deservs	deserus
deservst	deservest
desev'd	deseved
desheueld	desheveld
desier	desire
desier'd	desired
desiers	desires
design'd	designed
designd	designed
designde	designed
designe	design
designement	designment
designements	designments
designes	designs
desil'd	defiled
desin'd	designed
desir'd	desired
desir'st	desirest
desird	desired
desirde	desired
desires-farwell	desires-farewell
desireth	desires
desiringe	desiring
desirouse	desirous
desirs	desires
desirst	desirest
deske	desk
deskes	desks
deslorw'd	deslorwed
desolacyon	desolation
desolu'd	dissolve
desolue	dissolve
desolution	dissolution
desp'rate	desperate
desp'rately	desperately
despair'd	despaired
despaird	despaired
despaire	despair
despairefull	despairful
despaires	despairs
desparate	desperate
desparing	despairing
despatch	dispatch
despatch'd	dispatched
despatcht	dispatched
despayre	despair
desperat	desperate
desperat'st	desperatest
desperatelie	desperately
desperatenesse	desperateness
desperatly	desperately
desperatnes	desperateness
despers'd	dispersed
despersed	dispersed
despight	despite
despighte	despight
despightfull	despiteful
despights	despites
despis'd	despised
despis'de	despised
despisd	despised
despisde	despised
despitefull	despiteful
despoil'd	despoiled
despoild	despoiled
despoile	despoil
despoyle	despoil
despoyled	despoiled
desprate	desperate
despys'd	despised
despyse	despise
despysed	despised
despyseth	despiseth
despysynge	despising
despyte	despite
desseigne	design
desseignes	designs
dessemble	dissemble
dessembling	dissembling
dessigne	design
dessolate	desolate
dest'ny	destiny
destenie	destiny
destenies	destinies
desteny	destiny
destenye	destiny
destillation	distillation
destin'd	destined
destinction	distinction
destind	destined
destinee	destiny
destines	destinies
destinie	destiny
destinyes	destinies
destitut	destitute
destnie	destiny
destnies	destinies
destnye	destiny
destracted	distracted
destraction	distraction
destressed	distressed
destroi'd	destroyed
destroied	destroyed
destroies	destroys
destrous	desirous
destroy'd	destroyed
destroyd	destroyed
destroyde	destroyed
destroye	destroy
destroyeng	destroying
destroyes	destroys
destroyinge	destroying
destruccion	destruction
destruction̄	destruction
destructiō	destruction
destructyon	destruction
destytute	destitute
desy'd	desyed
desyer	desire
desyre	desire
desyred	desired
desyres	desires
desyrest	desirest
desyreth	desireth
desyring	desiring
desyrous	desirous
desyryng	desiring
desyrynge	desiring
det	debt
detain'd	detained
detain'st	detainest
detaind	detained
detaine	detain
detaines	detains
detaynd	detained
detayne	detain
detayned	detained
detayning	detaining
detein	detain
detein'd	detained
determain'd	determained
determin	determine
determin'd	determined
determind	determined
determyn	determine
determyne	determine
determyned	determined
deterr'd	deterred
deterrs	deters
detestynge	detesting
deteyne	detain
deteyning	detaining
deth	death
detractiue	detractive
detractour	detractor
detrect	detract
detryment	detriment
detrymēt	detriment
deu'll	devil
deuant	devant
deuastation	devastation
deuel	devil
deuelish	devilish
deuell	devil
deuells	devells
deuen	deven
deuen-shyre	deven-shire
deuenshireman	devenshireman
deuenshy	devenshy
deuenshyre	devenshyre
deues	deves
deuest	devest
deui'sd	devi'sd
deui.	devi.
deuiate	deviate
deuiations	deviations
deuice	device
deuices	devices
deuid'st	devidest
deuide	divide
deuided	divided
deuider	devider
deuides	divides
deuie	devie
deuil	devil
deuil's	devil's
deuile	devile
deuilish	devilish
deuilishe	devilish
deuilishly	devilishly
deuill	devil
deuilles	devils
deuillish	devilish
deuillishly	devilishly
deuills	devils
deuils	devils
deuilship	devilship
deuilysh	devilish
deuine	divine
deuined	divined
deuines	divines
deuinest	divinest
deuining	devining
deuinity	divinity
deuis	devis
deuis'd	devised
deuisd	devised
deuisde	devised
deuise	devise
deuised	devised
deuisefull	deviseful
deuiser	deviser
deuises	devises
deuiseth	devises
deuising	devising
deuision	division
deuit	devit
deuitry	devitry
deuitry.	devitry.
deuiz'd	devised
deuizd	devised
deuize	devise
deuized	devised
deuo	devo
deuocion	devotion
deuocyon	devotion
deuocyō	devotion
deuoid	devoid
deuoide	devoid
deuoire	devoire
deuoish	devoish
deuolue	devolve
deuon-shire	devonshire
deuonshire	devonshire
deuorc'd	divorced
deuorc't	devorc't
deuorcde	devorcde
deuorce	divorce
deuorcement	divorcement
deuorsed	devorsed
deuorsement	devorsement
deuorst	devorst
deuot	devot
deuote	devote
deuoted	devoted
deuoting	devoting
deuotion	devotion
deuotions	devotions
deuouet	devouet
deuour	devour
deuour'd	devoured
deuour's	devour's
deuour'st	devourest
deuourd	devoured
deuoure	devour
deuoured	devoured
deuourer	devourer
deuourers	devourers
deuoures	devours
deuoureth	devoureth
deuouring	devouring
deuours	devours
deuouryng	devouring
deuourynge	devouring
deuout	devout
deuoute	devout
deuoutly	devoutly
deuower	devower
deuowr'd	devoured
deuowrde	devowrde
deuowre	devour
deuowred	devoured
deuoyd	devoid
deuoyde	devoid
deuoyer	devoyer
deuoyr	devoyr
deuoyre	devoyre
deutie	duty
deuties	duties
deuty	duty
deuyce	devyce
deuyde	divide
deuyded	divided
deuydynge	devyding
deuye	devye
deuyil	devyil
deuyl	devil
deuylishe	devylishe
deuyll	devil
deuyls	devils
deuyne	divine
deuysde	devised
deuyse	devise
deuysed	devised
deuysing	devising
deuysynge	devising
dev'lish	devilish
dev'llishly	deu'llishly
dev.	deu.
devesting	divesting
devide	divide
devided	divided
devill	devil
devill's	devil's
devillish	devilish
devillishly	devilishly
devills	devils
devine	divine
devines	divines
devinest	divinest
devis'd	devised
devision	division
devize	devise
devocions	devotions
devolv'd	devolved
devorced	divorced
devorcement	divorcement
devouers	devovers
devour'd	devoured
devourd	devoured
devoure	devour
devoures	devours
devoutlie	devoutly
devowr'd	devoured
devs	deus
devves	dews
devyl	devil
dew'd	dewed
dew-lapped	dewlapped
dewe	dew
dewie	dewy
dewly	duly
dewtie	duty
dewty	duty
dewtye	duty
dext'rous	dexterous
dexteritie	dexterity
dey	day
deynties	dainties
deytie	deity
deépe	deep
dēlights	denlights
dg'd	dged
dgrieue	dgrieve
di'd	died
di'de	died
di'dst	didst
di-uest	divest
diabolicall	diabolical
diabollicall	diabolical
diademe	diadem
diademes	diadems
diall	dial
dialog	dialogue
diamants	diamonds
diamon'd	diamoned
diamonde	diamond
diamondes	diamonds
diapason'd	diapason
diaphanall	diaphanal
diceing	dicing
dickins	dickens
dictionarie	dictionary
did'st	didst
didde	did
diddest	didst
dide	died
didest	didst
didle	diddle
didste	didst
dieng	dying
diers	dyers
diet-drinke	diet-drink
dietie	diety
diett	diet
diff'rence	difference
differ'd	differed
differencies	differences
differency	difference
differēce	difference
differring	differing
difficultie	difficulty
diffrence	difference
diffrent	different
diffring	differing
diffus'd	diffused
diffusd	diffused
diffusde	diffused
difinition	definition
dig'd	dug
digd	dug
digestiue	digestive
digg	dig
digg'd	dug
digge	dig
digges	digs
dignifie	dignify
dignitie	dignity
dignitie's	dignity's
dignitye	dignity
dignityes	dignities
dignyte	dignity
digrace	disgrace
digresse	digress
digrest	digressed
digt	digged
diguise	disguise
dilatacion	dilatation
dilatorie	dilatory
dilgence	diligence
dilicate	delicate
diligencē	diligence
diligent'st	diligentest
diligēce	diligence
diligēt	diligent
dilligence	diligence
dilligently	diligently
dilygent	diligent
dim'd	dimed
dim-sighted	dimsighted
dimd	dimmed
dimentions	dimensions
diminish'd	diminished
diminish't	diminished
diminishe	diminish
diminisht	diminished
diminitiue	diminutive
diminutiue	diminutive
dimm'd	dimmed
dimmd	dimmed
dimme	dim
dimme-ey'd	dimme-eyed
dimmes	dims
dimn'd	dimned
dimnes	dimness
dimnesse	dimness
din'd	dined
ding-dong	dingdong
dining-roome	diningroom
dinne	din
diocesse	diocese
dioyning	djoining
dip'd	dipped
diphilvs	diphilus
dippe	dip
dipt	dipped
directe	direct
directinge	directing
directlie	directly
directlye	directly
directour	director
directresse	directress
direfull	direful
direnesse	direness
dirision	derision
dis-affection	disaffection
dis-appoint	disappoint
dis-arm'd	disarmed
dis-auow	disavow
dis-become	disbecome
dis-burthen	disburthen
dis-cloake	discloak
dis-cloke	discloak
dis-countenanc'd	discountenanced
dis-countenance	discountenance
dis-countess'd	dis-countessed
dis-engage	disengage
dis-esteem'd	disesteemed
dis-esteeme	disesteem
dis-heartned	disheartened
dis-herite	disherit
dis-inchant	disenchant
dis-inchanted	disenchanted
dis-inherit	disinherit
dis-inherite	disinherit
dis-inheriting	disinheriting
dis-ioynts	disjoints
dis-membred	dismembered
dis-membring	dismembering
dis-oblige	disoblige
dis-parage	disparage
dis-pleas'd	displeased
dis-possest	dispossessed
dis-respect	disrespect
dis-seate	disseat
dis-stained	disstained
disabld	disabled
disaduantage	disadvantage
disadvantagious	disadvantageous
disallowe	disallow
disalowe	disallow
disanul'd	disanuled
disanull	disannul
disanull'd	disannulled
disanulled	disannulled
disapoint	disappoint
disapointed	disappointed
disapoynted	disappointed
disappoynt	disappoint
disappoynted	disappointed
disappoynting	disappointing
disaraied	disarrayed
disaray	disarray
disarayd	disarrayed
disarm'd	disarmed
disarmd	disarmed
disarme	disarm
disarmes	disarms
disarminge	disarming
disasterous	disastrous
disasterovs	disastrous
disastred	disastered
disauow	disavow
disauow'd	disavowed
disauowings	disavowings
disburden'd	disburdened
disburdned	disburdened
disburs'd	disbursed
disbursment	disbursement
disburst	disbursed
disburth'ned	disburdened
disc	discontent
discarde	discard
discease	disease
disceauer	disceaver
disceiue	disceive
discend	descend
discended	descended
discendeth	descendeth
discending	descending
discends	descends
discent	dissent
discention	dissension
discentions	dissensions
discents	descents
discern'd	discerned
discern'st	discernest
discernd	discerned
discerne	discern
discernes	discerns
disceyue	disceyve
disceyued	disceyved
discēded	descended
discharg	discharge
discharg'd	discharged
dischargd	discharged
dischargde	discharge
discheuel'd	dishevelled
discheueld	discheveld
discipher	decipher
disciphered	deciphered
disciphering	deciphering
disciplin	discipline
disciplin'd	disciplined
disciplind	disciplined
disciplinde	disciplined
disclaim'd	disclaimed
disclaim'st	disclaimest
disclaimd	disclaimed
disclaime	disclaim
disclaimes	disclaims
disclame	disclaim
disclaym'd	disclaimed
disclayme	disclaim
disclaymed	disclaimed
disclayming	disclaiming
discloake	discloak
disclos'd	disclosed
disclosd	disclosed
disclosde	disclosed
discloude	discloud
discoach'd	discoached
discolour'd	discoloured
discomfite	discomfit
discomforte	discomfort
discommende	discommend
discompos'd	discomposed
disconsolatenesse	disconsolateness
discontentes	discontents
discorage	discourage
discoragement	discouragement
discorde	discord
discordes	discords
discou'red	discovered
discouer	discover
discouer'd	discovered
discouerd	discovered
discouerde	discoverde
discouered	discovered
discouerer	discoverer
discouerers	discoverers
discouerie	discovery
discoueries	discoveries
discouering	discovering
discouers	discovers
discouery	discovery
discoueting	discoveting
discoulour'd	discoloured
discountenanc'd	discountenanced
discourag'd	discouraged
discoure	discover
discoured	discovered
discours'd	discoursed
discours't	discoursed
discoursd	discoursed
discoursiue	discursive
discoursive	discursive
discourst	discoursed
discourtesie	discourtesy
discov'ry	discovery
discover'd	discovered
discoverd	discovered
discoverie	discovery
discoveryes	discoveries
discōmend	discommend
discōmodities	discommodities
discrecion	discretion
discrecyon	discretion
discredite	discredit
discreete	discreet
discreetely	discreetly
discreetlie	discreetly
discret	discreet
discretiō	discretion
discretly	discreetly
discri'd	descried
discrib'd	described
discribe	describe
discribing	describing
discride	descried
discrie	descry
discried	descried
discription	description
discriptions	descriptions
discry	descry
discrye	descry
discrying	descrying
discréetly	discreetly
discursiue	discursive
discurteous	discourteous
discurtesie	discourtesy
discusse	discuss
discust	discussed
disdain'd	disdained
disdain'st	disdainest
disdaind	disdained
disdaine	disdain
disdaine-full	disdainful
disdaineful	disdainful
disdainefull	disdainful
disdainefullie	disdainfully
disdaines	disdains
disdainfull	disdainful
disdainst	disdainest
disdayn	disdain
disdaynd	disdained
disdayne	disdain
disdayned	disdained
disdayneful	disdainful
disdaynes	disdains
disdayneth	disdaineth
disdaynfull	disdainful
disdaynfully	disdainfully
disdayning	disdaining
disdeignd	disdained
disdeigne	disdain
disdeyned	disdained
diseas'd	diseased
diseasde	diseased
diseasefull	diseaseful
diseretion	discretion
diserne	discern
disert	desert
disesteem'd	disesteemed
disesteeme	disesteem
disfauour	disfavour
disfauours	disfavours
disfavour'd	disfavoured
disfigur'd	disfigured
disfranchis'd	disfranchised
disfurnisht	disfurnished
disgest	digest
disgeste	disgest
disgested	digested
disgestion	digestion
disgorg'd	disgorged
disgrac'd	disgraced
disgrac'st	disgracest
disgrac't	disgraced
disgrac't-esteemed	disgraced-esteemed
disgracefull	disgraceful
disgracst	disgracest
disgrast	disgraced
disgratious	disgracious
disgresse	disgress
disgui'd	disguied
disguis'd	disguised
disguisd	disguised
disguisde	disguised
disguiz'd	disguised
disguize	disguise
disguized	disguised
disgus'd	disgused
disguysde	disguised
disguyse	disguise
disguysed	disguised
dish'd	dished
dish-clouts	dishclouts
dishabled	disabled
disharten	dishearten
dishartned	disheartened
dishe	dish
dishearten'd	disheartened
disheartning	disheartening
disheauel'd	disheaveled
disheuel'd	dishevelled
disheueld	disheveld
dishevel'd	dishevelled
dishevell'd	dishevelled
dishevelled	disheveled
dishonestie	dishonesty
dishonor	dishonour
dishonor'd	dishonoured
dishonorable	dishonourable
dishonorably	dishonourably
dishonored	dishonoured
dishonoreth	dishonoureth
dishonoring	dishonouring
dishonors	dishonours
dishonour'd	dishonoured
dishumor'd	dishumoured
disinchant	disenchant
disingag'd	disengaged
disingage	disengage
disingaged	disengaged
disinherite	disinherit
disioint	disjoined
disiointed	disjointed
disioynd	disjoined
disioynde	disjoinde
disioyne	disjoin
disioynt	disjoined
disioynted	disjointed
disiunction	disjunction
disjoyn	disjoin
disjoyn'd	disjoined
dislik'd	disliked
dislikt	disliked
dislikyng	disliking
disliues	dislives
dislodg'd	dislodged
disloiall	disloyal
disloialtie	disloyalty
disloyall	disloyal
disloyaltie	disloyalty
disloyaltye	disloyalty
dislyking	disliking
dismaid	dismayed
dismaide	dismayed
dismaie	dismay
dismaied	dismayed
dismaies	dismays
dismal'st	dismallest
dismall	dismal
dismall'st	dismallest
dismay'd	dismayed
dismayd	dismayed
dismayde	dismayed
dismayes	dismays
dismembred	dismembered
dismis'd	dismissed
dismiss'd	dismissed
dismisse	dismiss
dismist	dismissed
dismountes	dismounts
disobay	disobey
disobay'd	disobeyed
disobaying	disobeying
disobey'd	disobeyed
disobeye	disobey
disolue	dissolve
disolued	dissolved
disolute	dissolute
disolve	dissolve
disolves	dissolves
disorder'd	disordered
disorderd	disordered
disordred	disordered
dispach	dispatch
dispach'd	dispatched
dispache	dispatch
dispacht	dispatched
dispaier	despair
dispair	despair
dispair'd	despaired
dispaire	despair
dispaires	despairs
dispairing	despairing
dispairs	despairs
disparadg'd	disparaged
disparadge	disparage
disparag'd	disparaged
disparagment	disparagement
disparidg'd	disparidged
disparitie	disparity
dispatc'd	dispatced
dispatch'd	dispatched
dispatch't	dispatched
dispatche	dispatch
dispatcht	dispatched
dispayre	despair
dispayred	despaired
dispayring	despairing
dispearse	disperse
dispearsed	dispersed
dispearseth	disperseth
dispearst	dispersed
dispenc'd	dispensed
dispence	dispense
dispenced	dispensed
dispens'd	dispensed
dispensiue	dispensive
dispenst	dispensed
disperate	desperate
disperc'd	dispersed
dispers'd	dispersed
dispersd	dispersed
disperseth	disperses
disperst	dispersed
dispiaceuole	dispiacevole
dispight	despite
dispis'd	despised
dispisde	despised
dispise	despise
dispised	despised
dispising	despising
dispite	despite
dispited	despited
dispitefully	despitefully
displac'd	displaced
displac't	displaced
displaid	displayed
displaide	displayed
displaie	display
displaied	displayed
display'd	displayed
displayd	displayed
displaye	display
displayes	displays
displeas'd	displeased
displeasd	displeased
displeasde	displeased
displese	displease
displesed	displeased
dispoild	despoiled
dispoile	despoil
dispoiled	despoiled
disponge	dispunge
disporte	disport
disportes	disports
dispos'd	disposed
disposd	disposed
disposde	disposed
disposess	dispossess
disposesse	disposxess
disposicions	dispositions
disposiciō	disposition
dispositiō	disposition
dispositiōs	dispositions
dispositon	disposition
dispossess'd	dispossessed
dispossesse	dispossess
dispossest	dispossessed
dispost	disposed
disposé	dispose
dispoyld	despoiled
dispoyle	despoil
disprais'd	dispraised
disprayse	dispraise
disprayses	dispraises
dispris'd	disprised
disproou'd	disproved
disprooue	disprove
disproportion'd	disproportioned
disprou'd	disproved
disproue	disprove
disputatiue	disputative
dispysde	despised
disquietted	disquieted
disrespectfull	disrespectful
disroab'd	disrobed
disrob'd	disrobed
dissarg'd	dissarged
dissauag'd	dissavaged
disseignes	designs
dissembl'd	dissembled
dissemblyng	dissembling
dissemblyngly	dissemblingly
dissencyon	dissension
dissention	dissension
dissentions	dissensions
disseuer	dissever
disseuered	dissevered
disseuerst	disseverst
disseur'd	disseured
dissever'd	dissevered
disshe	dish
dissimulacion	dissimulation
dissimulacyon	dissimulation
dissolu'd	dissolved
dissolud	dissolved
dissolue	dissolve
dissolued	dissolved
dissolues	dissolves
dissoluing	dissolving
dissolut	dissolute
dissolutelie	dissolutely
dissolv	dissolve
dissolv'd	dissolved
dissolv'st	dissolvest
disswade	dissuade
disswaded	dissuaded
disswades	dissuades
disswasions	dissuasions
distaffe	distaff
distaind	distained
distaine	distain
distast	distaste
distast'd	distasted
distastefull	distasteful
distastful	distasteful
distastfull	distasteful
distastfully	distastefully
distasts	distastes
distaunce	distance
distayne	distain
distāce	distance
distemp'red	distempered
distemper'd	distempered
distemperaunce	distemperance
distemperd	distempered
distemprature	distemperature
distempratures	distemperatures
distempred	distempered
distēpers	distempers
disticke	distich
distil'd	distilled
distild	distilled
distill	distil
distill'd	distilled
distill'st	distillest
distilld	distilled
distills	distils
distinguish'd	distinguished
distinguish't	distinguished
distinguisht	distinguished
distort	distorted
distraines	distrains
distreine	distrain
distres'd	distressed
distress'd	distressed
distresse	distress
distressefull	distressful
distrest	distressed
distroies	destroys
distroy	destroy
distroyed	destroyed
distruction	destruction
distructions	destructions
distructiō	destruction
distrustfull	distrustful
disturb'd	disturbed
disturbd	disturbed
disturbe	disturb
disturbes	disturbs
disvalued	disvalue
diswade	dissuade
diswaded	dissuaded
diswades	dissuades
ditch-delivered	ditch-delivereded
ditche	ditch
dittie	ditty
diu'd	dived
diu'lish	devilish
diuam	divam
diuas	divas
diue	dive
diue-dapper	dive-dapper
diueil	diveil
diuel	devil
diuel's	devil's
diuela	divela
diueles	diveles
diuelish	devilish
diuelishe	devilish
diuell	devil
diuell's	devil's
diuelles	divelles
diuellis	divellis
diuellish	devilish
diuells	devils
diuels	devils
diuels'clad	divels'clad
diuelships	divelships
diuelt	divelt
diuer	diver
diuers	diverse
diuersa	diversa
diuerse	diverse
diuersely	diversely
diuerses	diverses
diuersion	diversion
diuersitie	diversity
diuersiuolent	diversivolent
diuersly	diversely
diuert	divert
diuerted	diverted
diuertendo	divertendo
diuerter	diverter
diuerting	diverting
diues	dives
diuested	divested
diuice	divice
diuid'st	dividest
diuide	divide
diuided	divided
diuides	divides
diuiding	dividing
diuil	devil
diuill	devil
diuillish	divillish
diuills	devils
diuils	devils
diuin'd	divined
diuin'st	divinest
diuination	divination
diuinations	divinations
diuine	divine
diuine-is	divine-is
diuinely	divinely
diuiner	diviner
diuines	divines
diuinest	divinest
diuing	diving
diuining	divining
diuinings	divinings
diuinitie	divinity
diuinities	divinities
diuinity	divinity
diuino	divino
diuision	division
diuision's	division's
diuisional	divisional
diuisions	divisions
diuisos	divisos
diuites	divites
diuitiae	divitiae
diuo	divo
diuorc'd	divorced
diuorc't	divorced
diuorcd	divorcd
diuorcde	divorcde
diuorce	divorce
diuorced	divorced
diuorcements	divorcements
diuorces	divorces
diuorcing	divorcing
diuore't	divore't
diuoroe	divoroe
diuors't	divors't
diuorsd	divorsd
diuorse	divorce
diuorsing	divorsing
diuorst	divorst
diuortij	divortij
diuortium	divortium
diuos	divos
diuotissimis	divotissimis
diurnall	diurnal
diuuills	diwills
diuul'st	diwlest
diuulg'd	divulged
diuulgd	diwlgd
diuulgde	diwlgde
diuulge	divulge
diuum	diwm
diuyne	divine
diūers	diuners
div'd	dived
divel	devil
divel's	devil's
divelish	devilish
divelishly	devilishly
divell	devil
divell's	devil's
divell-given	devil-given
divellish	devilish
divellishly	devilishly
divells	devils
divels	devils
divers	diverse
divers-coloured	diverse-coloured
diversly	diversely
divid'st	dividest
divilish	devilish
divill	devil
divills	devils
divils	devils
divine-form'd	divine-formed
divinitie	divinity
divisvs	divisus
divoc'd	divoced
divor'd	divored
divorc'd	divorced
divorc't	divorced
divorse	divorce
divulg'd	divulged
dizie	dizzy
dizzie	dizzy
dizzinesse	dizziness
dn̄o	dno
do'es	does
do'st	dost
doale	dole
doat	dote
doat'st	dotest
doate	dote
doated	doted
doates	dotes
doating	doting
doatingly	dotingly
doatings	dotings
doats	dotes
doble	double
docke	dock
docters	doctors
doctor-like	doctorlike
doctorall	doctoral
doctour	doctor
doctours	doctors
doctours-gowne	doctors-gown
doctresse	doctress
doctrin	doctrine
doctrinall	doctrinal
doctryne	doctrine
doctryng	doctring
documentes	documents
doeing	doing
doeings	doings
doen	done
doest	dost
doeth	doth
doē	done
doffe	doff
doft	doffed
dog'd	dogged
dog'st	dogest
dog-bolt	dogbolt
dog-daies	dogdays
dog-dayes	dogdays
dog-fish	dogfish
dog-hole	doghole
dog-ship	dogship
dog-skin	dogskin
dog-trick	dogtrick
dogg	dog
dogg'd	dogged
dogge	dog
dogge's	dog's
dogge-whippes	doggewhippes
dogged'st	doggedest
doggednesse	doggedness
dogges	dogs
dogges-mouth	dogs-mouth
doggs	dogs
doghter	daughter
dogmaticall	dogmatical
dogs-head	dogshead
doinge	doing
doinges	doings
dolauit	dolavit
dole-beere	dole-beer
doleful'st	dolefulest
dolefull	doleful
dolful	doleful
dolfull	doleful
doliue	dolive
doliuer	doliver
dollers	dollars
dolor	dolour
dolors	dolours
dolourous	dolorous
doltes	dolts
doltishe	doltish
dom'd	domed
domage	damage
dombe	dumb
domes-day	domesday
domesticall	domestical
domestick	domestic
domesticke	domestic
domesticks	domestics
domestique	domestic
domidvca	domiduca
domineer'd	domineered
domineere	domineer
dominer'st	dominerest
domineres	domineers
dominering	domineering
dominicall	dominical
domvs	domus
domynyon	dominion
don'd	doned
donatiue	donative
donatiues	donatives
donbt	doubt
dongeon	dungeon
dongeons	dungeons
donghill	dunghill
dont	doubt
donvsa	donusa
doo	do
doo'd	dooed
doo'st	dost
dooble	double
doobt	doubt
dooe	do
dooe's	do's
dooer	doer
dooers	doers
dooes	does
dooest	dost
dooing	doing
dooings	doings
doom'd	doomed
doomb'd	doomed
doomd	doomed
doome	doom
doomes	dooms
doomes-day	doomsday
doomesday	doomsday
dooms-day	doomsday
doon	done
doone	done
door-keeper	doorkeeper
doore	door
doore's	door's
doore-keeper	doorkeeper
doore-keepers	doorkeepers
doores	doors
doost	dost
dooth	doth
doothe	doth
dooue	dove
dooues	doves
dor-mouse	dormouse
dore	door
dore's	door's
dore-keeper	doorkeeper
dore-keeping	door-keeping
dores	doors
dorick	doric
dorindas	dorinda's
dos't	dost
dosht	dost
doste	dost
dot'st	dotest
dotarde	dotard
dotardes	dotards
doteing	doting
doterd	dotard
dothe	doth
doting'st	dotingest
dottard	dotard
dottrel	dotterel
dottrell	dotterels
dotyng	doting
doubble	double
doubl'd	doubled
double-leaued	double-leaved
double-slaue	double-slave
double-toung'd	double-tounged
doublenesse	doubleness
doubleth	doubles
doubt'd	doubted
doubt'st	doubtest
doubte	doubt
doubtefull	doubtful
doubtes	doubts
doubtfull	doubtful
doubtfullie	doubtfully
doubtfulnes	doubtfulness
doubtfulnesse	doubtfulness
doubtles	doubtless
doubtlesly	doubtlessly
doubtlesse	doubtless
doubtst	doubtest
doubtyng	doubting
doue	dove
doue-holes	dove-holes
doue-house	dovehouse
doue-like	dovelike
douelike	dovelike
douer	dover
douers	dovers
doues	doves
dough-bak'd	dough-baked
doughter	daughter
doughters	daughters
doun	down
doun-right	downright
doune	down
douotion's	dovotion's
douourer	dovourer
dout	doubt
doute	doubt
douted	doubted
doutes	doubts
doutful	doubtful
doutfull	doubtful
doutfullye	doubtfully
doutles	doubtless
doutlesse	doubtless
douts	doubts
douvt	dovut
dovble	double
dovbtfvll	doubtful
dove-cote	dovecote
dove-house	dovehouse
dove-like	dovelike
dovlosis	doulosis
dovvn	down
dovvne	down
dovvry	dowry
dow-bak'd	dow-baked
dowbles	doubles
dowdie	dowdy
dowerlesse	dowerless
dowery	dowry
dowle	dowl
down'st	downest
down-cast	downcast
down-right	downright
down-trod	downtrod
down-ward	downward
down-wards	downwards
downe	down
downe-bed	downbed
downe-beds	down-beds
downe-bowed	down-bowed
downe-cast	downcast
downe-fall	downfall
downe-lands	down-lands
downe-lyers	down-liars
downe-lying	downlying
downe-right	downright
downe-trod	downtrod
downe-ward	downward
downe-wards	downwards
downefall	downfall
downefull	downeul
downeright	downright
downes	downs
downeward	downward
downewarde	downward
downewardes	downwards
downewards	downwards
downfal	downfall
downie	downy
dowre	dowry
dowrie	dowry
dowrye	dowry
dowt	doubt
dowts	doubts
doxey	doxy
doxie	doxy
doyng	doing
doynge	doing
doynges	doings
doyte	doit
dozē	dozen
dō	dom
dōme	domme
dōnetta	donnetta
dra	dram
drab-driuer	drab-driver
drabb	drab
drabbe	drab
drabbs	drabs
drachme	drachma
drachmes	drachmas
drad	dread
dradg'd	dradged
draffe	draff
draffysh	draffish
drag'd	dragged
dragd	dragged
dragg	drag
dragg'd	dragged
dragge	drag
dragges	drags
draggon	dragon
draggons	dragons
draggs	drags
dragon-like	dragonlike
dragones	dragons
dragō	dragon
drain'd	drained
draind	drained
draine	drain
dram'd	dramed
dramatick	dramatic
dramatique	dramatic
drammatick	drammatic
dramme	dram
drancke	drank
dranke	drank
drator	orator
draue	drave
drauen	draven
dravv	draw
dravves	draws
dravveth	draws
draw'n	drawn
draw'st	drawest
drawe	draw
drawen	drawn
drawes	draws
drawē	drawn
drawne	drawn
drawne-worke	drawn-work
drawst	drawest
drawste	draws
drawyng	drawing
drayneth	draineth
dread'st	dreadest
dreade	dread
dreades	dreads
dreadfull	dreadful
dreadles	dreadless
dreadlesse	dreadless
dreadyng	dreading
dream'd	dreamt
dream'st	dreamest
dream't	dreamt
dreamd	dreamt
dreamd'st	dreamdest
dreame	dream
dreames	dreams
dreaminge	dreaming
dreamp't	dreamt
dreampt	dreamt
dreamst	dreamest
drearie	dreary
dred	dreaded
drede	dread
dreded	dreaded
dredes	dreads
dredeth	dreadeth
dredful	dreadful
dredfull	dreadful
dreg'd	dredged
dregge	dreg
dregges	dregs
dreggs	dregs
drein'd	drained
drench'd	drenched
drench't	drenched
drenche	drench
drencht	drenched
drenchyng	drenching
drerie	dreary
dreriment	dreariment
drery	dreary
drerye	dreary
dres'd	dressed
dres't	dressed
dress'd	dressed
dress't	dressed
dresse	dress
dressynge	dressing
drest	dressed
dreste	dressed
dreuen	dreven
drevv	drew
drew'st	drewest
drewe	drew
drewst	drewest
drēch	drench
drēched	drenched
dri'd	dried
dribling	dribbling
dride	dried
drie	dry
drie-foot	dryfoot
drieuan	drievan
drifte	drift
driftes	drifts
drill'd	drilled
drinck	drink
drincke	drink
drincking	drinking
drinesse	dryness
drink'st	drinkest
drinke	drink
drinke's	drink's
drinkeing	drinking
drinkes	drinks
drinkinge	drinking
drinkyng	drinking
driping	dripping
dripping-pannes	dripping-pans
driu'st	drivest
driue	drive
driuelbeard	drivelbeard
driueling	drivelling
driuell	drivel
driuen	driven
driuer	driver
driues	drives
driueth	drives
driuing	driving
drizling	drizzling
drizzles	drizzle
droan'd	droaned
droanes	drones
droile	droil
drommes	drums
dronk	drunk
dronkard	drunkard
dronke	drunk
dronken	drunken
droonke	drunk
droop'd	drooped
droope	droop
droopes	droops
droopeth	droops
droopie	droopy
droopt	drooped
drop'd	dropped
drop't	dropped
droping	drooping
dropp	drop
dropp'd	dropped
droppe	drop
droppes	drops
dropps	drops
dropsie	dropsy
dropst	droppest
dropt	dropped
drosse	dross
drossie	drossy
droue	drove
drouen	droven
drouer	drover
drouers	drovers
droughth	drought
droughtie	droughty
droun'd	drowned
dround	drowned
drounde	drowned
drouned	drowned
droup	drop
droup'd	drouped
droupe	droop
drouping	drooping
droupt	drooped
drousie	drowsy
drousines	drowsiness
drouzy	drowsy
drovvns	drowns
drowe	drew
drown'd	drowned
drown'd-land	drowned-land
drown'd-lands	drowned-lands
drown'st	drownest
drownd	drowned
drownde	drowned
drownds	drowns
drowne	drown
drownes	drowns
drowsie	drowsy
drowsines	drowsiness
drowsinesse	drowsiness
drowsye	drowsy
drowzy	drowsy
drōkē	drunken
drudg	drudge
drudg'd	drudged
drudge's	drudg's
drudgerie	drudgery
drudginge	drudging
drudgyng	drudging
drue	drew
druge	drudge
drugery	drudgery
drugg	drug
drugge	drug
drugges	drug
druggs	drugs
drum-stick	drumstick
drum-sticke	drumstick
drumme	drum
drummes	drums
drumms	drums
drunck	drunk
drunckard	drunkard
drunckards	drunkards
druncke	drunk
druncken	drunken
drunkarde	drunkard
drunke	drunk
drunkenes	drunkenness
drunkenesse	drunkenness
drunkennes	drunkenness
drunkennesse	drunkenness
drunknesse	drunkenness
drūk	drunk
drūmers	drummers
drv.	dru.
drvgger	drugger
drvms	drums
drvrie-lane	drurie-lane
drvry	drury
drvsv's	drusu's
drvsvs	drusus
dry'd	dried
dry-foot	dryfoot
dry-skinn'd	dry-skinned
dryd	dread
drye	dry
drye-foote	dryfoot
dryed	dried
dryer	drier
dryes	dries
dryest	driest
dryncke	drink
drynes	dryness
drynesse	dryness
drynke	drink
drynkynge	drinking
dryue	drive
dryuen	driven
dryues	dryves
dryuē	driven
dsguis'd	dsguised
du-pe	dupe
duabus	dvabus
duaunce	dvaunce
dub'd	dubbed
dubb'd	dubbed
dubbe	dub
dubble	double
dubd	dubbed
duble	double
dublet	doublet
dubleth	doubleth
dublets	doublets
dublett	doublet
dubling	doubling
ducate	ducat
ducates	ducats
ducattes	ducats
duccat	ducat
duccats	ducats
duches	duchess
duchesse-sonnes	duchess-sons
duchie	duchy
duck'd	ducked
duckat	ducat
duckates	ducats
duckats	ducats
ducke	duck
duckes	ducks
duckets	ducats
duckt	ducked
dudgen	dudgeon
dudgion	dudgeon
duel	dvel
dueller	dveller
duells	duels
duels	dvels
duely	duly
duenn	dvenn
duenn'as	dvenn'as
duennas	dvennas
duenture	dventure
duery	duty
duet	dvet
duetie	duty
dueties	duties
duetifull	dutiful
duety	duty
duetye	duty
dugeon	dudgeon
dugge	dug
dugges	dugs
duggs	dugs
duise	dvise
duizes	dvizes
duk	duke's
duk's	duke's
duk-ling	duke-ling
duke-dome	dukedom
duke-domes	dukedoms
duke-doms	dukedoms
duke-doome	duke-doom
duke-doomes	duke-dooms
dukedome	dukedom
dukedomes	dukedoms
dukē	duken
dul'd	dulled
duld	dulled
duliuer	duliver
dull'd	dulled
dulle	dull
dulles	dulls
dullnesse	dullness
dullyng	dulling
dullynge	dulling
dulnes	dulness
dulness	dullness
dulnesse	dulness
dumaiue	dumaive
dumaiue.	dumaive.
dumb'd	dumbed
dumbe-shew	dumb-show
dumbnesse	dumbness
dumme	dumb
dumpes	dumps
dumpl'd	dumpled
dumpysh	dumpish
dun-coloured	dun-colored
dunder-head	dunderhead
dung'd	dunged
dung-hill	dunghill
dung-hills	dunghills
dung-worme	dung-worm
dunge	dung
dungeō	dungeon
dunghil	dunghill
dunghils	dunghills
dungion	dungeon
dunne	dun
dunsatiue	dunsative
duo	dvo
duobus	dvobus
duodecim	dvodecim
duodecima	dvodecima
duos	dvos
duraunce	durance
dureable	durable
durste	durst
durt	dirt
durte	dirt
durtie	dirty
durty	dirty
durtye	dirty
duryng	during
durynge	during
duske	dusk
duskie	dusky
duskye	dusky
duskyng	dusking
duste	dust
dustie	dusty
dustye	dusty
dutch-girle	dutch-girl
dutch-man	dutchman
dutch-men	dutchmen
dutch-mens	dutch-men's
dutch-women	dutchwomen
dutche	dutch
dutches	duchess
dutchess's	duchess's
dutchesse	duchess
dutchesses	duchesses
dutchēsse	duchess
dutchie	duchy
dutchmā	dutchman
dutchmās	dutchmans
dutchy	duchy
dutie	duty
dutie's	duty's
dutifull	dutiful
dutious	duteous
dutye	duty
dutyes	duties
dutyfull	dutiful
dū	dum
dūgeon	dungeon
dūphobus	dumphobus
dūps	dumps
dvcem	ducem
dvkes	dukes
dvl.	dul.
dvla	dula
dvlippo	dulippo
dvmb	dumb
dvmbe	dumb
dvtchesse	dutchesse
dvtton	dutton
dvvell	dwell
dvvelling	dwelling
dvvels	dwells
dwarfe	dwarf
dwarfe's	dwarf's
dwarfes	dwarves
dwarffe	dwarf
dwarffs	dwarfs
dwel	dwell
dwel's	dwell's
dwel'st	dwellest
dwelld	dwelled
dwelles	dwells
dwelleth	dwells
dwellst	dwellest
dwellyng	dwelling
dwels	dwells
dy	die
dy'd	died
dy'de	died
dy'st	diest
dyall	dial
dyals	dials
dyamond	diamond
dyamondes	diamonds
dyamonds	diamonds
dyce	dice
dyce-house	dice-house
dycing	dicing
dyd	did
dyddest	didst
dyde	died
dydst	didst
dye'd	died
dyeing	dying
dyeng	dying
dyes	die
dyest	diest
dyet	diet
dyet-bread	diet-bread
dyet-drinke	diet-drink
dyets	diets
dylygence	diligence
dylygent	diligent
dylygentlye	diligently
dymnesse	dimness
dyn'd	dined
dynde	dined
dyne	dine
dyned	dined
dyneth	dineth
dyning	dining
dyning-chamber	dining-chamber
dynner	dinner
dynt	dint
dyre	dire
dyrect	direct
dyrectly	directly
dyrefull	direful
dysceiued	dysceived
dyscerne	discern
dyscharge	discharge
dysclose	disclose
dyscrete	discrete
dysdaynd	disdained
dysdayne	disdain
dysdaynest	disdainest
dysdaynfullye	disdainfully
dysease	disease
dyseased	diseased
dyshes	dishes
dysheuylde	dyshevylde
dyshonoure	dishonour
dysmayd	dismayed
dysobedyēce	dysobedyence
dyspayre	despair
dyspersed	dispersed
dysplaye	display
dysplease	displease
dyspleased	displeased
dyspleasure	displeasure
dyspleasures	displeasures
dyspose	dispose
dysposed	disposed
dysposynge	dysposing
dyspute	dispute
dyspysed	despised
dysseuer	dyssever
dysseuered	dyssevered
dysswadynge	dysswading
dystick	distich
dystresse	distress
dystroye	destroy
dysturbed	disturbed
dytche	ditch
dyuell	devil
dyuelysh	dyvelysh
dyuers	dyvers
dyuerse	diverse
dyuerselye	dyverselye
dyuersly	diversely
dyuils	dyvils
déed	deed
déede	deed
déedes	deeds
déeds	deeds
déeme	deem
déemes	deems
déemest	deemest
déeming	deeming
déep	deep
déepe	deep
déepely	deeply
déeper	deeper
déepest	deepest
déeply	deeply
déepnesse	deepness
déere	dear
déerely	dearly
déerer	dearer
e'en	even
e'er	ever
e'er-remaining	ever-remaining
e're	ever
e're-while	erewhile
e'relong	erelong
eache	each
eafie	easy
eagernesse	eagerness
eagle-ey'd	eagle-eyed
eagre	eager
eal'd	ealed
ear'd	eared
ear-wax	earwax
eard	eared
eare	ear
eare's	ear's
eare-ring	earring
eare-rings	earrings
eare-waxe	earwax
eare-wigs	earwigs
eare-witnesse	earwitness
earelie	early
earely	early
earerings	earrings
eares	ears
earewigs	earwigs
earldome	earldom
earldomes	earldoms
earle	earl
earles	earls
earlie	early
earlines	earliness
earlinesse	earliness
earn'd	earned
earn'st	earnest
earnd	earned
earne	earn
earnes	earns
earneste	earnest
earnestlie	earnestly
earnestnes	earnestness
earnestnesse	earnestness
earns	yearns
earnst	earnest
earst	erst
earth'd	earthed
earth-borne	earthborn
earth-bound	earthbound
earth-bred	earthbred
earth-mettall'd	earth-mettalled
earth-quake	earthquake
earth-quakes	earthquakes
earth-worm	earthworm
earth-wormes	earthworms
earth-worms	earthworms
earthe	earth
earthes	earth's
earthie	earthy
earthlie	earthly
earths	earth's
eas'd	eased
eas'ly	easily
easd	eased
easde	eased
ease-full	easeful
easefull	easeful
easelie	easily
easely	easily
easi'st	easiest
easie	easy
easie-spirited	easy-spirited
easiely	easily
easili'st	easiliest
easilie	easily
easines	easiness
easinesse	easiness
easly	easily
east-cheape	eastcheap
east-ward	eastward
easte	east
easter-eeue	easter-eeve
easter-eue	easter-eve
easterne	eastern
easye	easy
easyer	easier
easyest	easiest
eat'st	eatest
eatch	each
eate	eat
eates	eats
eatē	eaten
eatyng	eating
eatynge	eating
eaue-drops	eave-drops
eauen	eaven
eaues	eaves
eaues-dropping	eaves-dropping
eauesdroppe	eavesdrop
eauing	eaving
eb'd	ebbed
ebb'd	ebbed
ebbe	ebb
ebbes	ebbs
ebonie	ebony
ebrew	hebrew
ebs	ebbs
ec	aec
eccentricall	eccentrical
eccentrick	eccentric
eccho	echo
eccho'd	echoed
eccho's	echo's
eccho-like	echo-like
ecchoes	echoes
ecchoing	echoing
ecchos	echoes
ecclesiasticall	ecclesiastical
ecclesiasticke	ecclesiastic
ecclesiastique	ecclesiastic
ecclip'd	eccliped
ecclips'd	eclipsed
ecclipse	eclipse
ecclipseth	eclipseth
ecclipsing	eclipsing
ecclipst	eclipsed
ecco	echo
ech	each
ech-part	each-part
eche	eke
echo'st	echoest
eclips	eclipse
eclips'd	eclipsed
eclipst	eclipsed
ecliptick	ecliptic
eclipticke	ecliptic
eclis'd	eclised
eclypses	eclipses
edefying	edifying
edg	edge
edg'd	edged
edgd	edged
edge-toole	edge-tool
edgvvorth	edgworth
edifie	edify
ediles	aediles
edisie	edify
editiō	edition
edouard	edovard
edouart	edovart
educatour	educator
edvv	edw
edvvard	edward
edvvards	edwards
edyfying	edifying
eele	eel
eeue	eeve
eeuen	even
eeues	eeves
efects	effects
effaeminate	effeminate
effecte	effect
effectes	effects
effectlesse	effectless
effectuall	effectual
effectualnesse	effectualness
effence	essence
efficacie	efficacy
efficiencie	efficiency
effigie	effigy
eft-soone	eftsoon
efte	eft
eftsones	eftsoon
eftsoones	eftsoons
eg-shell	eggshell
egall	equal
egally	equally
eger	eager
egerlye	eagerly
egg-shell	eggshell
egg-shells	eggshells
egge	egg
egge-shell	eggshell
egge-shels	eggshells
egges	eggs
eggeshell	eggshell
egiptian	egyptian
egiptians	egyptians
egiptiā	egyptian
egles	eagles
egma	enigma
egresse	egress
egs	eggs
egshell	eggshell
egyptia	egyptian
ei'd	eyed
eie	eye
eie'd	eieed
eie-browes	eyebrows
eie-liddes	eyelids
eie-lids	eyelids
eie-sight	eyesight
eie-sore	eyesore
eiectment	ejectment
eiects	ejects
eied	eyed
eies	eyes
eiesight	eyesight
eight-pennie	eight-penny
eight-score	eightscore
either-side	eitherside
eithers	either's
eiusleuibus	eiuslevibus
ek	eke
elboes	elbows
elbowe	elbow
elbowes	elbows
eld'st	eldest
elde	eld
eleane	elean
eleauen	eleaven
eleauē	eleaven
electe	elect
electiō	election
elegancie	elegancy
elegantlie	elegantly
elegāt	elegant
elegie	elegy
elemencie	clemency
elementall	elemental
elementarie	elementary
elementes	elements
elemēt	element
elequent	eloquent
eleuate	elevate
eleuated	elevated
eleuating	elevating
eleuation	elevation
eleuen	eleven
eleuenth	eleventh
elevtheria	eleutheria
elfe	elf
eliahs	eliah's
elie	ely
elisiā	elisian
elizaes	eliza's
elizian	elysian
elles	else
elme	elm
eloath'd	eloathed
eloquētly	eloquently
eloquution	elocution
eloquutions	elocutions
els	else
else-where	elsewhere
elswhere	elsewhere
elues	elves
eluish	elvish
eluishe	elvish
eluysh	elvish
em'd	emed
embalm'd	embalmed
embalme	embalm
embark'd	embarked
embark't	embarked
embarke	embark
embarkt	embarked
embarqu'd	embarked
embarque	embark
embarqued	embarked
embarquements	embarkments
embas'd	embased
embasage	embassage
embasie	embassy
embassador	ambassador
embassadors	ambassadors
embassadour	ambassador
embassadour's	ambassador's
embassadours	ambassadors
embassie	embassy
embattailed	embattled
embellish'd	embellished
embellisht	embellished
ember-weekes	ember-weeks
emblazon'd	emblazoned
embleames	emblems
emblematicall	emblematical
embleme	emblem
emblemes	emblems
embolden'd	emboldened
emboldned	emboldened
emboss'd	embossed
embost	embossed
embowel'd	embowelled
embowell	embowel
embowelled	emboweled
embrac'd	embraced
embrac't	embraced
embraceing	embracing
embracyng	embracing
embrase	embrace
embrasing	embracing
embrast	embraced
embraste	embraced
embrasyng	embracing
embrevved	imbrued
embrew'd	imbrued
embrewd	imbrued
embrewed	imbrued
embroder'd	embroidered
embroderd	embroidered
embrodered	embroidered
embroderie	embroidery
embroderies	embroideries
embrodery	embroidery
embrodred	embroidered
embroider'd	embroidered
embroiderie	embroidery
embroild	embroiled
embroyder	embroider
embroyder'd	embroidered
embroydered	embroidered
embroyderers	embroiderers
embroyderie	embroidery
embroyderies	embroideries
embroydery	embroidery
embroydred	embroidered
embroyl'd	embroiled
embru'd	embrued
embrude	embrued
embrue	imbrue
emeraulds	emeralds
emiment	eminent
eminencie	eminency
eminētest	eminentest
emissarie	emissary
emnitie	emnity
emong	among
emp'ror	emperor
emp'rour	emperor
empair'd	impaired
empaire	impair
empaired	impaired
empal'd	impaled
empale	impale
empaled	impaled
empaling	impaling
empalled	impaled
empar'd	empared
empart	impart
emparted	imparted
empassion'd	impassioned
empeach	impeach
empeacht	impeached
emperesse	empress
emperesses	empresses
emperial	imperial
emperial's	imperial's
emperiall	imperial
empericke	empiric
emperie	empery
emperors	emperor's
emperour	emperor
emperour's	emperor's
emperoures	emperors
emperours	emperors
emperovr	emperour
emphaticall	emphatical
emphaticaly	emphatically
empier	empire
emploi'd	employed
emploid	employed
emploie	employ
emploied	employed
emploiment	employment
emploiments	employments
emplore	implore
employ'd	employed
employd	employed
employe	employ
employes	employs
employmēt	employment
emply	imply
empouerishing	impoverishing
empoysoner	empoisoner
empresse	empress
emprez'd	emprezed
emprinted	imprinted
emprisoned	imprisoned
emprisonment	imprisonment
emprour	emperor
empti'd	emptied
emptie	empty
emptines	emptiness
emptinesse	emptiness
empty'd	emptied
emptyed	emptied
empyre	empire
emtie	empty
emtomb'd	emtombed
emules	aemules
en-sphear'd	ensphered
en-tayld	entailed
enabl'd	enabled
enamel'd	enamelled
enameld	enamelled
enameled	enamelled
enamell	enamel
enamell'd	enamelled
enamelled	enameled
enamor'd	enamoured
enamored	enamoured
enamour'd	enamoured
enamourd	enamoured
enauis	enavis
enbalm'd	embalmed
enbrodered	embroidered
encamp'd	encamped
encampe	encamp
encampt	encamped
enchac'd	enchased
enchain'd	enchained
enchaind	enchained
enchaines	enchains
enchanters	enchanter's
enchantresse	enchantress
encharm'd	encharmed
enchas'd	enchased
enchast	enchased
enchaunt	enchant
enchaunted	enchanted
enchaunting	enchanting
enchauntmentes	enchantments
enchauntresse	enchantress
enchaūtments	enchantments
enchaynd	enchained
enchaynde	enchained
enchayned	enchained
enclin'd	inclined
enclinatiō	enclination
enclind	inclined
encline	incline
enclined	inclined
enclines	inclines
enclining	inclining
encloased	enclosed
enclos'd	enclosed
enclosde	enclosed
enclynd	inclined
enclynde	inclined
enclyne	incline
enclyned	inclined
encomber	encumber
encombrances	encumbrances
encombred	encumbered
encomiastick	encomiastic
encomiastique	encomiastic
encompas	encompass
encompass'd	encompassed
encompasse	encompass
encompast	encompassed
encorage	encourage
encoraged	encouraged
encounter'd	encountered
encounterd	encountered
encounteryng	encountering
encountred	encountered
encountring	encountering
encourag'd	encouraged
encourag'st	encouragest
encouragd	encouraged
encouragment	encouragement
encoūter	encounter
encoūtred	encountered
encōpast	encompassed
encreace	increase
encreas	increase
encreas'd	increased
encreasde	increased
encrease	increase
encreased	increased
encreases	increases
encreaseth	increases
encreasing	increasing
encreast	increased
encreasyng	increasing
encrese	increase
encroche	encroach
encroching	encroaching
encumbrāces	encumbrances
encumbred	encumbered
endanger'd	endangered
endangerdd'st	endangerddest
endaunger	endanger
endaungered	endangered
endaungering	endangering
ende	end
endeadeavour'd	endeadeavoured
endear'd	endeared
endeare	endear
endeauor'd	endeavoured
endeauour	endeavour
endeauours	endeavours
endeavor	endeavour
endeavors	endeavours
endeavour'd	endeavoured
endebted	indebted
endeer'd	endeared
endeere	endear
endeered	endeared
endeering	endearing
endered	endeared
endes	ends
endeuer	endeavour
endeuor	endeavour
endeuored	endeavoured
endeuoring	endeavouring
endeuors	endeavours
endeuour	endeavour
endeuour'd	endeavoured
endeuoured	endeavoured
endeuours	endeavours
endevor	endeavour
endevour	endeavour
endevour'd	endeavoured
endevoured	endeavoured
endevours	endeavours
endew'd	endued
endewed	endued
endimions	endymions
endinge	ending
endityng	enditing
endiue	endive
endles	endless
endlesly	endlessly
endlesse	endless
endow'd	endowed
endowe	endow
endu'd	endued
endude	endued
endur'd	endured
enduratiue	endurative
endurde	endure
endurynge	enduring
endyng	ending
endyte	endite
endyting	enditing
enemie	enemy
enemis	enemies
enemye	enemy
enemyes	enemies
enfecting	infecting
enflam'd	inflamed
enflamd	inflamed
enflamde	inflame
enflame	inflame
enflamed	inflamed
enforc'd	inforced
enforc't	enforced
enforcd	enforced
enforciue	enforcive
enform'd	informed
enforme	inform
enformed	informed
enformers	informers
enforming	informing
enforst	inforced
enfould	enfold
enfranchiz'd	enfranchised
enga'd	engaed
engadge	engage
engadged	engaged
engag'd	engaged
engagd	engaged
engendre	engender
engendred	engendered
engendreth	engendereth
engendring	engendering
engendryd	engendered
engēdreth	engendereth
engglish	english
engin	engine
enginer	engineer
enginers	engineers
engins	engines
englād	england
englāde	englande
englisch	english
english-man	englishman
english-mans	englishmans
english-men	englishmen
englishe	english
englishmens	englishmen's
englysh	english
englyshe	english
englysshe	english
engraffed	engrafted
engraines	engrains
engrau'd	engraved
engraue	engrave
engraued	engraved
engrauen	engraven
engraues	engraves
engravn	engraun
engros'd	engrossed
engross'd	engrossed
engrosse	engross
engrost	engrossed
engulfes	engulfs
engyn	engine
enhabite	inhabit
enhaunce	enhance
enhaunsed	enhanced
enherit	inherit
enigmaticall	enigmatical
enimie	enemy
enimies	enemies
enimy	enemy
enimyes	enemies
enioie	enjoy
enioied	enjoyed
enioies	enjoys
enioin'd	enjoined
enioine	enjoin
enioined	enjoined
enioy	enjoy
enioy'd	enjoyed
enioy'de	enjoy'de
enioy'dst	enjoy'dst
enioyd	enjoyed
enioyde	enjoyde
enioye	enjoy
enioyed	enjoyed
enioyes	enjoys
enioyest	enjoyest
enioying	enjoying
enioyn'd	enjoined
enioynd	enjoined
enioynde	enjoinde
enioyne	enjoin
enioyned	enjoined
enioynes	enjoins
enioyning	enjoining
enjoy'd	enjoyed
enjoyd	enjoyed
enjoye	enjoy
enjoyes	enjoys
enjoyn	enjoin
enjoyn'd	enjoined
enjoynd	enjoined
enjoyne	enjoin
enjoyned	enjoined
enjoynes	enjoins
enjoyning	enjoining
enjoyns	enjoins
enjoyst	enjoyest
enlarg'd	enlarged
enlargd	enlarged
enlargde	enlarged
enlargment	enlargement
enlighten'd	enlightened
enlightned	enlightened
enmie	enemy
enmies	enemies
enmitie	enmity
enmitye	enmity
enmy	enemy
enmye	enemy
enmyes	enemies
ennemies	enemies
ennemy	enemy
ennemye	enemy
ennivs	ennius
ennough	enough
enobled	ennobled
enormitie	enormity
enoughe	enough
enought	enough
enow	enough
enowe	enough
enpierced	empierced
enquier	enquirer
enquir'd	enquired
enquird	enquired
enquirde	enquired
enquirie	enquiry
enquiringe	enquiring
enquisitiue	enquisitive
enquyre	enquire
enquyring	enquiring
enrag'd	enraged
enragde	enraged
enric'd	enriced
enrich'd	enriched
enricht	enriched
enrol'd	enrolled
enrold	enrolled
enrole	enrol
enrould	enrolled
enroules	enrols
enrowl'd	enrolled
enrowled	enrolled
enseame	enseam
ensew	ensue
ensewe	ensue
ensewes	ensues
enseweth	ensueth
enshrin'd	enshrined
ensigne	ensign
ensignes	ensigns
ensineuate	ensinevate
enslam'd	enslamed
enslav'd	enslaved
ensnar'd	ensnared
enspire	inspire
enstall'd	installed
enstalled	installed
ensteeped	insteeped
enstil'd	enstiled
enstructed	instructed
enstruction	instruction
enstructions	instructions
ensu'th	ensues
ensude	ensued
ensured	insured
ensuth	ensueth
ent'red	entered
entail'd	entailed
entaild	entailed
entaile	entail
entailes	entails
entangl'd	entangled
entayl'd	entailed
entayle	entail
entāgled	entangled
entend	intend
entend'st	entendest
entende	intend
entended	intended
entendes	intends
entendethe	entendeth
entending	intending
entends	intends
entendyng	intending
entendynge	intending
entent	intent
ententes	intents
entention	intention
ententions	intentions
entents	intents
ententyue	ententyve
enter'd	entered
enter-change	interchange
enter-ludes	interludes
enter-view	interview
enter-wouen	interwoven
enterain'd	enterained
enterance	entrance
enterances	entrances
entercept	intercept
enterchang'd	interchanged
enterchange	interchange
enterchanged	interchanged
enterchanging	interchanging
entercourse	intercourse
entercourses	intercourses
enterd	entered
enterlude	interlude
enterludes	interludes
entermixt	entermixed
enterpos'd	enterposed
enterposing	interposing
enterprice	enterprise
enterprize	enterprise
enterpryse	enterprise
enterprysed	enterprised
enterprysyng	enterprysing
enterr'd	interred
enterred	interred
entertaiment	entertainment
entertain'd	entertained
entertain'st	entertainest
entertaind	entertained
entertaine	entertain
entertainement	entertainment
entertainements	entertainments
entertaines	entertains
entertainmēt	entertainment
entertayn'd	entertained
entertaynd	entertained
entertayne	entertain
entertayned	entertained
entertaynement	entertainment
entertayner	entertainer
entertaynes	entertains
entertayning	entertaining
entertaynment	entertainment
entertaynments	entertainments
enterteine	entertain
enterteining	entertaining
enterteinment	entertainment
enterteyne	entertain
enterteynment	entertainment
enteruiew	interview
enterveiue	enterveive
enterview	interview
enterweaue	enterweave
enterynge	entering
entēding	intending
enthrall	enthral
enthron'd	enthroned
enthroniz'd	enthronised
entic'd	enticed
entier	entire
entierly	entirely
entisde	enticed
entise	entice
entised	enticed
entisement	enticement
entisements	enticements
entising	enticing
entituled	entitled
entom'd	entomed
entomb'd	entombed
entombe	entomb
entombes	entombs
entr'd	entered
entraile	entrail
entrailes	entrails
entraills	entrails
entralls	enthrals
entrals	entrails
entranc'd	entranced
entranc't	entranced
entrap'd	entrapped
entrapt	entrapped
entraunce	entrance
entrayles	entrails
entrāce	entrance
entrāces	entrances
entreate	entreat
entreates	entreats
entreatie	entreaty
entreatye	entreaty
entreatyng	entreating
entred	entered
entred'st	entredest
entrench'd	entrenched
entrencht	entrenched
entretainemēt	entretainement
entreth	entereth
entrety	entreaty
entrie	entry
entring	entering
entrye	entry
entryng	entering
entyce	entice
entyre	entire
entyse	entice
entysing	enticing
entyst	enticed
entysyng	enticing
enuenom'd	envenomed
enui'd	envied
enui's	ennui's
enuide	envied
enuie	envy
enuied	envied
enuieng	envying
enuies	envies
enuieth	envieth
enuious	envious
enuiron	environ
enuiron'd	environed
enuirond	environed
enuirone	environ
enuironed	environed
enuironing	environing
enuirons	environs
enur'd	enured
enuy	envy
enuy'd	envied
enuy's	envy's
enuy'st	enuyest
enuy-starued	envy-starved
enuyde	envied
enuye	envy
enuying	envying
enuyous	envious
enuyroned	environed
enveigle	inveigle
envelopp'd	enveloped
envi'd	envied
envie	envy
envie's	envy's
envy'd	envied
envyed	envied
enwrap'd	enwrapped
enwrappe	enwrap
enwrapt	enwrapped
eny	any
enyalivs	enyalius
enye	any
eolvs	eolus
eovs	eous
epicicles	epicycles
epick	epic
epicurisme	epicurism
epicvre	epicure
epidemicall	epidemical
epigram'd	epigramed
epigrames	epigrams
epigramme	epigram
epilepsie	epilepsy
epilogvs	epilogus
epitaphes	epitaphs
epithete	epithet
epithetes	epithets
epithite	epithet
epithites	epithets
epu	epum
epystle	epistle
equal'd	equalled
equald	equalled
equali'd	equalied
equalitie	equality
equaliz'd	equalised
equalize	equalise
equall	equal
equall'd	equalled
equalled	equaled
equallest	equalest
equallie	equally
equallity	equality
equallize	equalise
equalls	equals
equinoctiall	equinoctial
equitie	equity
equiualence	equivalence
equiualent	equivalent
equiuocate	equivocate
equiuocates	equivocates
equiuocation	equivocation
equiuolence	equivolence
equivalencie	equivalency
er	oer
er'd	ered
er'e	ere
er'st	erst
eraue	erave
ercles	hercules
ercles'	hercules'
ere-long	erelong
ere-while	erewhile
erebvs	erebus
erecte	erect
erewhyle	erewhiles
eris	reis
ermin	ermine
ernest	renest
erneste	earnest
ernestly	earnestly
ernestlye	earnestly
err'd	erred
err'st	errest
errande	errand
errandst	errandest
errant'st	errantest
errād	errand
errd	erred
erre	err
errect	erect
erronious	erroneous
erroniously	erroneously
errour	error
errour's	error's
errours	errors
erst-while	erstwhile
erste	erst
ert	ret
erth	earth
erthe	earth
erthquakes	earthquakes
eryes	cries
escap'd	escaped
escap't	escaped
escapt	escaped
escapt'st	escaptest
eschequer	exchecker
eschew'd	eschewed
eschewe	eschew
eschue	eschew
escucheon	escutcheon
esculapian	aesculapian
ese	ease
esop	aesop
especiall	especial
especiall-priz'd	especial-prized
especiallie	especially
especially-priz'd	especially-prized
espi'd	espied
espiall	espial
espide	espied
espie	espy
espous'd	espoused
espousd	espoused
espousde	espoused
espowsed	espoused
espy'd	espied
espyde	espied
espye	espy
espyed	espied
espyes	espies
espyeth	espieth
esquier	esquire
essaies	essays
essayes	essays
esseminate	effeminate
essentiall	essential
essentiallie	essentially
essigies	effigies
establish'd	established
establish't	established
establisht	established
establyshed	established
estats	estates
esteem'd	esteemed
esteem'st	esteemest
esteemd	esteemed
esteemde	esteemed
esteeme	esteem
esteemes	esteems
esteme	esteem
estemed	esteemed
esteming	esteeming
estimacion	estimation
estimat	estimate
estimatiue	estimative
estrang'd	estranged
estrangd	estranged
estraunged	estranged
estrich	ostrich
estridges	ostriches
estsoones	eftsoon
estéemd	esteemed
estéeme	esteem
estéemed	esteemed
estéemes	esteems
estéemeth	esteemeth
estéeming	esteeming
ete	eat
eter	eater
eternalize	eternalise
eternall	eternal
eternallie	eternally
eternallye	eternally
eternil'd	eterniled
eternis'd	eternised
eternisde	eternised
eternitie	eternity
eternitye	eternity
eterniz'd	eternised
eternize	eternise
eternized	eternised
eternizing	eternising
ether	either
ethereall	ethereal
etheriall	etherial
ethēwald	ethenwald
ethicks	ethics
ethiope	ethiop
ethiopes	ethiops
ethnick	ethnic
ethnicke	ethnic
ethnickes	ethnics
ethnicks	ethnics
etnas	etna's
etymologie	etymology
eu	eum
eu'en	even
eu'lls	evils
eu'n	even
eu'ning	evening
eu'r	ever
eu'rie	every
eu'ry	every
eua	evam
euacuation	evacuation
euaculate	evaculate
euade	evade
euadit	evadit
euafion	evafion
euan	evan
euangeliū	euangelium
euangelizarem	evangelizarem
euangelyst	evangelyst
euaporate	evaporate
euaporated	evaporated
euasion	evasion
euasions	evasions
eue'n	even
euecaca	evecaca
euel	evil
euell	evil
euels	evils
euen	even
euen'd	evened
euen-harted	even-harted
euen-minded	even-minded
euen-song	evensong
euenest	evenest
euening	evening
euening's	evening's
euening-starre	evening-star
euening-theefe	evening-thief
euenings	evenings
euenisse	evenisse
eueniug	eveniug
euenly	evenly
euennes	evennes
euennesse	evenness
euensong	evensong
euent	event
euented	evented
euenting	eventing
euents	events
euenukes	eunuchs
euenyng	evening
euer	ever
euer's	ever's
euer-burning	ever-burning
euer-during	everduring
euer-each	ever-each
euer-lasting	everlasting
euer-liuing	everliving
euer-more	evermore
euer-sure	ever-sure
euer-working	ever-working
euer-yoong	ever-young
euerdamnd	everdamnd
euerduring	everduring
euerduryng	everduring
euerdying	everdying
euere	ever
eueri	everi
eueric	everic
euerie	every
eueriehaire	everiehaire
eueriething	everiething
eueriwhere	everiwhere
euerlast	everlast
euerlasting	everlasting
euerlastinglie	everlastingly
euerlastingly	everlastingly
euerlastyng	everlasting
euerlastynge	everlasting
euerliuing	everliving
euerman	everman
euermore	evermore
euersa	eversa
euerse	everse
euerseer	everseer
euersince	eversince
euerted	everted
euerwaking	everwaking
euerweake	everweake
euery	every
euery-body	everybody
euery-where	everywhere
euerycheone	everycheone
euerychon	everyone
euerychone	everyone
euerye	every
eueryman	everyman
euerywhere	everywhere
eues-drop	eves-drop
euē	even
euicted	evicted
euiction	eviction
euicts	evicts
euidance	evidance
euidence	evidence
euidences	evidences
euident	evident
euidently	evidently
euil	evil
euill	evil
euill-doers	evildoers
euiller	eviller
euilles	evils
euills	evils
euilly	evilly
euils	evils
euioy	evioy
euisen	evisen
euish	evish
euiternal	aeviternal
eunuch't	eunuched
eunuches	eunuchs
euocabatur	evocabatur
euocata	evocata
euocationibus	evocationibus
euor	evor
euough	evough
eurip'd	euriped
europ's	europe's
euuenke	ewenke
euydent	evident
euydentlye	evydentlye
euyll	evil
euyls	evils
euyn	even
ev'dent	eu'dent
ev'n	even
ev'nings	evenings
ev'r	ever
ev'ry	every
ev.	eu.
evcampse	eucampse
evcolos	eucolos
evcosmos	eucosmos
evd.	eud.
evdaimonia	eudaimonia
evdemvs	eudemus
eve'ry	every
evenuch'd	evenuched
ever-during	everduring
ever-dying	everdying
ever-ill	everill
ever-living	everliving
ever-more	evermore
ever-waking	everwaking
everie	every
everie-where	everywhere
everlastinge	everlasting
everlastinglie	everlastingly
every-day	everyday
evg	eug
evg.	eug.
evgenia	eugenia
evgenie	eugenie
evill	evil
evilles	evils
evills	evils
evnomia	eunomia
evpathes	eupathes
evphantaste	euphantaste
evphorbvs	euphorbus
evphoris	euphoris
evphranea	euphranea
evphrosyne	euphrosyne
evppon	euppon
evr	eur
evr.	eur.
evrenoses	eurenoses
evrione	eurione
evripvs	euripus
evrle.	eurle.
evropa	europa
evrope	europe
evry	every
evry.	eury.
evs.	eus.
evst	eust
evst.	eust.
evstace	eustace
evtaxia	eutaxia
evthvs	euthus
evtolmos	eutolmos
ew	ewe
ex'lent	excellent
exacte	exact
exactely	exactly
exactes	exacts
exalte	exalt
examin	examine
examin'd	examined
examinatiō	examination
examind	examined
exāple	example
exc'llent	excellent
excāt	excant
excede	exceed
excedes	exceeds
excedeth	exceedeth
exceding	exceeding
excedyng	exceeding
exceede	exceed
exceedes	exceeds
exceedeth	exceeds
exceedinly	exceedingly
excel'd	excelled
exceld	excelled
excelence	excellence
excelency	excellency
excelent	excellent
excelēt	excellent
excell	excel
excell'd	excelled
excellencie	excellency
excellencye	excellency
excellente	excellent
excellēce	excellence
excellēcie	excellency
excellēncē	excellence
excellēt	excellent
excells	excels
excepte	except
exceptiōs	exceptions
excercisde	exercised
excercises	exercises
excercyse	excercise
exces	excess
excesse	excess
excessiue	excessive
excessiuely	excessively
exchang	exchange
exchang'd	exchanged
exchangd	exchanged
exchaung'd	exchanged
exchaunge	exchange
exchaunged	exchanged
exchecquer	exchequer
exclaim'd	exclaimed
exclaimd	exclaimed
exclaime	exclaim
exclaimes	exclaims
exclame	exclaim
exclames	exclaims
exclaming	exclaiming
exclaym'd	exclaimed
exclayme	exclaim
exclaymes	exclaims
excomunications	excommunications
excōmunication	excommunication
excrable	excreable
excrementall	excremental
excus'd	excused
excusd	excused
excusde	excused
excusiue	excusive
excution	execution
excvbiae	excubiae
excéede	exceed
excéedes	exceeds
excéedeth	exceedeth
excéeding	exceeding
exeāt	exeant
execucion	execution
execucyon	execution
execuse	excuse
executiō	execution
executour	executor
executours	executors
exellency	excellency
exellent	excellent
exemplarie	exemplary
exemplifie	exemplify
exemt	exempt
exequution	execution
exercis'd	exercised
exercisd	exercised
exercisde	exercised
exercize	exercise
exercyse	exercise
exercysed	exercised
exeu	exeum
exeuent	exevent
exeuut	exevut
exeū	exeum
exeūt	exeunt
exhal'd	exhaled
exhald	exhaled
exhalted	exalted
exhange	exchange
exhibite	exhibit
exhortaciō	exhortation
exhortacyon	exhortation
exhortacyons	exhortations
exhorte	exhort
exil'd	exiled
exild	exiled
exilde	exiled
exist'st	existest
existance	existence
existimarūt	existimarunt
exorbitancie	exorbitancy
exorcisme	exorcise
exorcismes	exorcisms
exorte	exhort
exoticall	exotical
exotick	exotic
exoticke	exotic
expect'st	expectest
expectacyon	expectation
expectatiō	expectation
expectatissimvm	expectatissimum
expected'st	expectedest
expectst	expectest
expedicion	expedition
expel'd	expelled
expeld	expelled
expell	expel
expell'd	expelled
expells	expels
expence	expense
expencefull	expenseful
expences	expenses
experenc'd	experenced
experien'd	experiened
experienc'd	experienced
experienc'st	experiencest
experienc't	experienced
experiēce	experience
experimentall	experimental
experymente	experyment
expiacyōs	expiations
expiat	expiate
expir'd	expired
expird	expired
expirde	expire
explain'd	explained
explaine	explain
explane	explain
explicite	explicit
exploite	exploit
exploites	exploits
exployt	exploit
exployte	exploit
exployted	exploited
exploytes	exploits
exployts	exploits
expos'd	exposed
exposd	exposed
expostvlation	expostulation
expostvlations	expostulations
expounde	expound
expoūd	expound
expres	express
expres'd	expressed
expresly	expressly
express'd	expressed
expresse	express
expressely	expressly
expressynge	expressing
exprest	expressed
exprest'd	exprested
expugn'd	expugned
expugnauerunt	expugnaverunt
expuls'd	expulsed
expulsiue	expulsive
expung'd	expunged
exquisit	exquisite
exquisitly	exquisitely
exscusde	excused
exsiccate	exsiccatae
exspect	expect
exspectation	expectation
exspected	expected
extasie	ecstasy
extasies	ecstasies
extasy	ecstasy
extasy'd	ecstasied
exteme	extreme
extemporall	extemporal
extempory	extempore
extende	extend
extensiue	extensive
extention	extension
extentions	extensions
exteriour	exterior
externall	external
externe	extern
extinguish'd	extinguished
extinguish't	extinguished
extinguishe	extinguish
extinguisht	extinguished
extinguisht'd	extinguishted
extinguysh	extinguish
extold	extolled
extoll	extol
extolld	extolled
extolls	extols
extorcion	extortion
extraordinarie	extraordinary
extrauagancy	extravagancy
extrauagant	extravagant
extrauagantiests	extravagantiests
extrauagants	extravagants
extream	extreme
extream'st	extremest
extreame	extreme
extreame's	extreme's
extreamely	extremely
extreamer	extremer
extreames	extremes
extreamest	extremest
extreamitie	extremity
extreamities	extremities
extreamity	extremity
extreamlie	extremely
extreamly	extremely
extreams	extremes
extrem	extreme
extremelie	extremely
extremeties	extremities
extremitee	extremity
extremitie	extremity
extremly	extremely
extréeme	extreme
extréemely	extremely
exuuiarum	exwiarum
exyle	exile
exyled	exiled
exylynge	exyling
ex̄it	exit
ey'd	eyed
ey-lesse	eyeless
ey-lids	eyelids
eyd	eyed
eyde	eyed
eye'd	eyed
eye-balles	eyeballs
eye-balls	eyeballs
eye-bals	eyeballs
eye-beames	eye-beams
eye-bright	eyebright
eye-browes	eyebrows
eye-brows	eyebrows
eye-lid	eyelid
eye-lids	eyelids
eye-sight	eyesight
eye-sore	eyesore
eye-strings	eyestrings
eye-witnes	eyewitness
eye-witness	eyewitness
eye-witnesses	eyewitnesses
eyebrowes	eyebrows
eyelidde	eyelid
eyen	eyes
eyē	eyes
eying	eyeing
eys	eyes
eyther	either
eythers	eithers
ē	en
ēare	enare
ēbrace	embrace
ēnough	enough
ēre	enre
ēxpect	expect
fa-ding	fading
fabivs	fabius
fabrick	fabric
fabricke	fabric
fabrike	fabric
fabrique	fabric
fac'd	faced
fac'd-honor	faced-honor
fac'de	faced
fac'st	facest
fac't	faced
fac-totum	factotum
facde	faced
face-physicke	face-physic
fachilmente	fachilment
facie	fancy
facies	fancies
faciēda	facienda
facilitie	facility
facillitie	facility
facillity	facility
facst	facest
facte	fact
factes	facts
factour	factor
facultie	faculty
facyes	fancies
facyon	fashion
fadg'd	fadged
fadom	fathom
fadome	fathom
fadomes	fathoms
fadoms	fathoms
fadre	father
fadyng	fading
faerie	faery
faeries	fairies
faery	fairy
fafety	safety
fagaries	vagaries
fagot	faggot
fagot's	faggot's
fagots	faggots
faier	fair
faierie	fairy
faieries	fairies
faiery	fairy
faign'd	feigned
faigne	feign
faigned	feigned
faigning	feigning
fail'd	failed
fail'st	failest
faild	failed
faile	fail
failes	fails
failst	failest
fain'd	feigned
fain'st	fainest
faind	feigned
fainde	feigned
faine	feign
fained	feigned
faines	feigns
faineth	feigneth
faining	feigning
fainings	feignings
faint'st	faintest
faint-harted	fainthearted
faint-hearted	fainthearted
faint-heartednesse	faintheartedness
faint-liuer	faint-liver
fainte	faint
faintely	faintly
faintfull	faintful
faintlie	faintly
faintnes	faintness
faintnesse	faintness
faintst	faintest
faintyng	fainting
fair'st	fairest
faire	fair
faire'vnlesse	faire'unlesse
faire-fac'd	fair-faced
faire-fild	fair-filled
faire-offerd	fair-offered
faire-ones	fair-ones
faire-spoken	fair-spoken
fairelie	fairly
fairely	fairly
fairenes	fairness
fairenesse	fairness
faires	fairs
fairie	fairy
fairie-dear	fairy-dear
fairy-traine	fairy-train
fairye	fairy
fairyes	fairies
faist	fairest
faith-breach	faithbreach
faith-confesse	faith-confess
faith-full	faithful
faithe	faith
faithes	faith's
faithful'st	faithfullest
faithfull	faithful
faithfull'st	faithfullest
faithfull-brested	faithful-breasted
faithfullie	faithfully
faithfulnes	faithfulness
faithfulnesse	faithfulness
faithfulst	faithfullest
faithfvll	faithful
faithles	faithless
faithlesnes	faithlessness
faithlesse	faithless
fal	fall
fal'n	fallen
fal'st	fallest
falacie	fallacy
falacies	fallacies
falacy	fallacy
falāgtado	falangtado
falen	fallen
falfe	false
falicity	felicity
falkons	falcons
fall'n	fallen
fall'n-off	fallen-off
fall'st	fallest
fallacie	fallacy
falle	fall
falleriaes	falleria's
falles	falls
fallē	fallen
falling-sicknesse	falling-sickness
fallinge	falling
fallne	fallen
fallowe	fallow
fallyng	falling
faln	fallen
falne	fallen
falorous	valorous
fals	falls
fals'd	falsed
falsde	falsed
false-glac'd	false-glaced
false-hearted	falsehearted
false-hood	falsehood
false-loue	false-love
falsehode	falsehood
falsenesse	falseness
falshed	falsehood
falshod	falsehood
falshode	falsehood
falshood	falsehood
falshoode	falsehood
falshoods	falsehoods
falsifie	falsify
falsifye	falsify
falslie	falsely
falsly	falsely
falsnesse	falseness
falt	fault
falted	faulted
faltred	faltered
faltring	faltering
falutes	salutes
fam'd	famed
famd	famed
famely	family
fames	fame's
familiare	familiar
familiaritie	familiarity
familiarlie	familiarly
familie	family
familier	familiar
familliar	familiar
familliarity	familiarity
familliarly	av-jn
familyes	families
famin	famine
famins	famines
famish'd	famished
famishe	famish
famisht	famished
famouse	famous
famouslie	famously
famovs	famous
famylie	family
famyne	famine
famysh	famish
fan'd	fan
fanci'd	fancied
fancie	fancy
fancie's	fancy's
fancy'd	fancied
fancye	fancy
fancyes	fancies
fand	found
fangd	fanged
fange	fang
fanges	fangs
fanivs	fanius
fann	fan
fann'd	fanned
fanne	fan
fannivs	fannius
fansie	fancy
fansies	fancies
fansy	fancy
fansye	fancy
fansying	fancying
fantasie	fantasy
fantasmes	phantasms
fantasticall	fantastical
fantasticalnesse	fantasticalness
fantastick	fantastic
fantasticke	fantastic
fantastickly	fantastically
fantasticks	fantastics
fantastike	fantastic
fantastique	fantastic
fantasye	fantasy
fantasyes	fantasies
fantazies	fantasies
far'd	fared
far'st	farest
far-fam'd	far-famed
far-fetcht	farfetched
far-well	farewell
fardel	farthel
fardell	farthel
fardels	farthels
farder	farther
fardest	farthest
fardingales	farthingales
fardings	farthings
fardle	farthel
fardle's	farthel's
fare-wel	farewell
fare-well	farewell
farevvell	farewell
farewel	farewell
farewels	farewells
farfetch'd	farfetched
farie	fairy
faries	fairies
farle	farl
farm'd	farmed
farm-house	farmhouse
farme	farm
farmes	farms
farr	far
farr's	far's
farre	far
farre's	far's
farre-fam'd	farre-famed
farre-fetcht	farfetched
farre-off	far-off
farrewell	farewell
farrow'st	farrowest
farte	fart
farthing-ale	farthingale
farthingal	farthingale
fartuous	virtuous
farwel	farewell
farwell	farewell
farwels	farewells
fary	fairy
fashen'd	fashened
fashin'd	fashined
fashion'd	fashioned
fashiond	fashioned
fashiō	fashion
fashiōs	fashions
fashon	fashion
fashoned	fashioned
fashyon	fashion
fasshyon	fashion
fast'ned	fastened
faste	fast
fasten'd	fastened
fastend	fastened
fastes	fasts
fastid	fasted
fasting-dayes	fasting-dais
fastinges	fastings
fastned	fastened
fastnesse	fastness
fastneth	fasteneth
fastning	fastening
fastyng	fasting
fatall	fatal
fatall-circled	fatal-circled
fatallie	fatally
fate-crost	fate-crossed
father'd	fathered
father-hood	fatherhood
father-hoods	fatherhoods
father-lesse	fatherless
father-like	fatherlike
fatherles	fatherless
fatherlesse	fatherless
fathēr	father
fathom'd	fathomed
fathome	fathom
fathomes	fathoms
fatnesse	fatness
fatt	fat
fatt's	fat's
fattall	fatal
fatte	fat
fatten'd	fattened
fatten'st	fattenest
fattes	fats
fattye	fatty
fau'ring	favouring
fauage	favage
fauchion	falchion
fauchiō	falchion
fauchon	falchion
faue	fave
faued	faved
fauente	favente
fauer	faver
fauete	favete
faught	fought
fauil.	favil.
fauilla	favilla
fauillam	favillam
faulchion	falchion
faulcon	falcon
faulcons	falcons
faulse	false
fault-finding	faultfinding
faulte	fault
faulter	falter
faultes	faults
faultie	faulty
faultles	faultless
faultlesse	faultless
faultred	faltered
faultring	faltering
faultye	faulty
faune	faun
faunes	fans
fauning	fawning
faunning	fanning
fauor	favour
fauor'd	favoured
fauor's	favour's
fauorable	favourable
fauorably	favourably
fauord	favoured
fauorde	favorde
fauored	favoured
fauorer	favourer
fauoret	favoret
fauoreth	favoureth
fauoring	favouring
fauorinus	favorinus
fauorit	favourite
fauorite	favourite
fauorites	favourites
fauorits	favourites
fauors	favours
fauorsome	favorsome
fauour	favour
fauour'd	favoured
fauour's	favour's
fauour-some	favour-some
fauourable	favourable
fauourablie	favourably
fauourably	favourably
fauourd	favoured
fauourde	favourde
fauoure	favour
fauoured	favoured
fauouredst	favouredst
fauourer	favourer
fauourers	favourers
fauoures	favours
fauourest	favourest
fauoureth	favoureth
fauouring	favouring
fauourite	favourite
fauourites	favourites
fauourits	favourites
fauourles	favourles
fauours	favours
fauourst	favourest
fautes	faults
fav'd	faved
fav'ring	favouring
favmlvs	faumlus
favonivs	favonius
favor	favour
favor'd	favoured
favord	favoured
favored	favoured
favorite	favourite
favorites	favourites
favorits	favourites
favors	favours
favour'd	favoured
favourd	favoured
favoure	favour
favourit	favourite
favourit's	favourite's
favrie	faurie
favvcet	faucet
favvne	fawn
faw	favu
fawcet	faucet
fawchions	falchions
fawchiō	fawchion
fawlcon	falcon
fawn'd	fawned
fawne	fawn
fawnes	fawns
fawnyng	fawning
fawte	fault
fayd	fayed
fayde	said
faye	say
fayer	fair
fayeries	fairies
fayl'd	failed
fayld	failed
fayle	fail
fayled	failed
fayles	fails
fayleth	faileth
fayling	failing
faylyng	failing
fayn	fain
fayn'd	feigned
faynd	feigned
faynde	feigned
fayne	fain
fayned	feigned
faynedly	fainedly
faynes	feigns
faynest	feignest
fayneth	feigneth
fayning	feigning
fayninge	feigning
faynt	faint
faynte	faint
fayntest	faintest
faynting	fainting
fayntly	faintly
fayntnesse	faintness
fayntyng	fainting
fayr	fair
fayre	fair
fayre-hayr'd	fairhaired
fayrely	fairly
fayrenes	fairness
fayrer	fairer
fayres	fairs
fayrest	fairest
fayrie	fairy
fayries	fairies
fayring	fairing
fayrings	fairings
fayry	fairy
fayryes	fairies
faythe	faith
faythes	faiths
faythful	faithful
faythfull	faithful
faythfullest	faithfullest
faythfullie	faithfully
faythfully	faithfully
faythfullye	faithfully
faythfulnes	faithfulness
faythlesse	faithless
fayths	faiths
fācie	fancy
fācies	fancies
fācy	fancy
fāsie	fancy
fātasie	fantasy
fātasticke	fantastic
feal'd	fealed
feale	feal
fealtie	fealty
fear'd	feared
fear'st	fearest
fearce	fierce
fearcely	fiercely
feard	feared
feard'd	fearded
feard'st	feardest
fearde	feared
feare	fear
feare's	fear's
feare-cloth	fear-cloth
feare-cold	fear-cold
feare-fullest	fearfullest
feare-will	fear-will
feareful	fearful
fearefull	fearful
fearefullest	fearfullest
fearefullie	fearfully
fearefully	fearfully
fearefulnesse	fearfulness
feareles	fearless
fearelesse	fearless
feares	fears
fearfull	fearful
fearfull'st	fearfullest
fearfulnes	fearfulness
fearles	fearless
fearlesse	fearless
fearse	fierce
fearst	fearest
fearth	feareth
fearyng	fearing
feaste	feast
feastes	feasts
feastfull	feastful
feastinge	feasting
feastiuall	festival
feastival	festival
feate	feat
feately	featly
feates	feats
feather'd	feathered
feather-bed	featherbed
feather-beds	featherbeds
feather-man	featherman
featherd	feathered
feathred	feathered
featlye	feat
featur'd	featured
featurde	featured
feauer	fever
feauer-fit	feaver-fit
feauer-shaken	fever-shaken
feauers	fevers
feaver	fever
feavers	fevers
feavor	favour
feavors	favours
feavour	favour
feavours	favours
feble	feeble
febled	feebled
fecht	fetched
fecunditie	fecundity
fedd	fed
fedd'st	feddest
fedde	fed
feduc'd	feduced
fedynge	feeding
feeble-wing'd	feeble-winged
feeblenes	feebleness
feeblenesse	feebleness
feed'st	feedest
feede	feed
feedes	feeds
feedinge	feeding
feedst	feedest
feel'st	feelest
feeld	field
feelde	field
feeldes	fields
feelds	fields
feele	feel
feeles	feels
feelethe	feeleth
feelst	feelest
feend	fiend
feendes	fiends
feends	fiends
feer	fear
feerce	fierce
feere	fear
feeres	fears
feete	feet
feeue	feeve
feez'd	feeze
fehemently	vehemently
feign'd	feigned
feigne	feign
feignes	feigns
feild	field
feilde	field
feildes	fields
feilds	fields
fein'd	feigned
feind	fiend
feindes	fiends
feinds	fiend
feine	feign
feined	feigned
feirce	fierce
feircely	fiercely
feircest	fiercest
feith	faith
fel	fell
feld	felled
felde	field
feldes	fields
fele	feel
felfe	self
felicitie	felicity
felicityes	felicities
fell'd	felled
fell'st	fellest
fellawes	fellows
felles	fells
fellie	felly
fellon	felon
fellonie	felony
fellonious	felonious
felloniously	feloniously
fellony	felony
fellovv	fellow
fellow'st	fellowest
fellow-seruants	fellow-servants
fellow-slaues	fellow-slaves
fellow-souldiers	fellow-soldiers
fellowe	fellow
fellowe's	fellow's
fellowes	fellows
fellowlesse	fellowless
fellowshippe	fellowship
fellowshyp	fellowship
felonie	felony
felow	fellow
felowe	fellow
felowes	fellows
felows	fellows
felowship	fellowship
felowshippe	fellowship
felowshyp	fellowship
felt'st	feltst
felt-maker	feltmaker
felt-makers	feltmakers
felte	felt
feltred	feltered
felues	selves
felves	selves
felycyte	felicity
femal	female
femall	female
femalls	females
femals	females
femenine	feminine
fen-church	fenchurch
fenc'd	fenced
fenc't	fenced
fencd	fenced
fence-schoole	fence-school
fencing-schoole	fencing-school
fende	fend
fendes	fends
fenne	fen
fennes	fens
fenst	fenced
feol'd	feoled
ferce	fierce
fercely	fiercely
ferd	fred
ferde	feared
ferdinād	ferdinand
ferdynāds	ferdynands
ferie	feriae
ferkt	ferked
ferne	fern
ferne-seed	fern-seed
ferraras	ferrara's
ferre	far
ferri-man	ferryman
ferrie	ferry
ferriman	ferryman
ferry-man	ferryman
ferry-mans	ferrymans
fertil	fertile
fertilitie	fertility
fertill	fertile
fertillest	fertilest
fertyle	fertile
ferue	ferve
feruencie	fervency
feruency	fervency
feruent	fervent
feruent'st	ferventest
feruently	fervently
feruer	ferver
feruour	fervour
fervor	fervour
fery	very
feryes	feries
fester'd	festered
festiual	festival
festiuall	festival
festiuals	festivals
festiue	festive
festivall	festival
festred	festered
festring	festering
festū	festum
fet-locks	fetlocks
fetch'd	fetched
fetchd	fetched
fetche	fetch
fetcheth	fetches
fetcht	fetched
fetchyng	fetching
fete	feet
fether	feather
fether'd	feathered
fether-bed	featherbed
fether-heel'd	fether-heeled
fetherbed	featherbed
fetherbeds	featherbeds
fethered	feathered
fethers	feathers
fethred	feathered
fetlockes	fetlocks
fetter'd	fettered
fetterd	fettered
fettred	fettered
feture	foeture
feude	feud
feuer	fever
feuer'd	fevered
feuerall	feverall
feuerie	fevery
feuerlike	feverlike
feuers	fevers
feuershame	fevershame
feuershàme	fevershàme
feuerytye	feverytye
feueshame	feveshame
feuor	fevor
fevv	few
fewd	feud
fewe	few
fewel	fuel
fewell	fuel
fewels	fuels
feyned	feigned
fi'rie	fiery
fi'ry	fiery
fickell	fickle
ficklenes	fickleness
ficklenesse	fickleness
ficknesse	sickness
fiddle-stick	fiddlestick
fiddle-sticke	fiddlestick
fiddlesticke	fiddlestick
fidelicet	videlicet
fidelitie	fidelity
fidle	fiddle
fidle-case	fiddle-case
fidle-cases	fiddle-cases
fidled	fiddled
fidlers	fiddlers
fidles	fiddles
fidling	fiddling
fidlings	fiddlings
fidvs	fidus
field-bed	fieldbed
field-fare	fieldfare
field-mouse	fieldmouse
field-peeces	fieldpieces
field-peice	field-piece
fielde	field
fieldes	fields
fien'd	fiened
fiend-like	fiendlike
fiende	fiend
fiendes	fiends
fier	fire
fier'd	fired
fier-darting	fire-darting
fier-ey'd	fire-eyed
fier-workes	fireworks
fiercenes	fierceness
fiercenesse	fierceness
fiered	fired
fierie	fiery
fiering	firing
fiers	fierce
fiersly	fiercely
fiery-workes	fiery-works
fierye	fiery
fiftly	fifthly
fig-tree	figtree
figarie	figary
figatiues	figatives
figg	fig
figge	fig
figges	figs
figh'd	fighed
fight'st	fightest
fight-brauely	fight-bravely
fighte	fight
fightes	fights
fighteth	fights
fightinge	fighting
fightst	fightest
fightyng	fighting
figur'd	figured
figuratiue	figurative
figurd	figured
figurde	figure
fil	fill
fil'd	filed
fil-horse	fill-horse
filberd-tree	filbert-tree
filch'd	filched
filch't	filched
filche	filch
filcht	filched
fild	filled
fileh'd	filehed
filenc'd	filenced
filiall	filial
fill'd	filled
filld	filled
filles	fills
filliall	filial
fillie	filly
film'd	filmed
filme	film
filmes	films
filtch'd	filched
filthe	filth
filthie	filthy
filthines	filthiness
filthinesse	filthiness
filthye	filthy
filthynes	filthiness
filtred	filtered
fin'd	fined
finall	final
finallie	finally
find'st	findest
finde	find
findes	finds
findeth	finds
findg'd	findged
findinge	finding
findst	findest
fine-colour'd	fine-coloured
fine-finger'd	fine-fingered
fine-nos'd	fine-nosed
finelie	finely
finenes	fineness
finenesse	fineness
finerie	finery
fingars	fingers
finger'd	fingered
finger'st	fingerest
finger-locke	finger-lock
fingre	finger
fingred	fingered
fingres	fingers
fingring	fingering
finicall	finical
finish'd	finished
finish't	finished
finishe	finish
finisht	finished
finn'd	finned
finne	fin
finnes	fins
finnish	finish
fin̄e	fine
fir'd	fired
fir'de	fired
fir'st	firest
firago	virago
firce	fierce
fire-bals	fireballs
fire-braind	fire-brained
fire-brand	firebrand
fire-brandes	firebrands
fire-brands	firebrands
fire-drake	firedrake
fire-forke	fire-fork
fire-lock	firelock
fire-worke	firework
fire-workes	fireworks
fire-works	fireworks
firebrandes	firebrands
firelockes	firelocks
fireworkes	fireworks
firie	firy
firk'd	firked
firke	firk
firkt	firked
firm'd	firmed
firmanent	firmament
firme	firm
firmely	firmly
firmenes	firmness
firmenesse	firmness
firmnes	firmness
firmnesse	firmness
first-born	firstborn
first-borne	firstborn
first-fruits	firstfruits
firye	firy
fisgraue	fisgrave
fish'd	fished
fish't	fished
fish-hooks	fishhooks
fish-like	fishlike
fish-pond	fishpond
fish-ponds	fishponds
fish-pooles	fishpools
fish-streete	fish-street
fish-wife	fishwife
fish-wiues	fishwives
fish-wives	fishwives
fish-woman	fishwoman
fishe	fish
fisher-boates	fisher-boats
fisher-man	fisherman
fisher-men	fishermen
fishhookes	fishhooks
fisht	fished
fishwiues	fishwives
fisnomy	physiognomy
fiste	fist
fistes	fists
fit'd	fited
fit'st	fittest
fitest	fittest
fitlie	fitly
fitnes	fitness
fitnesse	fitness
fitsgraue	fitsgrave
fitsgraues	fitsgraves
fitst	fittest
fitt	fit
fitt'st	fittest
fitte	fit
fittely	fitly
fittes	fits
fittē	fitten
fittly	fitly
fittlye	fitly
fitz-waters	fitzwaters
fiue	five
fiue-fold	fivefold
fiue-folde	fivefold
fiuers	fivers
fiues	fives
fiuescore	fivescore
fiuis	fivis
five-fold	fivefold
five-score	fivescore
fix'd	fixed
fix't	fixed
fixd	fixed
fixe	fix
fixt	fixed
flaccvs	flaccus
flacken'd	flackened
flag'd	flagged
flagg	flag
flaggd	flagged
flagge	flag
flagges	flags
flagging'st	flaggingest
flaggon	flagon
flaggs	flags
flaile	flail
flailes	flails
flaine	flain
flam	flame
flam'd	flamed
flamd	flammed
flame-colourd	flame-coloured
flame-feather'd	flame-feathered
flame-hair'd	flame-haired
flameing	flaming
flamē	flamen
flamie	flamy
flaminge	flaming
flamming	flaming
flamye	flamy
flamyng	flaming
flamynge	flaming
flanck	flank
flanckes	flanks
flanckt	flanked
flanke	flank
flankes	flanks
flannell	flannel
flanting	flaunting
flap-dragon	flapdragon
flap-dragons	flapdragons
flappe	flap
flash'd	flashed
flash't	flashed
flashe	flash
flashyng	flashing
flaske	flask
flaskes	flasks
flasshe	flash
flasshing	flashing
flasshyng	flashing
flat-bottom'd	flat-bottomed
flat-cap	flatcap
flat-long	flatlong
flat-roof'd	flat-roofed
flately	flatly
flaterie	flattery
flateryng	flattering
flatlie	flatly
flatred	flattered
flatt'rers	flatterers
flatt'ring	flattering
flatt'ring'st	flatt'ringest
flatt'ry	flattery
flatte	flat
flatter'd	flattered
flatter'st	flatterest
flatterd	flattered
flatterie	flattery
flatteringe	flattering
flatterynge	flattering
flattred	flattered
flattring	flattering
flattry	flattery
flattryng	flattering
flaue	flave
flaues	flaves
flaughter	slaughter
flaughtered	slaughtered
flaughtred	slaughtered
flauia	flavia
flauia's	flavia's
flaun'd	flauned
flauour	flavour
flauus	flaws
flav.	flau.
flaw'd	flawed
flawe	flaw
flawes	flaws
flawne	flawn
flaxe	flax
flaxie	flaxy
flay'd	flayed
flayd	flayed
flayles	flails
flayne	flain
flea'd	flayed
flea-biting	fleabiting
flead	flayed
fleaed	flayed
fleaing	flaying
fleame	flame
fled'st	fledst
fledd	fled
fledd'st	fleddest
fledde	fled
fledg'd	fledged
fleec'd	fleeced
fleec't	fleeced
fleede	fleed
fleere	fleer
fleeses	fleeces
fleet'st	fleetest
fleet-priuies	fleet-privies
fleet-streete	fleetstreet
fleete	fleet
fleete-lane	fleet-lane
fleete-street	fleetstreet
fleete-streete	fleetstreet
fleetes	fleets
fleethe	fleeth
fleeyng	fleeing
fleg'd	fleged
flegm	phlegm
flegmatick	phlegmatic
flegmaticke	phlegmatic
flegmatique	flegmatic
flegme	phlegm
fleight	flight
flemmish	flemish
flerynge	flering
flesh'd	fleshed
flesh-hook	fleshhook
flesh-hookes	flesh-hooks
flesh-monger	fleshmonger
fleshe	flesh
fleshelye	fleshly
fleshhookes	fleshhooks
fleshie	fleshy
fleshles	fleshless
fleshlesse	fleshless
fleshlye	fleshly
flesht	fleshed
flesshe	flesh
flete	fleet
flettynge	fletting
fletyng	fleeting
fletynge	fleeting
flevv	flew
flew'd	flewed
flewe	flew
flexibilitie	flexibility
fley	floey
fleyd	fleed
fleyght	flight
flie	fly
flie-blowne	flyblown
flie-boate	flyboat
flieing	flying
flieng	flying
flieth	flies
flighte	flight
flightes	flight's
flincht	flinched
flinges	flings
flint-bosomes	flint-bosoms
flinte	flint
flintie	flinty
flintye	flinty
flitter-mouse	flittermouse
flittring	flittering
floate	float
floates	floats
flock'd	flocked
flocke	flock
flockes	flocks
flockt	flocked
flong	flung
flood-gate	floodgate
flood-gates	floodgates
floode	flood
floodes	floods
floong	flung
floore	floor
floores	floors
florish	flourish
florishe	flourish
florished	flourished
florishes	flourishes
florisheth	flourisheth
florishing	flourishing
florisht	flourished
florysh	flourish
floryshyng	flourishing
flote	float
floted	floated
flotes	floats
floting	floating
flou'd	floved
floud	flood
floud-gates	floodgates
flouddes	floods
floude	flood
floudes	floods
flouds	floods
flouen	floven
flouenlie	flovenlie
floure	flower
floured	flowered
floures	flowers
flouring	flowering
flourish'd	flourished
flourisht	flourished
flout'st	floutest
floute	flout
floutes	flouts
floūders	flounders
flow'd	flowed
flow'r	flower
flow'rs	flowers
flow'st	flowest
flow-pac'd	flow-paced
flowd	flowed
flowe	flow
flowen	flown
flowes	flows
floweth	flows
flownders	flounders
flowne	flown
flowre	flower
flowred	flowered
flowres	flowers
flowrie	flowery
flowring	flowering
flowrish	flourish
flowrishing	flourishing
flowrs	flowers
flowry	flowery
flowt	flout
flowte	flout
flowted	flouted
flowtes	floutus
flowting	flouting
flowts	flouts
flowyng	flowing
flud	flood
fludde	flood
fluddes	floods
fluds	floods
flue	slew
fluencie	fluency
flurt	flirt
flurted	flirted
flurting	flirting
flusshe	flush
fluster'd	flustered
flutt'ring	fluttering
flutter'd	fluttered
fluuio	flwio
fluxe	flux
flv.	flu.
flvmina	flumina
flx'd	flxed
fly-blow	flyblow
fly-blown	flyblown
fly-blowne	flyblown
flyckeryng	flyckering
flye	fly
flye's	fly's
flye-blowne	flyblown
flye-boate	flyboat
flyeng	flying
flyes	flies
flyest	fliest
flyeth	flies
flyght	flight
flyinge	flying
flyng	fling
flynge	fling
flynging	flinging
flyngyng	flinging
flynt	flint
flyteryng	flytering
flyttrynge	flyttring
flée	flee
fléece	fleece
fléese	fleece
fléet	fleet
fléete	fleet
fléetes	fleets
fléetest	fleetest
fléeting	fleeting
fnforc'd	fnforced
fo	foe
foale	foal
foales	foals
foame	foam
foames	foams
foamie	foamy
focative	vocative
fode	food
foder	fodder
foe-man	foeman
foe-mens	foemen's
foe-turn'd	foe-turned
foeces	fences
foelicibreuis	foelicibrevis
foemens	foemans'
foen	foes
foes-slaue	foes-slave
foeuer	foever
fogge	fog
fogges	fogs
foggie	foggy
foggs	fogs
foggye	foggy
foil'd	foiled
foild	foiled
foile	foil
foiles	foils
foistes	foists
fold'st	foldest
folde	fold
foldes	folds
foldyng	folding
fole	sole
folies	follies
folish	foolish
folishe	foolish
folke	folk
folkes	folks
follie	folly
follie's	folly's
follloweth	followeth
folloing	following
follovv	follow
follovve	follow
follovves	follows
follovveth	follows
follovving	following
follow'd	followed
follow'st	followest
followd	followed
followe	follow
followedst	followedest
followes	follows
followeth	follows
followinge	following
followyng	following
folly-fall'n	folly-fallen
folly-wit	follywit
follye	folly
follyes	folly's
folovve	follow
folovveth	followeth
folow	follow
folow'd	followed
folowe	follow
folowed	followed
folower	follower
foloweth	followeth
folowing	following
folowinge	following
folowyng	following
folowynge	following
foly	folly
folye	folly
folysh	foolish
folyshe	foolish
folyshnes	foolishness
fome	foam
foming	foaming
fomy	foamy
fomyng	foaming
fon'd	foned
fond-ling	fondling
fonde	fond
fondelynge	fondeling
fondlings	foundlings
fondnes	fondness
fondnesse	fondness
fone	foes
fonnd	fond
foo	foe
foodd	foe
foode	food
fooes	foes
fool'd	fooled
fool'st	foolest
fool-hardy	foolhardy
foold	fooled
foole	fool
foole's	fool's
foole-bewitching	fool-bewitching
foole-free	fool-free
foole-hardy	foolhardy
foolerie	foolery
foolerie's	foolery
fooles	fools
foolishe	foolish
foolishlie	foolishly
foolishnes	foolishness
foolishnesse	foolishness
foolyng	fooling
foolysh	foolish
foorde	ford
foordes	fords
foords	fords
foorth	forth
foorthcomming	forthcoming
foorthe	forth
foorthwith	forthwith
foot-ball	football
foot-balls	footballs
foot-boy	footboy
foot-boyes	foot-bois
foot-boys	foot-bois
foot-cloath	footcloth
foot-cloathes	foot-clothes
foot-cloth	footcloth
foot-man	footman
foot-mans	footmans
foot-men	footmen
foot-mens	footmen's
foot-pace	footpace
foot-path	footpath
foot-poast	foot-post
foot-poasts	foot-posts
foot-steps	footsteps
foot-stool	footstool
foot-stoole	footstool
footbal	football
foote	foot
foote-backe	footback
foote-ball	football
foote-balles	footballs
foote-balls	footballs
foote-boy	footboy
foote-cloth	footcloth
foote-clothes	foot-clothes
foote-man	footman
foote-men	footmen
foote-steps	footsteps
foote-stooles	footstools
foote-way	footway
footeball	football
footecloth	footcloth
footeman	footman
footemen	footmen
footepace	footpace
footes	foots
footesteps	footsteps
footestoole	footstool
footings	footing's
footsteppe	footstep
footstepps	footsteps
footstoole	footstool
footstooles	footstools
fopperie	foppery
fopps	fops
for'cd	forced
for'st	forest
for-bearance	forbearance
for-beare	forbear
for-enoone	forenoon
for-euer	forever
for-fend	forfend
for-head	forehead
for-sake	forsake
for-sooke	forsook
for-sooth	forsooth
for-soth	forsooth
for-swearing	forswearing
for-ward	forward
foraigne	foreign
forain	foreign
foraine	foreign
forasmuche	forasmuch
forbad	forbade
forbadd	forbad
forbare	forbore
forbeare	forbear
forbeare's	forbear's
forbeares	forbears
forbearyng	forbearing
forbeate	forbeat
forberance	forbearance
forbidd	forbid
forbidde	forbid
forbidds	forbids
forbod	forbad
forbode	forboden
forbyd	forbid
forbydden	forbidden
forbyddeth	forbiddeth
forbyddyng	forbidding
forbyddynge	forbidding
forc'd	forced
forc'st	forcest
forc't	forced
forcd	forced
forcde	forced
forceablie	forceably
forcefull	forceful
forceing	forcing
forcelesse	forceless
forchead	forehead
forckt	forked
forcst	forcest
forct	forced
forcyd	forced
forderāce	forderance
fordes	fords
fordoe	fordo
fordonne	fordone
fore	before
fore'd	foreed
fore-cast	forecast
fore-declar'd	fore-declared
fore-deeminge	foredeeming
fore-determin'd	fore-determined
fore-doom'd	foredoomed
fore-dooming	foredooming
fore-doore	foredoor
fore-dores	fore-doors
fore-father	forefather
fore-fathers	forefathers
fore-fend	forefend
fore-finger	forefinger
fore-foot	forefoot
fore-front	forefront
fore-game	foregame
fore-gate	foregate
fore-gone	foregone
fore-hand	forehand
fore-head	forehead
fore-heads	foreheads
fore-heauen	fore-heaven
fore-iudging	forejudging
fore-know	foreknow
fore-knowledge	foreknowledge
fore-locke	forelock
fore-man	foreman
fore-nam'd	forenamed
fore-noone	forenoon
fore-noones	forenoons
fore-part	forepart
fore-parts	foreparts
fore-passed	forepassed
fore-past	forepast
fore-plac'd	fore-placed
fore-recited	forerecited
fore-right	foreright
fore-roomes	fore-rooms
fore-run	forerun
fore-runne	forerun
fore-runner	forerunner
fore-runners	forerunners
fore-running	forerunning
fore-runs	foreruns
fore-said	foresaid
fore-sail	foresail
fore-saw	foresaw
fore-sawe	foresaw
fore-see	foresee
fore-seene	foreseen
fore-shew	foreshow
fore-shewes	foreshows
fore-sight	foresight
fore-sights	foresights
fore-slow	foreslow
fore-speaking	forespeaking
fore-stal'd	forestalled
fore-stall	forestall
fore-stor'd	fore-stored
fore-teeth	foreteeth
fore-tel	foretell
fore-tell	foretell
fore-tellers	foretellers
fore-telling	foretelling
fore-tells	foretells
fore-tels	foretells
fore-thinke	forethink
fore-thinking	forthinking
fore-tolde	foretold
fore-top	foretop
fore-toppe	foretop
fore-tops	foretops
forebeare	forebear
forecastyng	forecasting
foredoome	foredoom
forefeete	forefeet
foregiue	foregive
foregoe	forego
foreheade	forehead
forein	foreign
foreine	foreign
forelocke	forelock
forelooke	forelook
foremoste	foremost
forenoone	forenoon
forenoones	forenoons
forerunnes	foreruns
foresaide	foresaid
foresayde	foresaid
foresayle	foresail
foreseene	foreseen
foresene	foreseen
foresēd	foresend
foreshew	foreshow
foreshew'd	foreshowed
foresheweth	foreshoweth
foreshewing	foreshowing
foreshowes	foreshows
foreshowne	foreshown
foresleeues	foresleeves
foresooth	forsooth
forespeake	forespeak
forestal'd	forestalled
forestall'd	forestalled
forestes	forests
foresworne	foresworn
foresée	foresee
foreséeing	foreseeing
foretel	foretell
foretelles	foretells
foretels	foretells
forethinke	forethink
foretolde	foretold
foretoppe	foretop
foretould	foretold
foreuer	forever
foreuermore	forevermore
forevvarned	forewarned
forewarde	forward
forewarnd	forewarned
forewarne	forewarn
forfait	forfeit
forfaite	forfeit
forfaited	forfeited
forfaiture	forfeiture
forfathers	forefathers
forfeite	forfeit
forfet	forfeit
forfeted	forfeited
forfets	forfeits
forfeyt	forfeit
forfeyte	forfeit
forfeyted	forfeited
forfeyts	forfeits
forfeyture	forfeiture
forfit	forfeit
forfited	forfeited
forg'd	forged
forgat	forgot
forgaue	forgave
forgauest	forgavest
forgd	forged
forgde	forged
forgerie	forgery
forget'st	forgettest
forgetfull	forgetful
forgetfullness	forgetfulness
forgetfulnes	forgetfulness
forgetfulnesse	forgetfulness
forgeting	forgetting
forgetst	forgettest
forgett	forget
forgette	forget
forgeue	forgive
forgeuen	forgiven
forgeuenesse	forgiveness
forgiaues	forgiaves
forgiue	forgive
forgiue'ce	forgive'ce
forgiuen	forgiven
forgiuenes	forgiveness
forgiuenesse	forgiveness
forgiues	forgives
forgiuest	forgivest
forgiuē	forgiven
forgiv'e	forgiu'e
forgiv'n	forgiven
forgivenes	forgiveness
forgivenesse	forgiveness
forgoe	forgo
forgoing	foregoing
forgon	forgo
forgote	forgot
forgott	forgot
forgotte	forgotten
forhead	forehead
forheade	forehead
forheads	foreheads
forhed	forehead
fork'd	forked
fork'd-mace	forked-mace
fork-tongu'd	fork-tongued
forke	fork
forke-tongued	fork-tongued
forkes	forks
forkt	forked
forlorne	forlorn
forloue	forlove
form'd	formed
formalitie	formality
formall	formal
formallity	formality
formd	formed
forme	form
formes	forms
formlesse	formless
formost	foremost
formoste	foremost
fornace	furnace
fornight	fortnight
fornycacyō	fornycacyon
forrag'd	foraged
forrage	forage
forrageth	forageth
forraging	foraging
forraign	foreign
forraigne	foreign
forraigner	foreigner
forrain	foreign
forraine	foreign
forrainer	foreigner
forrainers	foreigners
forrayne	foreign
forreign	foreign
forreigne	foreign
forrein	foreign
forreine	foreign
forreiners	foreigners
forren	foreign
forreners	foreigners
forrest	forest
forrester	forester
forresters	foresters
forrests	forests
forreward	forward
forreyn	foreign
forriners	foreigners
forsak'st	forsakest
forsaken-graues	forsaken-graves
forsaks	forsakes
forsakyng	forsaking
forsakynge	forsaking
forsee	foresee
forsene	forseen
forsight	foresight
forslowe	forslow
forsoeth	forsooth
forsoke	forsook
forsooke	forsook
forsoothe	forsooth
forsoth	forsooth
forsothe	forsooth
forsouth	forsooth
forst	forced
forsware	forswore
forsweare	forswear
forsweares	forswears
forswere	forswear
forsworne	forsworn
forsée	foresee
fort-night	fortnight
fort-nights	fortnights
fortake	foretake
forte	fort
fortefie	fortify
fortell	foretell
fortes	forts
forth-coming	forthcoming
forth-comming	forthcoming
forth-commings	forth-comings
forth-right	forthright
forth-with	forthwith
forthcomming	forthcoming
forthe	forth
forther	further
fortheraūce	furtherance
forthwardes	forthwards
fortie's	forty's
fortifi'd	fortified
fortifide	fortified
fortifie	fortify
fortify'd	fortified
fortresse	fortress
fortun	fortune
fortun'd	fortuned
fortun's	fortune's
fortunat	fortunate
fortunat'st	fortunatest
fortunatly	fortunately
fortunā	fortunam
fortune-tel	fortune-tell
fortune-teller	fortuneteller
fortune-telling	fortunetelling
fortunne	fortune
fortuue	fortune
fortuues	fortwes
fortuuio	fortwio
fortūes	fortune's
fortvnam	fortunam
fortvnate	fortunate
fortvnatissimi	fortunatissimi
fortvne	fortune
fortvnes	fortunes
fortyes	forties
forvs	forus
forvvard	forward
forwarde	forward
forwardes	forwards
forwardnes	forwardness
forwardnesse	forwardness
fosse	fossae
fosset-seller	fossett-seller
foster'd	fostered
fostred	fostered
fostresse	fostress
fostryng	fostering
fote	foot
fotyng	foting
foueraigne	foveraigne
fought'st	foughtest
foughtst	fightest
foul'd	fouled
foul'st	foulest
foul-mouth'd	foulmouthed
foul-mouthd	foulmouthed
foul-mouthed	foulmouthed
foul-mouthed'st	foul-mouthedest
foul-tongu'd	foul-tongued
fould	fouled
foulded	folded
fouldes	folds
fouldings	foldings
foulds	folds
foule	foul
foule-fisted	foul-fisted
foule-gutted	foul-gutted
foule-incontinent	foul-incontinent
foule-mouth'd	foulmouthed
foule-mouthed	foulmouthed
foulely	foully
foulenes	foulness
foulenesse	foulness
foules	fool's
foull	foul
foulnesse	foulness
foultryng	foultring
fouly	foully
foulye	foully
foun	foum
foun-de-red	foundered
found'red	foundered
found'st	foundest
foundacion	foundation
foundacyon	foundation
founde	found
founder'd	foundered
founderd	foundered
foundr'd	foundered
foundred	foundered
foundresse	foundress
foundring	foundering
foundst	foundest
fountaine	fountain
fountaines	fountains
fountayne	fountain
fountaynes	fountains
founte	fount
founteine	fountain
fouor	fovor
foure-score	fourscore
foure-squared	four-squared
foures	fours
fourme	form
fourmed	form
fous'd	foused
foūd	found
foūdation	foundation
foūder	founder
fovght	fought
fovntaine	fountaine
fovrth	fourth
fovvl	fowl
fowl-mouth'd	fowl-mouthed
fowle	fowl
fowle-faire	foul-fair
fowled	fowl
fowles	fowls
fowlest	foulest
fowlness	foulness
fowly	foully
fownd	found
fox'd	foxed
foxe	fox
foy	foi
foyl	foil
foyl'd	foiled
foyld	foiled
foyle	foil
foyled	foiled
foyles	foils
foyling	foiling
foyls	foils
foyne	foin
foyning	foining
foyson	foison
foyst	foist
foysted	foisted
foysting	foisting
foysts	foists
fragant	fragrant
fragraunt	fragrant
fraie	fray
fraies	frays
fraight	fraught
fraighted	freighted
frail'st	frailest
fraile	frail
frailetie	frailty
fraileties	frailties
frailety	frailty
frailtie	frailty
fram'd	framed
framd	framed
framde	framed
frampvl	frampul
franchiz'd	franchized
francke	frank
francklin	franklin
franckly	frankly
frank'd	franked
franke	frank
frankely	frankly
frankensence	frankincense
frankfort	frankfurt
frankincence	frankincense
frankinsence	frankincense
franknesse	frankness
frantick	frantic
franticke	frantic
frantickly	frantically
frantike	frantic
frantikely	frantically
frantique	frantic
frantyque	frantic
fran̄ces	frances
fraternall	fraternal
fraude	fraud
fraudfull	fraudful
fraughte	fraught
frauuces	frawces
fraūce	fraunce
fraūces	fraunces
fraw'd	frawed
frawde	fraud
frayd	frayed
frayde	frayed
fraye	fray
frayeltie	frailty
frayes	frays
frayle	frail
frayler	frailer
frayleties	frailties
frayltie	frailty
fraylties	frailties
fraylty	frailty
frā	fran
frāce	france
frāces	frances
frāckly	frankly
frātickelie	franticly
fre	from
fre'd	freed
freake	freak
fredom	freedom
fredome	freedom's
free'd	freed
free-bloud	free-blood
free-born	freeborn
free-borne	freeborn
free-dome	freedom's
free-hearted	freehearted
free-hold	freehold
free-holder	freeholder
free-man	freeman
free-men	freemen
free-schoole	free-school
free-will	freewill
free-woman	freewoman
freeborne	freeborn
freed-men	freedmen
freede	freed
freedome	freedom
freedomes	freedoms
freelie	freely
freemā	freeman
freend	friend
freende	friend
freendes	friends
freendly	friendly
freends	friends
freendship	friendship
freenes	freeness
freenesse	freeness
freequent	frequent
freese	freeze
freeses	freezes
freeseth	freezeth
freesing	freezing
freez	freeze
freez'd	freezed
freind	friend
freinde	friend
freindes	friends
freindly	friendly
freinds	friends
freindship	friendship
frely	freely
frelye	freely
fremitū	fremitum
french-behau'd	french-behaved
french-crown-colour	french-crown-coloured
french-crowne	french-crown
french-hood	frenchhood
french-hoode	french-hood
french-man	frenchman
french-man's	frenchman's
french-mans	frenchman's
french-men	frenchmen
french-mens	frenchmen's
french-taylors	french-tailors
frenche	french
frenchifi'd	frenchified
frenchmans	frenchman's
frenchmā	frenchman
frencie	frenzy
frend	friend
frende	friend
frendely	friendly
frendes	friends
frendlie	friendly
frendly	friendly
frends	friends
frendship	friendship
frendshippe	friendship
frendships	friendships
frendshyp	friendship
frendshyps	friendships
frensie	frenzy
frenzey	frenzy
frenzie	frenzy
freqeuently	freqevently
frequent'st	frequentest
frequente	frequent
frequentlie	frequently
fresh-man	freshman
fresh-men	freshmen
fresh-water	freshwater
freshe	fresh
freshlie	freshly
freshman-ship	freshmanship
freshnes	freshness
freshnesse	freshness
fresshe	fresh
fressher	fresher
fretfull	fretful
fretish'd	fretished
frett	fret
frette	fret
fretts	frets
frettyng	fretting
fretynge	fretting
freyght	freight
freynd	friend
freyndly	friendly
frēch	french
frēchified	frenchified
frēchman	frenchman
frēdly	friendly
frēds	friends
frēdship	friendship
frēe	frene
fri	friendship
fridaies	fridays
frie	fry
friend-ship	friendship
friende	friend
friendes	friends
friendles	friendless
friendlesse	friendless
friendlie	friendly
friendshipp	friendship
friendshippe	friendship
friendshyp	friendship
frieng	frying
frienship	friendship
frier's	friar's
friers	friars
friese	frieze
friēd	friend
friēdly	friendly
friēds	friends
friēship	friendship
frigat	frigate
fright-full	frightful
frightes	frights
frightfull	frightful
frightlesse	frightless
frightned	frighted
frigot	frigate
frind	friend
frindes	friends
frindge	fringe
frindly	friendly
frinds	friends
frindship	friendship
frindships	friendships
fripperie	frippery
frisch-vp	frisch-up
friskd	frisked
friske	frisk
friskes	frisk's
frisled	frizzled
friuall	frivall
friuolous	frivolous
frivilous	frivolous
frizado	frisado
frize	freeze
frize-land	frieze-land
frizl'd	frizzled
frizled	frizzled
fro	from
froath	froth
froathing	frothing
froathy	frothy
froc'd	froced
frocke	frock
froe	fro
frogge	frog
frogges	frogs
froggs	frogs
frolick	frolic
frolicke	frolic
frolike	frolic
frolique	frolic
frollick	frolic
frollicke	frolic
frollicking	frolicking
frollicks	frolicks
fromme	from
fronde	frond
frontire	frontier
frontires	frontiers
frontis-peece	frontispiece
frontispic'd	frontispiced
frontlesse	frontless
frontst	frontest
frose	froze
frosen	frozen
frost-bitten	frostbitten
frost-nayld	frost-nailed
frost-nipt	frost-nipped
froste	frost
frostes	frosts
frostie	frosty
frothes	froths
frothfill'd	frothfilled
frothie	frothy
fround	frowned
froune	frown
frouning	frowning
froūced	frounced
frovvn	frown
froward'st	frowardest
frowarde	forward
frowardnes	forwardness
frowardnesse	frowardness
frown'd	frowned
frown'st	frownest
frownd	frowned
frowne	frown
frownes	frowns
frowninge	frowning
frownyng	frowning
frownynge	frowning
froz'd	frozed
frozē	frozen
frō	from
frō's	fron's
frōts	fronts
fructful	fruitful
fructifie	fructify
frugalitie	frugality
frugall	frugal
fruict	fruit
fruictes	fruits
fruictfull	fruitful
fruicts	fruits
fruit-feilds	fruit-fields
fruite	fruit
fruitefull	fruitful
fruitefully	fruitfully
fruitefulnesse	fruitfulness
fruitelesse	fruitless
fruites	fruits
fruitful'st	fruitfulest
fruitfull	fruitful
fruitfullnesse	fruitfullness
fruitfulnes	fruitfulness
fruitfulnesse	fruitfulness
fruitles	fruitless
fruitlesly	fruitlessly
fruitlesse	fruitless
fruityō	fruition
frustrat	frustrate
frute	fruit
fruteful	fruitful
frutefull	fruitful
frutefully	fruitfully
frutes	fruits
frutful	fruitful
frutfull	fruitful
frutify	fructify
fruyt	fruit
fruyte	fruit
fruytes	fruits
frūpes	frumps
fry'd	fried
fry-dayes	fridays
fryars	friars
frydaye	friday
frydayes	fridays
frye	fry
fryed	fried
fryes	fries
frynde	friend
fryndes	friends
fryse	frise
frée	free
frée-booters	freebooters
fréedom	freedom's
fréedome	freedom's
fréedomes	freedoms
fréehold	freehold
fréelie	freely
fréely	freely
fréeman	freeman
fréend	friend
fréendes	friends
fréendly	friendly
fréends	friends
frées	frees
fréese	freeze
fréeze	freeze
fr̄d	frnd
fub'd	fubed
fudled	fuddled
fued	sued
fuell	fuel
fugitiue	fugitive
fugitiues	fugitives
fuille-mote	fuillemote
ful	full
ful-blowne	fullblown
ful-butt	full-butt
ful-fild	fulfilled
ful-gorging	full-gorging
ful-moone	full-moon
fulfil'd	fulfilled
fulfild	fulfilled
fulfill	fulfil
fulfill'd	fulfilled
fulfyl	fulfil
fulfyll	fulfil
fulfylled	fulfilled
fulgor	fulgour
full'd	fulled
full-blowne	fullblown
full-car'd	full-cared
full-cheekt	full-cheeked
full-fil'd	fullfilled
full-gather'd	full-gathered
full-grown	fullgrown
full-moone	full-moon
full-mouth'd	full-mouthed
full-nos'd	full-nosed
full-saild	full-sailed
full-stomack'd	full-stomacked
full-stream'd	full-streamed
fullenness	sullenness
fullennesse	sullenness
fullfyll	fulfil
fullie	fully
fullied	fully
fullnesse	fullness
fullneuer	fullnever
fully'd	fullyed
fullye	fully
fulnes	fullness
fulness	fullness
fulnesse	fullness
fulsom	fulsome
fulv.	fulu.
fum'd	fumed
fumie	fumy
fun'ral	funeral
functiō	function
fundamentall	fundamental
funde	fund
funerall	funeral
funeralles	funerals
funeralls	funerals
funnell	funnel
fur'd	furred
furder	further
furderauuce	furderawce
furie	fury
furie's	fury's
furiouse	furious
furiouslie	furiously
furle	furl
furnish'd	furnished
furnish't	furnished
furnishd	furnished
furnishe	furnish
furnisht	furnished
furniuall	furnivall
furniualls	furnivalls
furr'd	furred
furre	fur
furres	furs
furrow'd	furrowed
furrowe	furrow
furrowes	furrows
furrs	furs
furth	forth
furthe	forth
further'd	furthered
furtheraunce	furtherance
furtheryng	furthering
furthwith	forthwith
furtiuos	furtivos
furye	fury
furye's	fury's
furyes	furies
furyous	furious
fuste	fust
fustiā	fustian
fustie	fusty
fute	foot
futher	further
fvcvs	fucus
fvl	full
fvl.	ful.
fvlcinivs	fulcinius
fvll	full
fvlvia	fulvia
fvlvivs	fulvius
fvnessimam	funessimam
fvngoso	fungoso
fvr.	fur.
fvrb.	furb.
fvrbo	furbo
fvreo	fureo
fvrnivs	furnius
fvs	fus
fvscvs	fuscus
fvt.	fut.
fvtelli	futelli
fvtvra	futura
fvv.	fw.
fy	fie
fyckle	fickle
fydelyte	fidelity
fydlyng	fydling
fye	fie
fye'st	fyeest
fyelde	field
fyer	fire
fyerce	fierce
fyers	fires
fyery	fiery
fygge	fig
fyght	fight
fyghte	fight
fyghteth	fighteth
fyghting	fighting
fyghtyng	fighting
fygure	figure
fygures	figures
fyl'd	filed
fylde	filled
fyle	file
fyled	filed
fyll	fill
fylled	filled
fylth	filth
fylthe	filth
fylthie	filthy
fylthy	filthy
fylthye	filthy
fylthynes	filthiness
fylthynesse	filthiness
fynall	final
fynally	finally
fynd	find
fynde	find
fyndes	finds
fyndeth	findeth
fynding	finding
fynds	finds
fyne	fine
fyned	foamed
fynelye	finely
fynes	fines
fynest	finest
fynger	finger
fynyshed	finished
fyre	fire
fyred	fired
fyres	fires
fyrie	firy
fyrmament	firmament
fyrme	firm
fyrmelye	firmly
fyryefomyng	fyryefoming
fysh	fish
fyshe	fish
fyshes	fishes
fysshe	fish
fyst	fist
fyt	fit
fyth-waters	fythwaters
fyts	fits
fytt	fit
fyue	fyve
fyxed	fixed
fée	fee
féeble	feeble
féebled	feebled
féeblenes	feebleness
féebles	feebles
féed	feed
féede	feed
féedes	feeds
féedeth	feedeth
féeding	feeding
féeld	field
féeldes	fields
féele	feel
féeles	feels
féelest	feelest
féeleth	feeleth
féeling	feeling
féelingly	feelingly
féere	fear
féeres	fears
fées	fees
féet	feet
féete	feet
féeue	féeve
g'oss'd	g'ossed
gabinivs	gabinius
gabling	gambling
gadflie	gadfly
gag'd	gauged
gag-tooth'd	gag-toothed
gagg	gag
gagg'd	gagged
gaggd	gagged
gagge	gag
gaie	gay
gaiest	gayest
gaile	gail
gain'd	gained
gain'st	gainest
gain-say	gainsay
gaind	gained
gaine	gain
gaine's	gain's
gaine-full	gainful
gaine-say	gainsay
gaine-sayd	gainsaid
gainefull	gainful
gaines	gains
gainesaid	gainsaid
gainesay	gainsay
gaineth	gains
gainfull	gainful
gainsaies	gainsays
gainyng	gaining
gaite	gait
gal'd	galed
gald	galled
galde	galled
galeons	galleons
galery	gallery
galiard	galliard
gall'd	galled
gallant'st	gallantest
gallante	gallant
gallantes	gallants
gallaries	galleries
gallaunde	galland
gallaunt	gallant
gallāt	gallant
gallāts	gallants
galle	gall
galleasse	galleass
galleis	galleys
gallerie	gallery
galles	galls
galley-slaue	galleyslave
galley-slaues	galley-slaves
galleyes	galleys
galliarde	galliard
gallie	galley
gallie-slaues	galley-slaves
gallies	galleys
gallimafrie	gallimaufry
gallimaufrey	gallimaufry
gallimaufrie	gallimaufry
gallions	galleons
gallislaues	gallislaves
gallop'd	galloped
gallope	gallop
gallopping	galloping
gallopt	galloped
gallopyng	galloping
gallowayes	galloways
gallowes	gallows
gallō	gallon
gallvs	gallus
gally	galley
gally-chaine	galley-chain
gally-foist	galley-foist
gally-foyst	galley-foist
gally-maufrey	gallymaufrey
gally-pot	galley-pot
gally-slaue	galleyslave
gally-slaues	galleyslaves
gally-slave	galleyslave
gally-slaves	galleyslaves
gallyes	galleys
gam-ster	gamester
gamboles	gambols
gamboling	gambolling
gamboll	gambol
gambolls	gambols
gameing	gaming
gamster	gamester
gamsters	gamesters
gander-goose	gandergoose
gangreen'd	gangrened
gangren'd	gangrened
ganne	gan
gant	gaunt
gantlet	gauntlet
gantlets	gauntlets
gaole	gaol
gap'd	gaped
gap'st	gapest
gap't	gaped
gape-seede	gape-seed
gapinge	gaping
gappe	gap
gappes	gaps
gapyng	gaping
gapynge	gaping
garbadge	garbage
garbe	garb
garbes	garbs
garbidge	garbage
garboiles	garboils
garboyles	garboils
gard	guard
gard'ners	gardeners
garde	guard
garded	guarded
garden'd	gardened
gardes	guards
gardian	guardian
gardians	guardians
garding	guarding
gardins	gardens
gardon	guerdon
gards	guards
gargarisme	gargarism
gargarismes	gargarisms
garishe	garish
garison	garrison
garisons	garrisons
garlande	garland
garlandes	garlands
garlicke	garlic
garlicke-breath	garlic-breath
garlike	garlic
garlique	garlic
garlond	garland
garlyke	garlic
garmentes	garments
garmēt	garment
garmētes	garments
garmēts	garments
garnish'd	garnished
garnish't	garnished
garnisht	garnished
garnisshed	garnished
garnyshed	garnished
garnysht	garnished
gartring	gartering
gasde	gazed
gase	gaze
gaser	gazer
gasht	gashed
gasing	gazing
gasp'd	gasped
gaspe	gasp
gaspes	gasps
gaspt	gasped
gaspyng	gasping
gaspynge	gasping
gasshed	gashed
gasshing	gashing
gasshinge	gashing
gastlie	ghastly
gastly	ghastly
gastlye	ghastly
gasyng	gazing
gatelesse	gateless
gather'd	gathered
gather'st	gatherest
gatherd	gathered
gathred	gathered
gau'st	gavest
gaudie	gaudy
gaudyng	gauding
gaue	gave
gauest	gavest
gaueston	gaveston
gauestone	gavestone
gauestons	gavestons
gauines	gavines
gaul'd	gauled
gauld	galled
gaule	gaul
gaule-prouinces	gaule-provinces
gav'st	gavest
gavvdy	gawdy
gawdie	gawdy
gawdinesse	gaudiness
gay-nes	gains
gaye	gay
gayetie	gaiety
gayeties	gaieties
gayle	gail
gayn	gain
gayn'd	gained
gaynd	gained
gaynde	gained
gayne	gain
gayned	gained
gayner	gainer
gayners	gainers
gaynes	gains
gaynfull	gainful
gayning	gaining
gaynsay	gainsay
gaynsayeth	gainsayeth
gaynst	gainst
gaz'd	gazed
gazd	gazed
gazde	gazed
gā	gan
gādauo	gandavo
ge	goe
geare	gear
geast	jest
geaue	geave
geer	gere
geere	gear
geeue	geeve
geeues	geeves
geeueth	geeveth
geffrey	geoffrey
geffrey's	geoffrey's
gelde	geld
geldyng	gelding
gelli'd	gelli
gellied	gelli
gelly	jelly
gelly-broth	jelly-broth
gelouer	gelover
gelous	jealous
gemme	gem
gemmes	gems
gemms	gems
gen'ral	general
gen'rall	general
gen'rous	generous
genealogie	genealogy
generacyon	generation
generacyons	generations
general'st	generalest
generalitie	generality
generalities	generalties
generall	general
generallie	generally
generallitie	generality
generalls	generals
generatiue	generative
generousnesse	generousness
genetiuo	genetivo
geneua	geneva
geniale	genial
geniall	genial
genious	genius
genitall	genital
genitalls	genitals
genitore	genitor
genivs	genius
genleman	gentleman
genlemen	gentlemen
genouestan	genovestan
genrall	general
gentel	gentle
gentell	gentle
gentelman	gentleman
gentelmen	gentlemen
gentels	gentles
gentie	genty
gentil	gentle
gentilely	gently
gentileness	gentleness
gentilitie	gentility
gentill	gentle
gentill-home	gentle-home
gentilman	gentleman
gentilmen	gentlemen
gentilnes	gentleness
gentils	gentiles
gentivm	gentium
gentle-folkes	gentlefolks
gentle-folks	gentlefolks
gentle-man	gentleman
gentle-men	gentlemen
gentle-natur'd	gentle-natured
gentle-voman	gentlewoman
gentle-vvomans	gentlewoman's
gentle-woman	gentlewoman
gentle-womans	gentlewoman's
gentle-women	gentlewomen
gentlefolkes	gentlefolks
gentlely	gently
gentleman-like	gentlemanlike
gentlemans	gentleman's
gentlemau	gentleman
gentlemā	gentleman
gentlemen-vshers	gentlemen-ushers
gentlement	gentlemen
gentlemē	gentlemen
gentlemon	gentleman
gentlenes	gentleness
gentlenesse	gentleness
gentlevvoman	gentlewoman
gentlevvomen	gentlewomen
gentlewoman-like	gentlewomanlike
gentlewomanne	gentlewoman
gentlewomans	gentlewoman's
gentlewomā	gentlewoman
gentlewomens	gentlewomen's
gentlewomē	gentlewomen
gentlie	gently
gentlman	gentleman
gentlmen	gentlemen
gentlye	gently
gentrie	gentry
gentrye	gentry
gentyl	gentle
gentyles	gentiles
gentyll	gentle
gentylman	gentleman
gentylmen	gentlemen
gentylwoman	gentlewoman
geographicall	geographical
geometricall	geometrical
geometricke	geometric
geometrie	geometry
geometrycall	geometrical
georgicks	georgics
ger	her
gere	gree
gerle	girl
germaines	germans
germanes	germane
germanicvs	germanicus
gernatiue	gernative
gerne	girn
gerrards	gerrard's
gers	gres
gerviue	gervive
gese	geese
gesse	guess
gessed	guessed
gesseth	guesseth
gessing	guessing
gestes	gests
get'st	gettest
getst	gettest
gett	get
gett'st	gettest
gette	get
getteth	gets
getvp	getup
geue	give
geuen	given
geues	gives
geueth	giveth
geuē	given
geuing	giving
geuynge	giving
geven	given
gew-gaw	gewgaw
gew-gawes	gewgaws
gēmam	gemmam
gēnerall	general
gētl	gentl
gētle	gentle
gētle-womans	gentlewoman's
gētlefolkes	gentlefolks
gētleman	gentleman
gētlemā	gentleman
gētlenes	gentleness
ghalleng'd	ghallenged
ghastlie	ghastly
ghess	guess
ghess'd	guessed
ghesse	guess
ghest	guessed
ghestes	guests
ghests	guests
ghoast	ghost
ghoasts	ghosts
ghospell	gospel
ghoste	ghost
ghostes	ghosts
ghostlie	ghostly
ghuest	guest
gi'	give
giant-like	giantlike
giantes	giants
giantesse	giantess
giauntes	giants
giaunts	giants
gib'd	gibed
gibberishe	gibberish
gibet	gibbet
giddie	giddy
giddines	giddiness
giddinesse	giddiness
gieue	gieve
gifte	gift
giftes	gifts
gigantomachiz'd	gigantomachized
gigglet	giglet
gild'st	gildest
gilde	gild
giles'es	giles's
gilli-flower	gillyflower
gilliflower	gillyflower
gillyvors	gillyvores
gils	gills
gilt-wing'd	gilt-winged
gilte	guilt
gilted	guilted
giltie	guilty
giltles	guiltless
giltlesse	guiltless
gilty	guilty
gim-cracks	gimcracks
ginger-bread	gingerbread
ginger-taile	ginger-tail
gingle	jingle
gingle-boyes	gingle-boys
ginglyng	gingling
ginne	gin
ginnes	begins
ginns	gins
gins	begins
giouani	giovani
giouanni	giovanni
giouanni's	giovanni's
giouenelle	giovenelle
giouenelli	giovenelli
gipseys	gipsies
gipsie	gipsy
gipsie-masking	gipsy-masking
girde	gird
girdes	girds
girlands	garlands
girle	girl
girle's	girl's
girles	girls
girlond	garland
girlonds	girlands
girlysh	girlish
girne	girn
girt	girded
girte	girt
girthes	girths
gis	jesu
gitle	gentle
gitterne	gittern
giu'd	gived
giu'n	given
giu's	gives
giu'st	givest
giu't	giu`t
giue	give
giue'em	give'em
giue'hem	give'hem
giue's	give's
giue't	give't
giuea	givea
giued	gived
giuemee	givemee
giuen	given
giuen'em	given'em
giuen't	given't
giuenesse	givenesse
giuent	givent
giuen̄	given
giuer	giver
giuers	givers
giues	gives
giuest	givest
giueth	gives
giuē	given
giuing	giving
giuing'hem	giving'hem
giuinge	giving
giv'n	given
giv'st	givest
giv't	giu`t
giv'ta	giu'ta
give-a	give
giveth	gives
givē	given
givēs	givens
givst	joust
gizard	gizzard
glad-mention'd	glad-mentioned
glad-some	gladsome
glad-suruiuing	glad-surviving
gladde	glad
gladlie	gladly
gladlye	gladly
gladnes	gladness
gladnesse	gladness
gladsom	gladsome
glamorgan-shire	glamorganshire
glanc'd	glanced
glanc't	glanced
glansing	glancing
glarynge	glaring
glas	glass
glas'd	glazed
glased	glazed
glass-windowes	glass-windows
glasse	glass
glasse-house	glass-house
glasse-makers	glass-makers
glasse-windowes	glass-windows
glassie	glassy
glauering	glavering
glaues	glaves
glaun'st	glaunest
glaunc'd	glanced
glaunce	glance
glaunced	glanced
glaunces	glances
glaunceth	glanceth
glauncing	glancing
glauncinge	glancing
glauncings	glancings
glauncyng	glancing
glaunders	glanders
glaunst	glanced
glaūce	glance
glaūcyng	glancing
glavce	glauce
glaz'd	glazed
glād	gland
gleame	gleam
gleames	gleams
glean'd	gleaned
gleand	gleaned
gleane	glean
gleanes	gleans
gleaue	gleave
glebe	glebae
gleek'd	gleeked
gleeke	gleek
glew'd	glued
glewe	glue
glewed	glued
glib'd	glibed
glibberie	glibbery
glidder'd	gliddered
glimering	glimmering
glimmer'd	glimmered
glimse	glimpse
glimses	glimpses
glimsing	glimpsing
glimsyng	glimpsing
glist'ring	glistering
glistred	glistered
glistring	glistering
glistringe	glistering
glittring	glittering
glittryng	glittering
glīmering	glimmering
glo-worm	glowworm
glo-worme	glowworm
glo-wormes	glowworms
globie	globy
glode	glowed
glomie	gloomy
glommyng	glomming
gloomie	gloomy
gloominesse	gloominess
glorie	glory
glorie's	glory's
glorifi'd	glorified
glorifie	glorify
glorify'd	glorified
glorions	glorious
gloriouslie	gloriously
gloriovs	glorious
glorye	glory
glorye's	glory's
gloryes	glories
gloryfying	glorifying
gloryous	glorious
gloryouse	glorious
gloryus	glorious
glose	gloss
gloses	gloss
glosing	glossing
gloss'd	glossed
glosse	gloss
glosters	gloucesters
gloting	gloating
glotious	glorious
glou'd	gloved
gloue	glove
glouelike	glovelike
glouer	glover
gloues	gloves
glouing	gloving
glow-worm	glowworm
glow-worm's	glowworm's
glow-worme	glowworm
glow-wormes	glowworms
glow-worms	glowworms
glowe	glow
glowe-wormes	glowworms
glowes	glows
glowormes	glowworms
glowyng	glowing
glu'd	glued
glutte	glut
gluttenous	gluttonous
gluttinge	glutting
gluttonie	gluttony
glyde	glide
glyded	glided
glydes	glides
glyding	gliding
glydinge	gliding
glydyng	gliding
glymmering	glimmering
glympse	glimpse
glymsyng	glymsing
glystryng	glistering
glystrynge	glistering
glytering	glittering
glyteryng	glittering
glyttryng	glyttring
glyttrynge	glyttring
gnasshing	gnashing
gnathonicall	gnathonical
gnatte	gnat
gnaw'd	gnawed
gnaw'st	gnawest
gnawd	gnawed
gnawe	gnaw
gnawes	gnaws
gnawne	gnawn
gnawyng	gnawing
gnomaticvs	gnomaticus
go'st	goest
goade	goad
goades	goads
goale	goal
goar'd	gored
goare	gore
goaring	goring
goary	gory
goast	ghost
goate	goat
goates	goats
gobblets	goblets
gobblins	goblins
goblines	goblins
gobling	gobbling
god-amercie	godamercy
god-boy	godboy
god-daughter	goddaughter
god-father	godfather
god-fathers	godfathers
god-head	godhead
god-like	godlike
god-mother	godmother
god-mothers	godmothers
god-night	goodnight
god-sake	godsake
god-sonne	godson
godamercie	godamercy
godbe-wi'y	godbewi'y
goddes	gods
goddesse	goddess
goddis	gods
godds	gods
gode	good
godes	gods
godess	goddess
godesse	goddess
godesses	goddesses
godeuole	godevole
godfreyes	godfrey's
godhed	godhead
godis	gods
godles	godless
godlesse	godless
godli	godly
godlines	godliness
godlinesse	godliness
godlye	godly
godlynes	godliness
godlynesse	godliness
godness	goodness
godowne	godown
gods-guift	gods-gift
gods-pretious	gods-precious
godsaue	godsave
goe	go
goe's	go's
goeing	going
goethe	goeth
goggle-ey'd	goggle-eyed
goinge	going
gold-finch	goldfinch
gold-finches	goldfinches
gold-lace	goldlace
gold-mountaines	gold-mountains
gold-myne	gold-mine
gold-smith	goldsmith
gold-smith's	goldsmith's
gold-smithes	goldsmiths
gold-smiths	goldsmiths
gold-smyth	goldsmith
gold-weights	goldweights
golde	gold
golde-breathing	gold-breathing
golden-fleece	goldenfleece
goldē	golden
goldēcrested	goldencrested
goldsmithes	goldsmith's
goldy-lockt	goldy-locked
gole	goal
gon	gone
gonne	gone
gonorrhea	gonorrhoea
good'ev'n	good'eu'n
good-fellow	goodfellow
good-fellowe	goodfellow
good-lucke	good-luck
good-man	goodman
good-mans	goodmans
good-men	goodmen
good-morrow	goodmorrow
good-natur'd	good-natured
good-night	goodnight
good-wife	goodwife
good-will	goodwill
goodd	good
gooddes	gods
gooddy	goody
goodes	goods
goodfellowe	goodfellow
goodfellowes	goodfellows
goodie	goody
goodlie	goodly
goodlye	goodly
goodlyest	goodliest
goodmā	goodman
goodmens	goodmen's
goodnes	goodness
goodnesse	goodness
goodvvill	goodwill
goodwil	goodwill
goodwils	goodwills
goold	gold
goon	gone
goood	good
goope	goop
goos	goose
goos-dung	goose-dung
goose-cap	goosecap
goose-faire	goose-fair
goose-quill	goosequill
goosecappe	goosecap
goot	good
gootē	gooten
gor	gour
gor'd	gored
gorg'd	gorged
gorgious	gorgeous
gorie	gory
gormandizer	gormandiser
gormundizing	gormandising
gorye	gory
goshawke	goshawk
gospeler	gospeller
gospell	gospel
gospelles	gospels
gossaue	gossave
gossippings	gossipings
gossipt	gossipped
gost	ghost
gostes	ghosts
gostly	ghostly
got'st	gottest
gote	goat
gotes	goats
gothe	goth
gotish	goatish
gots	gets
gott	got
gotte	got
gottē	got
goue	gove
gouer	gover
gouer'nd	gover'nd
gouer.	gover.
gouerment	government
gouern	govern
gouern'd	governed
gouern.	govern.
gouernance	governance
gouernaunce	governance
gouernd	governed
gouerne	govern
gouerned	governed
gouernement	government
gouernements	governments
gouerner	governor
gouerners	governors
gouernes	governs
gouernesse	governess
gouerneth	governeth
gouerning	governing
gouernment	government
gouernment's	government's
gouernmente	government
gouernments	governments
gouernmēt	government
gouernor	governor
gouernor's	governor's
gouernors	governors
gouernour	governor
gouernours	governors
gouernout	governout
gouerns	governs
gouernst	governest
gould	gold
goulde	gold
goulden	golden
goulden-lane	golden-lane
gouldens	goldens
gouldē	golden
gouldsmith	goldsmith
goune	gown
gourdes	gourds
gourmandize	gourmandise
goute	gout
goutie	gouty
gov.	gou.
goverment	government
govern'd	governed
governd	governed
governe	govern
governement	government
governes	governs
governesse	governess
governour's	governor's
governours	governors
govērne	govern
govgh	gough
govnder	gounder
govvne	gown
gown'd	gowned
gowne	gown
gowne's	gown's
gowne-man	gownman
gowne-wings	gown-wings
gowneman	gownman
gownes	gowns
gowt	gout
gowte	gout
gowtie	gouty
gowty	gouty
gowtye	gouty
goyng	going
goynge	going
gozelyng	gozeling
gra	gram
grac'd	graced
grac'de	graced
grac'st	gracest
grac't	graced
gracchvs	gracchus
gracd	graced
gracde	graced
grace-fully	gracefully
gracefull	graceful
gracefulnesse	gracefulness
graceles	graceless
gracelesse	graceless
gracēs	gracens
gracinvs	gracinus
gracious-streete	gracious-street
graciousnes	graciousness
gracst	gracest
gracyous	gracious
gracyouse	gracious
gracyouslye	graciously
graduat	graduate
graecians	grecians
graffe	graft
graffes	graffs
graft'st	graftest
grafte	graft
graie	grey
grain'd	grained
graine	grain
graines	grains
gramatical	grammatical
gramercie	gramercy
gramercyes	gramercies
grammaticall	grammatical
grammer	grammar
grammer-schoole	grammar-school
grammercy	gramercy
grammers	grammars
granadoes	granades
grand-child	grandchild
grand-childe	grandchild
grand-children	grandchildren
grand-father	grandfather
grand-fathers	grandfathers
grand-mother	grandmother
grand-mothers	grandmothers
grand-seruant	grand-servant
grand-sire	grandsire
grandchilde	grandchild
grandfires	grandsires
grandi'es	grandi's
grandsirs	grandsires
grandsyre	grandsire
granmother	grandmother
gransires	grandsires
grant'st	grantest
grantes	grants
grape-crownd	grape-crowned
grape-stone	grapestone
grapell'd	grapelled
grapled	grappled
grappl'd	grappled
gras	grass
grase	graze
grashopper	grasshopper
grashoppers	grasshoppers
grasier	grazier
grasiers	graziers
grasing	grazing
grasp'd	grasped
graspe	grasp
graspes	grasps
graspt	grasped
grass-greene	grass-green
grasse	grass
grasse-eaters	grass-eaters
grasse-greene	grass-green
grasse-hopper	grasshopper
grasse-hoppers	grasshoppers
grassehopper	grasshopper
grassey	grassy
grassie	grassy
graste	graced
grat	great
grat'st	gratest
gratefie	gratify
gratefull	grateful
gratefulnes	gratefulness
gratefulnesse	gratefulness
gratefvll	grateful
gratifide	gratified
gratifie	gratify
gratious	gracious
gratiously	graciously
gratissimvm	gratissimum
gratuitie	gratuity
gratulat'st	gratulatest
grau'd	graved
graua	grava
grauam	gravam
grauat	gravat
graud	graved
graue	grave
graue-maker	gravemaker
graue-matron-like	grave-matron-like
graue-stone	gravestone
graued	graved
grauel	gravel
grauel'd	gravelled
graueld	graveld
grauell	gravel
grauelled	gravelled
grauelling	gravelling
grauely	gravely
grauelyn	gravelyn
grauen	graved
grauenes	gravenes
grauer	graver
graues	graves
graues-end-barge	graves-end-barge
grauesend	gravesend
grauesende	gravesende
grauest	gravest
grauetie	gravetie
grauety	gravity
grauickiis	gravickiis
grauida	gravida
grauida'd	gravidaed
grauidad	gravidad
grauie	gravy
grauing	graving
grauiore	graviore
grauis	gravis
grauissimum	gravissimum
grauissume	gravissume
grauitie	gravity
grauities	gravities
grauity	gravity
graund-father	grandfather
graunde	grand
graundfathers	grandfathers
graundsire	grandsire
graundsires	grandsires
graundsyres	grandsires
graunt	grant
graunte	grant
graunted	granted
grauntes	grants
graunteth	granteth
graunting	granting
graunts	grants
graūdsyres	grandsires
graūnt	graunnt
graūt	grant
graūted	granted
grav'd	graved
grave-maker	gravemaker
grave-stone	gravestone
gravel'd	gravelled
gravell	gravel
gravelled	graveled
gravey	gravy
gravie	gravy
gravitie	gravity
gravitie's	gravity's
gray	grey
gray'd	greyed
gray-beard	graybeard
gray-greene	gray-green
gray-headed	grayheaded
gray-houndes	gray-hounds
graye	grey
grayest	greyest
graying	greying
grayne	grain
graynes	grains
grays	greys
graz'd	grazed
grādsire	grandsire
gready	greedy
greas'd	greased
greasie	greasy
greasie-apron	greasy-apron
great'st	greatest
great-folkes	great-folks
great-men	greatmen
great-mens	great-men's
great-spleen'd	great-spleened
great-villaine	great-villain
greate	great
greately	greatly
greatenes	greatness
greatenesse	greatness
greatlie	greatly
greatnes	greatness
greatnesse	greatness
greatst	greatest
greatter	greater
greaue	grieve
greaues	greaves
greazie	greasy
greazy	greasy
grecu'd	grecued
gredely	greedily
gredie	greedy
gredines	greediness
gredy	greedy
gredye	greedy
greecian	graecian
greede	greed
greedely	greedily
greedie	greedy
greedines	greediness
greedinesse	greediness
greef	grief
greefe	grief
greefes	griefs
greefs	griefs
greeke	greek
greekes	greeks
greekishe	greekish
green'd	greened
green-a	green
green-sickness	greensickness
green-tail'd	green-tailed
green-tayl'd	green-tailed
greene	green
greene-collour'd	greene-colloured
greene-goose	green-goose
greene-gray	green-gray
greene-sauce	greensauce
greene-sawce	greensauce
greene-sheilds	green-shields
greene-sheld	green-shield
greene-shield	green-shield
greene-sicknes	greensickness
greene-sickness-liuer'd	greene-sickness-livered
greene-sicknesse	greensickness
greene-wiche	green-which
greene-wit	greenewit
greene-witch	green-witch
greenenesse	greenness
greenes	greens
greenous	grievous
greete	greet
greetes	greets
greeu'd	grieved
greeuance	grievance
greeuances	grievances
greeue	grieve
greeued	grieved
greeuen	grieven
greeues	grieves
greeueth	grieveth
greeuing	grieving
greeuous	grievous
greeuously	grievously
greev'd	grieved
greeve	grieve
greevious	grievous
greevous	grievous
grefe	grief
greife	grief
greifes	griefs
greiu'd	grieved
greiu'st	greivest
greiue	grieve
greiued	grieved
greiues	grieves
greiv'd	grieved
greive	grieve
greives	grieves
greke	greek
grekes	greeks
grekish	greekish
grekishe	greekish
gret	great
greter	greater
gretly	greatly
gretter	greater
greuaunce	grievance
greuaūce	grievance
greue	grieve
greues	grieves
greueth	grieveth
greuons	grevons
greuous	grievous
greuouse	grievous
greuously	grievously
greuouslye	grievously
greuys	grevys
grevances	grievances
grevv	grew
grew'st	grewest
grewe	grew
grewell	gruel
grey-hayr'd	greyhaired
grey-hound	greyhound
grey-hounds	greyhouds
greye	grey
greyes	greys
greyhounds	greyhouds
griefe	grief
griefe's	grief's
griefes	griefs
grieflesse	griefless
griefull	griefful
griesly	grisly
grieu'd	grieved
grieuance	grievance
grieuances	grievances
grieud	grieved
grieue	grieve
grieued	grieved
grieues	grieves
grieueth	grieveth
grieueuous	grieveuous
grieuing	grieving
grieuosly	grievosly
grieuous	grievous
grieuously	grievously
griev'd	grieved
grievd	grieved
grimme	grim
grin'd	grinned
grind-stone	grindstone
grinde	grind
grindes	grinds
grinne	grin
grinnes	grins
grip'd	gripped
grip'st	gripest
gript	gripped
gripte	gripped
gripyng	gripping
grisely	grisly
grislie	grisly
grislye	grisly
grissel	griselda
griue	grieve
griued	grieved
griues	gives
groan'd	groaned
groan'st	groanest
groand	groaned
groane	groan
groanes	groans
groaping	groping
groate	groat
groates	groats
groates-worth	groatsworth
groats-worth	groatsworth
groaues	groves
groine	groin
groines	groins
gromes	grooms
gron'd	groaned
grone	groan
groned	groaned
grones	groans
groning	groaning
gronyng	groaning
grook-back'd	grook-backed
groome	groom
groome-like	groom-like
groomes	grooms
grosely	grossly
grosenes	grossness
grosest	grossest
groslie	grossly
grosly	grossly
groslye	grossly
grosnesse	grossness
grosse	gross
grosse-full	gross-full
grosse-headed	gross-headed
grosse-pated	gross-pated
grossely	grossly
grossenes	grossness
grossenesse	grossness
grote	groat
grou'ling	grovelling
groue	grove
groueling	grovelling
grouell	grovel
grouelling	grovelling
grouelyng	grovelling
groues	groves
ground-plat	ground-plate
ground-streames	ground-streams
ground-work	groundwork
ground-worke	groundwork
ground-workes	groundworks
grounde	ground
groundes	grounds
groundlesse	groundless
grouud	ground
groūd	ground
groūde	ground
groūded	grounded
groūds	grounds
groveling	grovelling
grovnd	ground
grovv	grow
grovve	grow
grovvnde	ground
grow'n	grown
grow'st	growest
grow'th	growth
growe	grow
growen	grown
growes	grows
grownd	ground
grownde	ground
grownded	grounded
grownds	grounds
growne	grown
grownevp	growneup
growthe	growth
growyng	growing
groyne	groin
grub'd	grubbed
grudg'd	grudged
grudgyng	grudging
grund	ground
gruntyng	grunting
grutch'd	grudged
grutcht	grudged
gryefe	grief
grym	grim
grymme	grim
grynd-stone	grindstone
grynde	grind
grynding	grinding
gryndynge	grinding
grype	gripe
grypes	gripes
gryphons	gryfon
grypyng	groping
grysyng	grysing
grée	agree
gréed	greed
gréedely	greedily
gréedie	greedy
gréedily	greedily
gréedy	greedy
gréefe	grief
gréefes	griefs
gréeke	greek
gréekes	greeks
gréekish	greekish
gréeks	greeks
gréen	green
gréene	green
gréener	greener
gréet	greet
gréete	greet
gréeteth	greeteth
gréetings	greetings
gréets	greets
gréeue	grieve
gréeued	grieved
gréeues	grieves
gréeueth	grieveth
gréeuous	grievous
guard'st	guardest
guarde	guard
guardes	guards
guardianesse	guardianess
guardshippe	guardship
gud	good
gude	good
gudgion	gudgeon
gueld	geld
guelded	gelded
guelding	gelding
guerdon'd	guerdoned
guess'd	guessed
guesse	guess
guest-wise	guestwise
guestes	guests
guid	guide
guiding-staffe	guiding-staff
guids	guides
guift	gift
guiftes	gifts
guifts	gifts
guil	guile
guil'd	guiled
guild-hall	guildhall
guilde	guild
guildes	guilds
guilefull	guileful
guilte	guilt
guiltie	guilty
guiltines	guiltiness
guiltinesse	guiltiness
guiltles	guiltless
guiltlesse	guiltless
guineuer	guinever
guirt	girt
guitlesse	guitless
guize	guise
gul'd	guled
guld	gulled
gulfe	gulf
gulfe-like	gulf-like
gulfes	gulfs
gull'd	gulled
gulld	gulled
gullder-goose	gulldergoose
gullerie	gullery
gulp'd	gulped
gulpe	gulp
gulpes	gulps
gulph	gulf
gulphes	gulfs
gulphs	gulfs
gulpyng	gulping
guls	gulls
gultie	guilty
gum'd	gummed
gum-water	gumwater
gumb'd	gumbed
gumlesse	gumless
gumm'd	gummed
gumme	gum
gumme's	gum's
gummes	gums
gumms	gums
gun-pouder	gunpowder
gun-powder	gunpowder
gunne	gun
gunnes	guns
gunpouder	gunpowder
gurmandize	gourmandise
gush't	gushed
gushinge	gushing
gusht	gushed
gushyng	gushing
gusshing	gushing
gusshyng	gushing
gustie	gusty
gutt	gut
gutte	gut
gutter-maister	gutter-master
guttes	guts
gutts	guts
guyde	guide
guyded	guided
guyder	guider
guyle	guile
guyles	guiles
guylt	guilt
guyse	guise
guzling	guzzling
gūme	gum
gūpowder	gunpowder
gv.	gu.
gvl.	gul.
gvles	gules
gvt	gut
gwēthyā	gwenthyan
gwiniuer	gwiniver
gwyniuer	gwyniver
gyant	giant
gyant's	giant's
gyant-bulkes	giant-bulks
gyant-wise	giant-wise
gyantly	giantly
gyants	giants
gybe	gibe
gybing	gibing
gydaūce	gydaunce
gyde	guide
gydes	guides
gyft	gift
gyfte	gift
gyftes	gifts
gyfts	gifts
gylded	gilded
gylt	guilt
gylte	guilt
gyltie	guilty
gyltles	guiltless
gylty	guilty
gyltye	guilty
gyne	gynae
gynecia	gynoecia
gynne	gin
gypsey	gipsy
gypsie	gypsy
gypsye	gypsy
gyrd	gird
gyrde	gird
gyrdes	girds
gyrdle	girdle
gyrlands	grlands
gyrle	girl
gyrles	girls
gyrlond	garland
gyrlonds	girlands
gyue	gyve
gyuen	given
gyues	gyves
gyueth	gyveth
gyuing	gyving
gyuyng	gyving
gyv'd	gyved
gyven	given
géese	geese
géeuen	géeven
h'as	has
h'aue	h'ave
ha'	have
ha'murder'd	ha'murdered
ha'pleas'd	ha'pleased
ha'recouered	ha'recovered
ha'sau'd	ha'saved
ha'smother'd	ha'smothered
ha'st	haest
ha'thank'd	ha'thanked
ha'warn'd	ha'warned
haa'd	haaed
habberdashers	haberdashers
habergions	habergeons
habilitie	hability
habillaments	habiliments
habilliments	habiliments
habitacion	habitation
habitatiō	habitation
habite	habit
habites	habits
habitt	habit
habitts	habits
habituall	habitual
habitū	habitum
habitz	habits
hable	able
habyte	habit
hack'd	hacked
hack't	hacked
hacke	hack
hackes	hacks
hacknei'd	hackneyed
hackney-man	hackneyman
hackneyes	hackneys
hacknie	hackney
hacknies	hackneys
hackny	hackney
hackt	hacked
had'st	hadst
hadd'st	hadst
hadde	had
haddest	hadst
haddockes	haddocks
haddyst	hadst
hadest	hadst
hafte	haft
hagg	hag
hagge	hag
hagges	hags
haglers	hagglers
hail-shot	hailshot
haild	hailed
haile	hail
haile-shot	hailshot
haile-storme	hailstorm
hailes	hails
hainous	heinous
hainously	heinously
hair'd	haired
hair-breadth	hairbreadth
hair-cloth	haircloth
hairbraine	hairbrain
haire	hair
haire's	hair's
haire-brain'd	hair-brained
haire-braine	hairbrain
haire-cloth	haircloth
haires	hairs
hairie	hairy
hal'd	haled
halbardiers	halberdiers
halbards	halberds
halberders	halberdiers
halberdes	halberds
halbow'd	halbowed
halcion	haltion
halcions	haltions
halcyonian	haltionian
hald	hold
half-brain'd	half-brained
half-clos'd	half-closed
half-hourely	half-hourly
half-moon	halfmoon
half-pence	halfpence
half-penny	halfpenny
half-peny	halfpenny
half-starv'd	half-starved
halfe	half
halfe-armes	half-arms
halfe-beasts	half-beasts
halfe-burnt	half-burnt
halfe-circle	half-circle
halfe-crowne	half-crown
halfe-crownes	half-crowns
halfe-dead	half-dead
halfe-famisht	half-famished
halfe-headed	half-headed
halfe-houre	halfhour
halfe-moone	halfmoon
halfe-moones	halfmoons
halfe-nothing	half-nothing
halfe-pecke	half-peck
halfe-pence	halfpence
halfe-penie	halfpenny
halfe-penny	halfpenny
halfe-peny	halfpenny
halfe-shoulder	half-shoulder
halfe-staru'd	half-starved
halfe-way	halfway
halfe-witted	half-witted
halfepence	halfpence
halfepenie	halfpenny
halfepennie	halfpenny
halfepenny	halfpenny
halfepeny	halfpenny
halfes	halves
halfpenie	halfpenny
halfpeny	halfpenny
hall'd	halled
halle	hall
halles	halls
halloing	hallowing
hallow'd	hallowed
hallowes	hallows
halow'd	hallowed
halowed	hallowed
halpeny	halfpenny
halt'st	haltest
halter'd	haltered
halue	halve
halues	halves
ham'd	hamed
ham-string'd	ham-stringed
hamer	hammer
hammer'd	hammered
hammeringe	hammering
hamperd	hampered
hanch	haunch
hanches	haunches
hand'st	handest
hand-fast	handfast
hand-fulls	handfuls
hand-fuls	handfuls
hand-kercher	handkercher
hand-kerchers	handkerchers
hand-kerchiefe	handkerchief
hand-kerchiefes	handkerchiefs
hand-maid	handmaid
hand-maide	handmaid
hand-maides	handmaidens
hand-maids	handmaids
hand-mayd	handmaid
hand-mayde	handmaid
hand-mayds	handmaids
hand-saw	handsaw
hand-sawes	hand-saws
hand-work	handwork
hand-writing	handwriting
hande	hand
handeling	handling
handelynge	handling
handes	hands
handfull	handful
handfulls	handfuls
handicrafts-men	handicraftsmen
handie	handy
handker-chiefe	handkerchief
handkercheif	handkerchief
handkercheife	handkerchief
handkerchiefe	handkerchief
handkerchiefes	handkerchiefs
handl'd	handled
handlesse	handless
handlinge	handling
handlyng	handling
handmaide	handmaid
handmaides	handmaidens
handmayd	handmaid
handmayde	handmaid
handmaydes	handmaids
handsell	handsel
handsom	handsome
handsom'st	handsomest
handsomelie	handsomely
handsomenesse	handsomeness
handsomlie	handsomely
handsomly	handsomely
handsomlye	handsomely
handsomnes	handsomeness
handsomness	handsomeness
handsomnesse	handsomeness
handy-crafts	handicrafts
handy-worke	handiwork
handyworke	handiwork
hane	have
hang'd	hanged
hang'st	hangest
hang-man	hangman
hang-man's	hangman's
hang-mans	hangmans
hang-men	hangmen
hangd	hanged
hangde	hanged
hange	hang
hangeman	hangman
hanges	hangs
hangmā	hangman
hangst	hangest
hangyng	hanging
hangynge	hanging
hanke	hawk
hansel	handsel
hansell	handsel
hansell'd	hanselled
hansom	handsome
hansome	handsome
hansomelie	handsomely
hansomely	handsomely
hansomer	handsomer
hansomest	handsomest
hansomly	handsomely
hanted	haunted
hanting	haunting
hap'ly	haply
hap'ned	happened
hapd'st	hapdest
hapely	haply
hapen	happen
hapened	happened
hapening	happening
hapily	happily
hapines	happiness
hapiness	happiness
haples	hapless
haplesly	haplessly
haplesse	hapless
haplie	happily
haplye	happily
hapn'd	happened
hapned	happened
hapneth	happeneth
hapning	happening
happ	hap
happ'ly	haply
happ'ned	happened
happe	happen
happelie	happily
happely	happily
happen'd	happened
happend	happened
happes	haps
happie	happy
happilie	happily
happilye	happily
happines	happiness
happinesse	happiness
happinsse	happiness
happly	haply
happlye	haply
happs	haps
happy'st	happiest
happye	happy
happyer	happier
happyest	happiest
happyly	happily
happynes	happiness
happyness	happiness
happynesse	happiness
haproou'd	haprooved
hapt	happened
harbenger	harbinger
harber	harbour
harbor	harbour
harbor'd	harboured
harbored	harboured
harborough	harbour
harbors	harbours
harbour'd	harboured
harbourd	harboured
harbred	harboured
harbring	harbouring
harbryng	harbouring
hard'ned	hardened
hard'st	hardest
hard-fauord	hard-favord
hard-fauour'd	hard-favoured
hard-fauourd	hard-favourd
hard-handed	hardhanded
hard-harted	hardhearted
harde	harden
hardely	hardly
hardelye	hardly
harden'd	hardened
hardenes	hardens
hardharted	hardhearted
hardie	hardy
hardier	hardy
hardinesse	hardiness
hardlie	hardly
hardned	hardened
hardnes	hardness
hardnesse	hardness
hardst	hardest
hardye	hardy
hare-brain'd	harebrained
hare-braind	harebrained
hare-braine	harebrain
hare-brained	harebrained
hare-foote	harefoot
hare-lip	harelip
harebraind	harebrained
harebrainde	harebrained
harebraine	harebrain
harebraines	harebrains
harebraynd	harebrained
hargraue	hargrave
harguebuziers	harquebusiers
harings-field	haringsfield
harke	hark
harken'd	hearkened
harkning	harkening
harlot-sicke	harlot-sick
harlotrie	harlotry
harm'd	harmed
harmd	harmed
harme	harm
harmefull	harmful
harmeles	harmless
harmelesse	harmless
harmes	harms
harmfull	harmful
harmles	harmless
harmlesse	harmless
harmonicall	harmonical
harmonie	harmony
harmonius	harmonious
harmonize	harmonise
harmonye	harmony
harmyng	harming
harneis	harness
harnes	harness
harness'd	harnessed
harnesse	harness
harnest	harnessed
harolds	harold's
harpe	harp
harpes	harps
harpie	harpy
harpye	harpy
harpyes	harpies
harquebush	harquebus
harrolds	harrold's
harrowes	harrows
harrye	harry
harshe	harsh
harshnes	harshness
harshnesse	harshness
hart-burning	heartburning
hart-peircing	hart-piercing
hart-sicke	hart-sick
hart-strings	heartstrings
hart-wounding	heart-wounding
harte	heart
harted	hearted
hartednes	heartedness
hartelie	heartily
hartely	heartily
hartelye	heartily
hartens	heartens
hartes	hearts
harth	hearth
hartichokes	artichokes
hartie	hearty
hartiest	heartiest
hartilie	heartily
hartily	heartily
hartis	hearts
hartless	heartless
hartlesse	heartless
hartly	heartily
hartned	heartened
hartning	heartening
harts-horn	hartshorn
hartstrings	heartstrings
harty	hearty
hartye	hearty
haruest	harvest
haruest-seede	harvest-seed
haruest-time	harvesttime
haruests	harvest's
harvest-man	harvestman
has't	hast
hasarde	hazard
hasht	hashed
haslie	hasly
hassocke	hassock
hast'ned	hastened
haste-posthaste	haste-post-haste
hastelie	hastily
hastely	hastily
hastie	hasty
hastilie	hastily
hastinesse	hastiness
hastned	hastened
hastnimb'd	hastnimbed
hastning	hastening
hastser'd	hastsered
hastye	hasty
hastyly	hastily
hat'st	hatest
hat-band	hatband
hat-bands	hatbands
hatch'd	hatched
hatch't	hatched
hatche	hatch
hatchets	hatchet's
hatcht	hatched
hated'st	hatedest
hatefull	hateful
hatefulnesse	hatefulness
haterivs	haterius
hathe	hath
hathrecouerd	hathrecoverd
hatt	hat
hatte	hat
hattes	hats
hatts	hats
hau'dam'd	hau'damed
hauc	have
haue	have
haue'a	have'a
haue'em	have'em
haue'hem	have'hem
haue't	have't
haue-none	have-none
haue-seal'd	have-sealed
haued	haved
hauee'ne	havee'ne
haueifaith	haveifaith
hauelaine	havelaine
hauelar	havelar
hauemade	havemade
hauen	haven
hauen-touching	haven-touching
hauenly	heavenly
hauens	havens
hauer	haver
hauereserued	havereserued
hauf	half
haughtie	haughty
haughtinesse	haughtiness
hauie	havie
hauing	having
hauinge	having
hauings	havings
hauiour	behaviour
hauiours	haviours
hauke	hawk
haukes	hawks
hauking	hawking
haulfe	half
haulse	halse
hault	halt
haung	hang
haunt'st	hauntest
haunte	haunt
hauntes	haunts
hauntst	hauntest
hauock	havoc
hauocke	havoc
hauocks	havocs
hautie	haughty
hauty	haughty
hautye	haughty
hauyng	having
hauynge	having
haūe	haune
haūts	haunts
hav	have
hav't	hau't
havd	haud
havē	haven
havghties	haughties
havghty	haughty
havinge	having
havior	haviour
havock	havoc
havocke	havoc
hawke	hawk
hawkes	hawks
hawkes-meat	hawks-meat
hawthorne	hawthorn
hawtie	haughty
hawty	haughty
hay-loft	hayloft
hay-maker	haymaker
hayl	hail
hayld	hailed
hayle	hail
hayle-stones	hailstones
hayles	hails
haylynges	hailings
haynous	heinous
haynousnesse	heinousness
hayr'd	haired
hayre	hair
hayre-monger	hair-monger
hayre-rascall	hair-rascal
hayred	haired
hayres	hairs
hazarde	hazard
hazell	hazel
hazzard	hazard
hazzarded	hazarded
hād	hand
hād-basket	hand-basket
hādes	hands
hādle	handle
hādled	handled
hāds	hands
hāg	hang
hāg'd	hanged
hāgd	hanged
hāged	hanged
hāmer-man	hammer-man
hāmers	hammers
he'd	heed
he'le	he'll
head-ach	headache
head-long	headlong
head-men	headmen
head-pallace	head-palace
head-peece	headpiece
head-peeces	headpieces
head-piece	headpiece
head-pieces	headpieces
head-stall	headstall
head-strong	headstrong
head-tyres	head-tires
headach	headache
headāke	headanke
headded	headed
headdy	heady
heade	head
heades	heads
headfull	headful
headid	headed
headie	heady
headles	headless
headlesse	headless
headouer-night	headover-night
headpeece	headpiece
headpeeces	headpieces
heads-man	headsman
heal'd	healed
heald	healed
healde	healed
heale	heal
heales	heals
healpe	help
healst	healest
healthe	health
healthes	healths
healthfull	healthful
healthie	healthy
healthlesse	healthless
healynge	healing
heap'd	heaped
heap'st	heapest
heap't	heaped
heapd	heaped
heape	heap
heapes	heaps
heapēs	heapens
heapt	heaped
heapyng	heaping
hear'd	haired
hear'st	hearest
hearb	herb
hearbe	herb
hearbes	herbs
hearbs	herbs
heard'st	heardest
hearde	heard
heardes	herds
heardman	herdsman
heards-men	herdsmen
heardsman	herdsman
heardsmen	herdsmen
heare	hear
heare's	hear's
heare-say	hearsay
heareafter	hereafter
heared	haired
heares	hears
hearesay	hearsay
hearē	hearen
hearinge	hearing
heark	hark
hearke	hark
hearken	harken
hearkened	harkened
hearkening	harkening
hearkned	hearkened
hearkning	harkening
hearre	hear
heart'ly	heartily
heart-ache	heartache
heart-bloud	heartblood
heart-break	heartbreak
heart-burning	heartburning
heart-disseuering	heart-dissevering
heart-grief	heartgrief
heart-inticing	heart-enticing
heart-lesse	heartless
heart-sick	heartsick
heart-sicke	heartsick
heart-sore	heartsore
heart-string	heartstring
heart-stringes	heartstrings
heart-strings	heartstrings
heart-struck	heartstruck
hearte	heart
hearted'st	heartedest
heartely	heartily
heartes	hearts
heartgreiu'd	heartgreived
heartie	hearty
heartilie	heartily
heartilye	heartily
heartles	heartless
heartlesse	heartless
heartning	heartening
hearts-blood	heartsblood
hearyng	hearing
hearynges	hearings
heast	hest
heate	heat
heates	heats
heathenisme	heathenism
heathē	heathen
heathnish	heathenish
heatt	heat
heau'd	heaved
heau'n	heaven
heau'nly	heavenly
heau'ns	heavens
heau'st	heavest
heaud	heaved
heaue	heave
heaue'n	heave'n
heaued	heaved
heauely	heavely
heauen	heaven
heauen's	heaven's
heauen-blest	heaven-blest
heauen-inspired	heaven-inspired
heauen-sake	heaven-sake
heauen-ward	heavenward
heauend	heavend
heauenli	heavenli
heauenlie	heavenly
heauenly	heavenly
heauenlye	heavenly
heauens	heavens
heauens-dew	heavens-dew
heaues	heaves
heaueu	heaveu
heaueus	heaveus
heauē	heaven
heauēly	heavenly
heauēs	heavens
heauie	heavy
heauie-swelling	heavy-swelling
heauier	heavier
heauiest	heaviest
heauily	heavily
heauines	heaviness
heauinesse	heaviness
heauing	heaving
heauy	heavy
heauye	heavy
heauyer	heavier
heauylie	heavily
heauyly	heavily
heauynes	heaviness
heauynesse	heaviness
heav'd	heaved
heav'n	heaven
heav'nly	heavenly
heav'ns	heavens
heave'ns	heavens
heavenlie	heavenly
heavē	heaven
heavie	heavy
heavinesse	heaviness
heavn	heaven
heavns	heavens
heavy-headed	heavyheaded
hebrewe	hebrew
hebrue	hebrew
hecatombe	hecatomb
hecatombes	hecatombs
hecles	heckles
hecticks	hectics
hed	head
hedd	head
hedde	head
hedded	headed
heddes	heads
hede	heed
hedg	hedge
hedg'd	hedged
hedg-hog	hedgehog
hedge-hog	hedgehog
hedghogs	hedgehogs
hedlong	headlong
hedlonge	headlong
hedlongs	headlongs
heds	heads
hedstrong	headstrong
hee	he
hee'd	heeed
hee'l	he'll
hee'le	he'll
hee's	he's
heede	heed
heedes	heeds
heedfull	heedful
heedfull'st	heedfullest
heedie	heedy
heedles	heedless
heedlesly	heedlessly
heedlesse	heedless
heel'd	heeled
heeld	heeled
heele	heel
heele-block	heel-block
heele-blocke	heel-block
heele-blocks	heel-blocks
heeles	heals
heer	her
heer's	here's
heer'st	hearest
heerafter	hereafter
heere	here
heere's	here's
heere-after	hereafter
heere-hence	here-hence
heereabouts	hereabouts
heereafter	hereafter
heereby	hereby
heerein	herein
heereof	hereof
heeretofore	heretofore
heering	hearing
hees	he's
heete	heat
heg'd	heged
heigher	higher
heighest	highest
heighnes	highness
heighnesse	heighness
heighth	height
heighthen	heighten
heightned	heightened
heightnings	heightenings
heigth	heighth
heigthe	height
heire	heir
heires	heirs
heiresse	heiress
heither	neither
hel	hell
hel'd	heled
hel's	hell's
hel-begotten	hell-begotten
hel-borne	hellborn
hel-bred	hellbred
hel-hood	hell-hood
hel-hound	hellhound
hel-hounds	hellhounds
held'st	heldest
helde	held
hele	heloe
heleyue	heleyve
helhound	hellhound
helhounds	hellhounds
hell-born	hellborn
hell-bred	hellbred
hell-coale	hell-coal
hell-deepe	hell-deep
hell-fire	hellfire
hell-hound	hellhound
hell-houndes	hellhounds
hell-hounds	hellhounds
hell-straid	hell-strayed
helle	hell
helles	hells
hellishe	hellish
hellishnesse	hellishness
helme	helm
helmes	helms
helmlesse	helmless
help'd	helped
help'st	helpest
help't	helped
helpe	help
helpelesse	helpless
helpes	helps
helpfull	helpful
helpinge	helping
helples	helpless
helplesse	helpless
helpst	helpest
helpt	helped
helpte	helped
helpyng	helping
helth	health
helthe	health
helthful	healthful
helthfull	healtful
heluetian	helvetian
hem'd	hemmed
hemd	hemmed
hemi-spheare	hemisphere
hemisphear	hemisphere
hemispheare	hemisphere
hemispheares	hemispheres
hemlocke	hemlock
hemm'd	hemmed
hemme	hem
hemn'd	hemned
hemp-seed	hempseed
hempe	hemp
hempe-seed	hempseed
hen-roost	henroost
hence-foorth	henceforth
hence-forth	henceforth
hence-forward	henceforward
hencefoorth	henceforth
henceforwardes	henceforwards
hench-man	henchman
heng'd	henged
henge	hinge
henne	hen
hennes	hens
hense	hence
hensforth	henceforth
hept	heaped
her's	hers
her-selfe	herself
herafter	hereafter
heralde	herald
heraldes	heralds
heraldrie	heraldry
herat	hereat
herauld	herald
heraulde	herald
herauldrie	heraldry
heraulds	heralds
herb-wife	herbwife
herb-woman	herbwoman
herbe	herb
herbes	herbs
herce	hearse
herculaniā	herculaniam
hercvlean	herculean
hercvles	hercules
herde	herd
herdes	herds
herdmen	herdsmen
here-after	hereafter
here-by	hereby
here-to-fore	heretofore
here-vnto	hereunto
here-withall	herewithal
heredes	haeredes
hereditarie	hereditary
heres's	haeres's
heresie	heresy
herest	hearest
heresye	heresy
heretage	heritage
hereticall	heretical
heretick	heretic
hereticke	heretic
heretickes	heretics
hereticks	heretics
heretike	heretic
heretikes	heretics
heretique	heretic
heretyke	heretic
heretykes	heretics
hereuppon	hereupon
herevnto	hereunto
herevpon	hereupon
herewithall	herewithal
herford-shire	herefordshire
heriditary	hereditary
hering	hearing
heringe	hearing
heritique	heretic
heritiques	heretics
heritour	heritor
herken	harken
hermaphrodeitie	hermaphrodeity
hermaphroditicall	hermaphroditical
hermā	herman
hermeticall	hermetical
hermite	hermit
hermites	hermits
hermonious	harmonious
hermophrodyte	hermaphrodite
hermotimvs	hermotimus
herodiās	herodians
herodotvs	herodotus
heroe	hero
herof	hereof
heroicall	heroical
heroicallie	heroically
heroick	heroic
heroicke	heroic
heroicks	heroics
heroike	heroic
heroique	heroic
heroycall	heroical
heroycke	heroic
heroyicall	heroical
herrald	herald
herringe	herring
herringes	herrings
herse	hearse
herse-cloath	hearse-cloth
herse-cloth	hearse-cloth
herselfe	herself
hert	heart
herte	heart
hertely	heartily
hertes	herts
hertofore	heretofore
herty	hearty
heruit	hervit
herupō	hereupon
herwith	herewith
heryng	hearing
herynge	hearing
hespervs	hesperus
heste	hest
hestes	hests
het	haet
heterogenious	heterogeneous
hether	hither
hetherto	hitherto
hetruriā	hetruriam
heuely	hevely
heuen	heaven
heuenly	heavenly
heuens	heavens
heueuenly	heveuenly
heuēly	heavenly
heuie	heavy
heuinesse	heaviness
heur'st	heurest
heuy	heavy
heuye	heavy
hev'ns	heavens
hevsd	heusd
hew'd	hewed
hew'n	hewn
hewd	hewed
hewe	hew
hewen	hewed
hewes	hues
hewne	hewed
hey-day	heyday
heyfer	heifer
heyfers	heifers
heygh	heigh
heyght	height
heynous	heinous
heyre	heir
heyres	heirs
heyvvood	heywood
hē	hen
hēad	henad
hēare	hear
hēart	heart
hēce	hence
hēr	henr
hēre	here
hēricus	henricus
hi	him
hibocrates	hippocrates
hick-up	hickup
hick-vp	hickup
hid'st	hidest
hidd	hid
hidde	hid
hidden'st	hiddenest
hiddeous	hideous
hiddeously	hideously
hiddiuos	hiddivos
hide-bound	hidebound
hide-parke	hyde-park
hidious	hideous
hienas	hiena's
hier	hire
hierarchie	hierarchy
hierlinges	hirelings
hieroglificall	hieroglyphical
hierogliphick	hieroglyphic
hieroglyphick	hieroglyphic
hieroglyphickes	hieroglyphics
hieroglyphicks	hieroglyphics
hieroglyphique	hieroglyphic
hiest	highest
hig	hic
high'st	highest
high-arch'd	high-arched
high-born	highborn
high-borne	highborn
high-charg'd	high-charged
high-countrey	high-country
high-minded	highminded
high-nol'd	high-noled
high-plum'd	high-plumed
high-priz'd	high-prized
high-rear'd	high-reared
high-reard	high-reared
high-roof'd	high-roofed
high-swoln	high-swollen
high-vvay	highway
high-waies	highways
high-way	highway
high-wayes	highways
high-ways	highways
highe	high
highēss	highness
highlie	highly
highnes	highness
highnesse	highness
highnēsse	highness
highte	hight
highten	heighten
hightned	heightened
hights	heights
highvvay	highway
highwayes	highways
hignes	highness
higness	highness
hil	hill
hild	held
hill'd	hilled
hilles	hills
hillockes	hillocks
hils	hills
hiltes	hilts
him-selfe	himself
himē	himen
himnes	hymns
himsefe	himself
himsele	himself
himselfe	himself
himselfe's	himself's
himselse	himself
hind'rance	hindrance
hind-most	hindmost
hinde	hind
hinder'd	hindered
hinderance	hindrance
hinderances	hindrances
hinderaunce	hindrance
hinderāce	hindrance
hindge	hinge
hindges	hinges
hindmoste	hindmost
hindred	hindered
hindring	hindering
hine	him
hinmost	hindmost
hipocrisie	hypocrisy
hipocrisy	hypocrisy
hipocrisye	hypocrisy
hipocrite	hypocrite
hipocrites	hypocrites
hipocrysie	hypocrisy
hippes	hips
hippivs	hippius
hir	his
hir'd	hired
hirs	hers
hirself	herself
hirselfe	herself
hiss'd	hissed
hisse	hiss
hissinge	hissing
historicall	historical
historie	history
historifie	historify
historique	historic
historye	history
historyes	histories
histrio-mastix	histriomastix
histriographers	historiographers
hit'st	hittest
hitherwards	hitherward
hitt	hit
hitte	hit
hiu'd	hived
hiue	hive
hiues	hives
hm	him
hoarce	hoarse
hoarie	hoary
hoarsenesse	hoarseness
hoary-headed	hoaryheaded
hoarye	hoary
hoast	host
hoasts	hosts
hoat	hot
hob-goblins	hobgoblins
hob-nail'd	hobnailed
hob-nailes	hobnails
hob-nayles	hobnails
hobbie	hobby
hobbie-horse	hobbyhorse
hobbie-horses	hobby-horses
hobbinolls	hobbinols
hobby-horse	hobbyhorse
hobling	hobbling
hoblyng	hobbling
hobnail'd	hobnailed
hobnailes	hobnails
hodge-podge	hodgepodge
hogge	hog
hogges	hogs
hogges-heads	hogsheads
hoggesheads	hogsheads
hoggs	hogs
hoggs-head	hogshead
hogs-den	hogsden
hogs-don	hogsdon
hogs-face	hogsface
hogs-head	hogshead
hogs-heads	hogsheads
hogshed	hogshead
hoie	hoy
hoise	hoist
holberds	halberds
hold'st	holdest
hold-fast	holdfast
hold-fastes	holdfasts
holde	hold
holden	held
holdes	holds
holdeth	holds
holdinge	holding
holdst	holdest
holdyng	holding
holesom	wholesome
holesome	wholesome
holi	holy
holi-day	holiday
holidaie	holiday
holidaies	holidays
holidayes	holidays
holie	holy
holie-day	holiday
holines	holiness
holinesse	holiness
holle	?
hollidaies	holidays
holliday	holiday
hollie	holly
hollovv	hollow
hollow-cheekt	hollow-cheeked
hollow-hearted	hollowhearted
hollowe	hollow
hollowes	hollows
hollownes	hollowness
holly-day	holiday
holme	holm
holow	hollow
holp'st	holpest
holpe	help
holpen	helped
holsome	wholesome
holy-daies	holidays
holy-day	holiday
holy-day-eues	holy-day-eves
holy-dayes	holy-days
holy-rood	holyrood
holy-watred	holy-watered
holydaies	holidays
holyday	holiday
holydayes	holidays
holye	holy
holyest	holiest
holyly	holily
holynes	holiness
holyness	holiness
holynesse	holiness
home-borne	homeborn
home-bred	homebred
home-bredd	home-bread
home-iniuries	home-injuries
home-nourisht	home-nourished
home-spun	homespun
home-spunne	homespun
home-ward	homeward
homelie	homely
homewarde	homeward
homewardes	homewards
homilie	homily
homilyes	homilies
homoloides	homoloids
homward	homeward
honde	hand
honeste	honest
honestie	honesty
honestie's	honesty's
honestlie	honestly
honestye	honesty
honey-bees	honeybees
honey-drops	honeydrops
honey-moneth	honey-month
honey-suckle	honeysuckle
honey-sweete	honey-sweet
honeye	honey
hong	hung
honge	hung
honger	hunger
hongry	hungry
honie	honey
honie-suckles	honey-suckles
honied	honeyed
honnie	honey
honnor	honour
honnour	honour
honny	honey
honny-suckle	honnysuckle
hononr	honour
hononr'd	hononred
honor	honour
honor'd	honoured
honor's	honour's
honorabl'st	honhonourablest
honorable	honourable
honorablest	honhonourablest
honorablie	honourably
honorably	honourably
honord	honoured
honored	honoured
honorer	honourer
honorers	honourers
honoreth	honoureth
honoring	honouring
honorlesse	honourless
honors	honours
honoues	honoves
honour'd	honoured
honour'st	honourest
honourable-dangerous	honorable-dangerous
honourablie	honourably
honourablye	honourably
honourd	honoured
honoure	honour
honoures	honours
honovr	honour
honovrable	honourable
honovred	honoured
honovrer	honourer
honowr	honour
hony	honey
hony-combe	honeycomb
hony-love	honey-love
hony-moneth	honey-month
hony-smacking	honey-smacking
hony-suckle	honeysuckle
hony-suckles	honey-suckles
honye	honey
honyed	honeyed
honysuckle	honeysuckle
hood-winck	hoodwink
hood-wink'd	hoodwinked
hood-winke	hoodwink
hood-winkt	hoodwinked
hoode	hood
hoodes	hoods
hoodwinke	hoodwink
hoodwinkt	hoodwinked
hoof'd	hoofed
hoofe	hoof
hook'd	hooked
hook't	hooked
hooke	hook
hookes	hooks
hoom	home
hoop'd	hooped
hoope	hoop
hoopes	hoops
hoor'd	hoored
hoord	hoard
hoorded	hoarded
hoordes	hoards
hoording	hoarding
hoords	hoards
hoorl'd	hoorled
hoost	host
hoote	hoot
hoouering	hoovering
hooues	hooves
hop'd	hoped
hop'd-for	hoped
hop'st	hopest
hop't	hoped
hopd	hoped
hope-lesse	hopeless
hopefull	hopeful
hopefull'st	hopefullest
hopefulst	hopefullest
hopeles	hopeless
hopelesly	hopelessly
hopelesse	hopeless
hoples	hopeless
hopless	hopeless
hoplesse	hopeless
hoppe	hop
hoppes	hops
hopst	hopest
hop̄es	hope's
horacivs	horacius
hord	hoard
hords	hordes
hore	hoar
horeson	whoreson
horible	horrible
horn'd	horned
horn-booke	hornbook
horn-pipe	hornpipe
hornd	horned
horne	horn
horne-booke	hornbook
horne-bookes	horn-books
horne-mad	horn-mad
horne-nose	horn-nose
horne-pipe	hornpipe
horne-shauings	horn-shavings
hornepipe	hornpipe
hornes	horns
horred'st	horredest
horri'd	horrid
horrid'st	horridest
horride	horrid
horridst	horridest
horried	horrid
horrour	horror
horrours	horrors
horryble	horrible
horrybly	horribly
hors	horse
hors'd	horsed
hors-back	horseback
hors-head	horsehead
horsback	horseback
horse-back	horseback
horse-backe	horseback
horse-boies	horse-bois
horse-doung	horse-dung
horse-faire	horse-fair
horse-fayre	horse-fair
horse-flesh	horseflesh
horse-flies	horseflies
horse-flyes	horseflies
horse-foot	horsefoot
horse-foote	horsefoot
horse-hairs	horsehairs
horse-keeper	horsekeeper
horse-kéepers	horsekeepers
horse-leach	horseleech
horse-leaches	horseleeches
horse-lech	horselech
horse-leeches	horseleeches
horse-like	horselike
horse-load	horseload
horse-loafe	horse-loaf
horse-loues	horse-loves
horse-man	horseman
horse-man-ship	horsemanship
horse-mans	horseman's
horse-manshippe	horsemanship
horse-meate	horsemeat
horse-men	horsemen
horse-mens	horsemen's
horse-play	horseplay
horse-plummes	horse-plums
horse-race	horserace
horse-races	horseraces
horse-shoe	horseshoe
horse-shooe	horseshoe
horse-tail	horsetail
horse-taile	horsetail
horse-tricke	horse-trick
horse-trickes	horse-tricks
horse-way	horseway
horsebacke	horseback
horseleaches	horseleeches
horseman-ship	horsemanship
horsemens	horsemen's
horshooes	horseshoes
horsmanship	horsemanship
horsmen	horsemen
horsse	horse
horssemen	horsemen
hortauo	hortavo
hory	hoary
hospitalitie	hospitality
hospitall	hospital
hospitall-pention	hospital-pension
hospitallity	hospitality
hoste	host
hostes	hosts
hostesse	hostess
hostilitie	hostility
hostlers	ostler's
hot-house	hothouse
hot-houses	hothouses
hot-liuerd	hot-liverd
hot-rain'd	hot-rained
hotch-potch	hotchpotch
hote	hight
hotely	hotly
hoter	hotter
hotest	hottest
hott	hot
hotte	hot
hotte-house	hothouse
hou	how
hou'd	hoved
houe	hove
houer	hover
houer'd	hovered
houereth	hovereth
houering	hovering
houers	hovers
houerst	hoverst
houeryng	hovering
houes	hoves
houest	hovest
houge	huge
houills	hovills
houl'd	houled
hould	hold
houlde	hold
houldes	holds
houlding	holding
houlds	holds
hounde	hound
houndes	hounds
houour	honour
houourable	hovourable
hououred	hovoured
hour-glass	hourglass
hourd	hoard
houre	hour
houre's	hour's
houre-glasse	hourglasse
houreglasse	hourglass
hourelie	hourly
hourely	hourly
houres	hours
hourē	houren
hourse	horse
hous	house
hous'd	housed
hous-keeper	housekeeper
hous-keepers	housekeepers
hous-keeping	housekeeping
housbande	husband
house-hold	household
house-holders	householders
house-keeper	housekeeper
house-keepers	housekeepers
house-keeping	housekeeping
house-keeping's	housekeeping's
house-room	houseroom
house-roome	houseroom
house-theef	house-thief
house-thievs	house-thieus
house-tops	housetops
house-wife	housewife
house-wifry	housewifry
household-stuffe	householdstuff
householde	household
housekéeping	housekeeping
houseled	houselled
houseroome	houseroom
houshold	household
houshold-gods	household-gods
houshold-goods	household-goods
houshold-spies	household-spies
houshold-stuff	householdstuff
houshold-stuffe	householdstuff
houshold-trifle	household-trifle
houshold-vessel	household-vessel
houshold-vessels	household-vessels
housholde	household
housholder	householder
housholders	householders
housholdes	households
housholds	households
houshould	household
houskeeping	housekeeping
houswife	housewife
houswifery	housewifery
houswifry	housewifry
houswiues	housewives
houswiv'd	houswived
houswives	housewives
hover'd	hovered
hover'st	hoverest
hoveringe	hovering
hovghton	houghton
hovre	houre
hovres	hours
hovse	house
hovv	how
hovvard	howard
hovve	how
hovvers	hours
hovvsoeuer	howsoever
hovvsoever	howsoever
how'ere	however
how-ere	however
how-euer	however
how-so-euer	howsoever
howbe-it	howbeit
howbeeit	howbeit
howe	how
howe'er	however
howe're	however
howebeit	howbeit
hower	hour
hower-glasse	hourglass
hower-glasses	hourglasses
howerly	hourly
howers	hours
howeuer	however
howevr	howeur
howl'd	howled
howl'st	howlest
howld	howled
howle	howl
howle-glas	howl-glass
howle-glasse	howl-glass
howles	howls
howlyng	howling
howr	hour
howre	hour
howre-glasse	hourglass
howres	hours
howse	house
howses	houses
howshold	household
howsoe'er	howsoever
howsoe're	howsoever
howsoere	howsoever
howsoeuer	howsoever
howsoev'r	howsoeu'r
howsome'er	howsomever
hoxe	hox
hoy-day	heyday
hoyday	heyday
hoyes	hoys
hoyē	hoyen
hoyse	hoist
hoysed	hoised
hoyseth	hoiseth
hoysing	hoisting
hoyst	hoist
hoyste	hoist
hoysted	hoisted
hoysteth	hoisteth
hoysting	hoisting
hoyting	hoiting
hoytyng	hoiting
hōdred	hondred
hōe	home
hōney	honney
hōrse	horse
hu'd	hued
huā	huam
huck-sters	hucksters
hucsters	hucksters
hud-winkt	hoodwinked
hudles	huddles
hudling	huddling
hudwinck'd	hudwincked
hudwinckt	hoodwinked
hudwinke	hoodwink
huffe	huff
huffes	huffs
huffinge	huffing
hug'd	huged
hug'st	hugest
hugenes	hugeness
hugenesse	hugeness
hugg	hug
hugg'd	hugged
hugge	hug
hugger-mugger	huggermugger
hugges	hugs
hugie	hugy
hugye	hugy
hul	hull
hulke	hulk
hulkes	hulks
hum'rous	humorous
hum-drum	humdrum
humaine	human
humanes	humans
humanitie	humanity
humanitye	humanity
humayne	human
humbl'd	humbled
humble-bee	humblebee
humblenes	humbleness
humblenesse	humbleness
humblie	humbly
humblye	humbly
humd	hummed
humerous	humorous
humide	humid
humiditie	humidity
humilitie	humility
humilitye	humility
humillity	humility
hummes	hums
humor	humour
humor'd	humoured
humor's	humour's
humorall	humoural
humored	humoured
humoring	humouring
humors	humours
humorsome	humoursome
humorus	humorous
humour'd	humoured
humour-letter	humor-letter
humoursom	humoursome
huncks	hunks
hungar	hunger
hunger-staru'd	hunger-starved
hunger-starue	hunger-starve
hunger-sterv'd	hunger-starved
hungers	hunger's
hungerstaru'd	hungerstarued
hungre	hunger
hungred	hungered
hungrie	hungry
hungrie-face	hungry-face
hungring	hungering
hungrye	hungry
hunkes	hunks
hunny	honey
hunt'st	huntest
hunte	hunt
huntes-man	huntsman
huntinge	hunting
huntresse	huntress
hunts-man	huntsman
hunts-men	huntsmen
hunts-vp	hunts-up
huntsmans	huntsman's
huntst	huntest
huntyng	hunting
huntynge	hunting
hurl'd	hurled
hurld	hurled
hurle	hurl
hurles	hurls
hurll'd	hurled
hurlst	hurlest
hurlye	hurly
hurri'd	hurried
hurricanoes	hurricanes
hurrie	hurry
hurryed	hurried
hurryes	hurries
hurt'st	hurtest
hurte	hurt
hurtefull	hurtful
hurtes	hurts
hurtfull	hurtful
hurtlesse	hurtless
hus-band	husband
hus-wife	huswife
husban'd	husbaned
husband-man	husbandman
husband-men	husbandmen
husbande	husband
husbandes	husbands
husbandlesse	husbandless
husbandrie	husbandry
husbād	husband
husbāds	husbands
hush'd	hushed
hush't	hushed
husht	hushed
huskes	husks
huskie	husky
huswiferie	housewifry
huswifery	housewifry
huswifes	huswives
huswifry	housewifry
huswiues	huswives
hutt	hut
hūble	humble
hūbly	humbly
hūdred	hundred
hūters	hunter's
hūting	hunting
hv'd	hued
hvdson	hudson
hvg	hug
hvgh	hugh
hvm	hum
hvmor	humour
hvmorovs	humorous
hvmors	humours
hvmphrey	humphrey
hvngry	hungry
hvnnieman	hunnieman
hvntington	huntington
hy	high
hyblas	hybla's
hyd	hid
hydde	hid
hydden	hidden
hyde	hide
hydeous	hideous
hyder	hither
hydes	hides
hyding	hiding
hydrographicall	hydrographical
hydropick	hydropic
hye	hie
hyed	hied
hyer	higher
hyerlings	hirelings
hyes	hies
hyest	highest
hygh	high
hyghe	high
hyghest	highest
hyghly	highly
hyghnes	highness
hyght	height
hyghte	height
hyginvs	hyginus
hyll	hill
hylles	hills
hym	him
hymeneall	hymeneal
hymens	hymen's
hymmes	hymns
hymne	hymn
hymnes	hymns
hymself	himself
hymselfe	himself
hynd	hind
hynde	hind
hynderaunce	hindrance
hyndes	hinds
hynds	hinds
hyperbolicall	hyperbolical
hyperboliz'd	hyperbolised
hyperbolize	hyperbolise
hyperbolizing	hyperbolising
hypocresy	hypocrisy
hypocresye	hypocrisy
hypocrisie	hypocrisy
hypocrit	hypocrite
hypocriticall	hypocritical
hypocryte	hypocrite
hypocrytes	hypocrites
hyr	her
hyr'd	hired
hyre	hire
hyred	hired
hyrelings	hirelings
hyrs	hers
hys	his
hystericall	hysterical
hystoricall	historical
hystorie	history
hystory	history
hyt	hit
hyt'd	hyted
hyther	hither
hytherto	hitherto
hyue	hive
hée	he
hée's	he's
héed	heed
héede	heed
héedefull	heedful
héedles	heedless
héele	heel
héeles	heels
héer	here
héer's	here's
héere	here
héere's	here's
héereby	hereby
hées	he's
i'aue	i've
i'ave	i've
i'e	i'll
i'haue	i'have
i'le	i'll
i'll'd	i'lled
i'me	i'm
i'scap'd	i'scaped
i'st	jest
i'th'honour'd	i'th'honoured
i'th-night	i'thnight
i'ue	i've
i-bade	bade
i-faith	i'faith
i-wis	iwis
i-wisse	iwis
ia	jam
ia.	ja.
iaack.	jaack.
iaacob	jaacob
iabin	jabin
iabyerde	jabyerde
iac	jac
iac.	jac.
iaca.	jaca.
iacam.	jacam.
iacamo	jacamo
iacenan	jacenan
iachimo	jachimo
iaci	jaci
iacin.	jacin.
iacinta	jacinta
iacinta's	jacinta's
iacintaes	jacintaes
iacintas	jacintas
iacints	jacints
iaciuta	jaciuta
iack	jack
iack's	jack's
iack-a-lent	jack-a-lent
iack-a-nape	jack-a-nape
iack-an-apes	jack-an-apes
iack-dawes	jackdaws
iack-sauce	jack-sauce
iack.	jack.
iackalato	jackalato
iackalent	jackalent
iackanapes	jackanapes
iackdaw	jackdaw
iackdawes	jackdaws
iacke	jacke
iacke-an	jacke-an
iacke-an-apes	jackeanapes
iacke-daw	jacke-daw
iacke-mumble-crust	jacke-mumble-crust
iacke.	jacke.
iackefie	jackefie
iackenape	jackenape
iackes	jackes
iackesath	jackesath
iacket	jacket
iackets	jackets
iacketts	jacketts
iacknape	jacknape
iacks	jacks
iackson	jackson
iaco	jaco
iaco.	jaco.
iacob	jacob
iacobi	jacobi
iacobin	jacobin
iacobines	jacobines
iacobins	jacobins
iacobs	jacobs
iacobus	jacobus
iacobvm	jacobum
iacobvs	jacobus
iacobyns	jacobyns
iacom	jacom
iacom.	jacom.
iacome	jacome
iacomi	jacomi
iacomo	jacomo
iacomos	jacomos
iacson	jacson
iacta	jacta
iaculine	jaculine
iacup	jacup
iacyl	jacyl
iacynta	jacynta
iade	jade
iaded	jaded
iades	jades
iadies	jadies
iadith	jadith
iadrie	jadrie
iae.	jae.
iaertis	jaertis
iag.	jag.
iager	jager
iaggard	jaggard
iagge	jag
iagoes	jagoes
iagues	jagues
iai	jai
iai.	jai.
iail	jail
iaile	jail
iailer	jailer
iailes	jails
iailor	jailor
iailors	jailors
iairim	jairim
iakes-farmer	jakes-farmer
iale	jale
iam.	jam.
iambe	jambe
iambick	jambick
iambicks	jambicks
iambiques	jambiques
iamblicus	jamblicus
iambres	jambres
iame	jame
iame.	jame.
iames	james
iames.	james.
iameses	jameses
iamie	jamie
iamie.	jamie.
iamque	jamque
ian	jan
ian.	jan.
ianc	janc
ianc.	janc.
iane	jane
iane.	jane.
ianelins	janelins
ianes	janes
iangle	jangle
iangles	jangles
iangling	jangling
iani	jani
ianicola	janicola
ianicolaes	janicolaes
ianicolo	janicolo
ianicula	janicula
ianin	janin
ianisarie	janissary
ianisaries	janissaries
ianisars	janisars
ianiuere	janivere
ianiza.	janiza.
ianizaries	janisaries
ianner	janner
iannes	jannes
iano	jano
iant.	jant.
iantel	jantel
ianthe	janthe
ianthus	janthus
iantil	jantil
iantils	jantils
iantlewoman	jantlewoman
ianuar	januar
ianuarie	januarie
ianuary	january
ianus	janus
ianuzaries	januzaries
ianvarie	janvarie
ianvarivs	janvarius
ianvary	janvary
ianvile	janvile
ianvm	janum
ianvs	janus
iao.	jao.
iaoks	jaoks
iaoler	jaoler
iapan	japan
iaq	jaq
iaq.	jaq.
iaqueline	jaqueline
iaquelins	jaquelins
iaquena	jaquena
iaques	jaques
iaquine.	jaquine.
iaquis	jaquis
iar	jar
iar'd	jarred
iar.	jar.
iarb	jarb
iarbas	jarbas
iarbus	jarbus
iarded	jarded
iare	jare
iareb	jareb
iarkman	jarkman
iarningam	jarningam
iarr	jarr
iarr'd	jarred
iarre	jar
iarres	jars
iarring	jarring
iarringly	jarringly
iarryng	jarring
iars	jars
iaruis	jaruis
iaruis.	jaruis.
iarvis	jarvis
iarvis.	jarvis.
ias	jas
ias.	jas.
iason	jason
iason's	jason's
iasons	jasons
iasp.	jasp.
iaspar	jasper
iasper	jasper
iasper.	jasper.
iaspero	jaspero
iaspers	jaspers
iate	jate
iauan	javan
iaue	jave
iauelin	javelin
iaueline	javelin
iauelines	javelins
iaueling	javelin
iauelinges	javelins
iauelings	javelins
iauelins	javelins
iauelyng	javelin
iauishnes	javishnes
iaundeise	jaundeise
iaundies	jaundice
iaundise	jaundice
iaundize	jaundize
iaunting	jaunting
iauthes	jauthes
iavelyns	javelyns
iavves	jaws
iaw	jaw
iaw'd	jawed
iaw-bone	jawbone
iawbone	jawbone
iawbones	jawbones
iawde-slaue	iawde-slave
iawe	jaw
iawes	jaws
iawne	jawne
iaws	jaws
iay	jay
iay.	jay.
iayes	jays
iayle	jail
iayler	jailer
iaylers	jailers
iayles	jails
iaylor	jailor
iaylors	jailors
iaylour	jailer
iaynes	jaynes
iayr	jayr
ibidē	ibiden
ic'd	iced
ichouacs	ichovacs
icie	icy
icycles	icicles
ideaes	idea's
idelnes	idleness
idely	idly
ideot	idiot
ideotes	idiots
ideotisme	idiotism
ideots	idiots
idiotisme	idiotism
idle-headed	idleheaded
idlelie	idly
idlely	idly
idlenes	idleness
idlenesse	idleness
idolatour	idolator
idolatrers	idolaters
idolatresse	idolatress
idolatrie	idolatry
idolatrize	idolatrise
idolatrye	idolatry
idole	idol
idoles	idols
idolize	idolise
idoll	idol
idolls	idols
ie	j
ie'ee	je'ee
ie'en	je'en
ie.	je.
iealious	jealous
iealiousie	jealiousie
iealons	jealons
iealosie	jealousy
iealosies	jealousies
iealous	jealous
iealouse	jealous
iealousie	jealousy
iealousie's	jealousy's
iealousies	jealousy's
iealously	jealously
iealousy	jealousy
iealouzie	jealousy
iealouzy	jealouzy
iealowsie	jealowsie
ieane	jeane
iearn	jearn
iearsie	jearsie
ieast	jest
ieasted	jested
ieaster	jester
ieasters	jesters
ieasting	jesting
ieasts	jests
ieat	jeat
ieatie	jeatie
ieay	jeay
iebbit	jebbit
iebusite	jebusite
iebuzite	jebuzite
iechonias	jechonias
ieer	jeer
ieer'd	jeered
ieere	jeer
ieered	jeered
ieerer	jeerer
ieerers	jeerers
ieeres	jeers
ieering	jeering
ieers	jeers
iefferay	jefferay
ieffes	jeffes
ieffrey	jeffrey
ieft	jest
ieggy	jeggy
iehochanan	jehochanan
iehosophat	jehosophat
iehoua	jehova
iehouae	jehovae
iehouaes	jehovaes
iehouah	jehovah
iehouah's	jehovah's
iehu	jehu
ieieuera	jeievera
ieilius	jeilius
ieiunus	jeiunus
ielious	jelious
iellies	jellies
ielly	jelly
ielosie	jelosie
ielous	jealous
ielouse	jelouse
ielousie	jealousy
ielousies	jealousies
ielousy	jealousy
ielouzie	jelouzie
ielyouse	jelyouse
iem	jem
iemini	jemini
iemme	jemme
iemmes	jems
iems	jems
ien.	jen.
iene	jene
ienerts	jenerts
iengle	jengle
iengling	jengling
ienizaries	jenizaries
ienk	jenk
ienken	jenken
ienkens	jenkens
ienkin	jenkin
ienkin.	jenkin.
ienkins	jenkins
iennet	jennet
iennets	jennets
iennetts	jennetts
ientillman	jentillman
ientilman	jentilman
ientilvoman	jentilvoman
ientleman	jentleman
ieopard	jeopard
ieopardie	jeopardy
ieopardy	jeopardy
ieoperdie	jeopardy
iephson	jephson
iephte	jephte
ier	jer
ier.	jer.
iere	jere
iere.	jere.
ierem	jerem
ieremiah	jeremiah
ieremie	jeremie
ieremy	jeremy
ierick	jerick
ierk	jerk
ierke	jerk
ierker	jerker
ierkes	jerks
ierkin	jerkin
ierking	jerking
ierkins	jerkins
ierks	jerks
ierkt	jerked
iermany	jermany
iernae	jernae
ierning	jerning
ierningham	jerningham
ierninghams	jerninghams
iero	jero
iero.	jero.
ierom	jerom
ierom.	jerom.
ieromes	jeromes
ieroms	jeromes
ieron	jeron
ieronime	jeronime
ieronimo	jeronimo
ieronimoes	jeronimoes
ieronnime	jeronnime
ierontmo	jerontmo
ieronymo	jeronymo
ierouinte	jerovinte
iertred	jertred
ieruis	jeruis
ierusalem	jerusalem
ierusalems	jerusalems
ieshu	jeshu
ieshue	jeshue
ieslers	jeslers
iesper	jesper
iesper.	jesper.
iessamine	jessamine
iesse	jesse
iesses	jesses
iest	jest
iest's	jest's
iested	jested
iester	jester
iesters	jesters
iestes	jests
iesteth	jesteth
iestie	jestie
iesting	jesting
iestors	jestors
iests	jests
iestst	jestest
iestthriue	iestthrive
iesture	gesture
iestures	gestures
iestyng	jesting
iesu	jesu
iesu.	jesu.
iesubel	jesubel
iesuit	jesuit
iesuite	jesuite
iesuites	jesuits
iesuitesse	jesuitesse
iesuiticall	jesuitical
iesuits	jesuits
iesus	jesus
iet	jet
iet-rings	jet-rings
iethray	jethray
ietro	jetro
iets	jets
iette	jet
ietting	jetting
ietty	jetty
ieue	jeve
ievv	jew
iew	jew
iew's	jew's
iew-borne	jew-borne
iewd	jewd
iewe	jewe
iewel	jewel
iewel's	jewel's
ieweld	jeweld
ieweles	jeweles
iewell	jewel
iewell'd	jewelled
ieweller	jeweller
iewellers	jewellers
iewelles	jewelles
iewellgon	jewellgon
iewells	jewels
iewelrye	jewelrye
iewels	jewels
iewes	jewes
iewes-trumpe	jewes-trumpe
iewish	jewish
iewisme	jewisme
iewry	jewry
iews	jews
iezabels	jezabels
iezebel	jezebel
ifack	i'fack
ifaith	i'faith
ifeuer	ifever
ign'rant	ignorant
igniuomis	ignivomis
ignominie	ignominy
ignorante	ignorant
ignoraunce	ignorance
ignoraunt	ignorant
ignoraūce	ignorance
ignorāce	ignorance
ii	ji
ii.	ji.
iicil.	jicil.
iife	jife
iig	jig
iig-ajogge	jig-ajogge
iig-giuen	jig-given
iig-maker	jig-maker
iig-makers	jig-makers
iigga-iogge	jigga-iogge
iigge	jig
iigges	jigges
iiggs	jigs
iiggy	jiggy
iigs	jigs
iii	jii
iiii	jiii
iilian	jilian
iillian	jillian
iilting	jilting
iin	jin
iin.	jin.
iingle	jingle
iinny	jinny
iioy	jioy
iisipsis	jisipsis
iiues	iives
iiv'd	iived
il'd	ill
iland	island
ilandes	islands
ilands	lands
ilay'd	ilayed
ilbow	elbow
ile	isle
iles	isles
iletreceiue	iletreceive
ilfauor'd	ilfavored
ilfavour'd	ilfavoured
ill-contriued	ill-contrived
ill-destin'd	ill-destined
ill-fac'd	ill-faced
ill-fare	illfare
ill-fauourd	ill-favoured
ill-fauourd'st	ill-favourdest
ill-fauoured	ill-favoured
ill-fauouredly	ill-favoredly
ill-favour'd	ill-favoured
ill-favouredly	ill-favoredly
ill-gotten	illgotten
ill-gouern'd	ill-governed
ill-grac'd	ill-graced
ill-headed	ill-head
ill-lodg'd	ill-lodged
ill-look'd	ill-looked
ill-natur'd	ill-natured
ill-plac'd	ill-placed
ill-savour'd	ill-savoured
ill-starr'd	ill-starred
ill-ta'en	ill-taken
illegittimate	illegitimate
illfauor'd	illfavored
illiberall	illiberal
illiterat	illiterate
illitterate	illiterate
illnesse	illness
illumin'd	illumined
illuminacion	illumination
ilou'd	iloved
imaculate	immaculate
imag'rie	imagery
imagerie	imagery
imagin	imagine
imagin'd	imagined
imaginarie	imaginary
imaginatiue	imaginative
imagind	imagined
imagry	imagery
imaigin'd	imaigined
imbak'd	imbaked
imbalm'd	imbalmed
imbalme	imbalm
imbar	embar
imbark't	embarked
imbarke	embark
imbarkt	embarked
imbarqu'd	embarked
imbarque	embark
imbecilitie	imbecility
imbecillitie	imbecility
imbellish	embellish
imbers	embers
imblazon'd	imblazoned
imbodied	embodied
imbodyed	embodied
imbolden	embolden
imbolden'd	emboldened
imboldē	embolden
imbosome	imbosom
imboss'd	embossed
imbost	embossed
imbrac'd	embraced
imbrac't	embraced
imbracd	embraced
imbrace	embrace
imbraced	embraced
imbracement	embracement
imbracements	embracements
imbraces	embraces
imbraceth	embraceth
imbracing	embracing
imbracings	embracings
imbrast	embraced
imbrew	embrue
imbrewd	imbrued
imbrewed	imbrued
imbrocadoes	imbrocado's
imbroder'd	embroidered
imbrodered	embroidered
imbroderie	embroidery
imbrodery	embroidery
imbroidered	embroidered
imbroideries	embroideries
imbroidery	embroidery
imbroidred	embroidered
imbroiled	embroiled
imbrovled	imbrouled
imbroyder'd	embroidered
imbroydered	embroidered
imbroyderie	embroidery
imbroyderies	embroideries
imbroyl'd	embroiled
imbru'd	imbrued
imbrude	imbrued
imediatly	immediately
imitacion	imitation
imitat'st	imitatest
imitatour	imitator
immagination	imagination
immagine	imagine
immagined	imagined
immagines	imagines
immateriall	immaterial
immediat	immediate
immediatly	immediately
immediatlye	immediately
immedyatly	immediately
immence	immense
immensitie	immensity
immēsurable	immensurable
immitate	imitate
immmediately	immediately
immodestie	immodesty
immodestyes	immodesties
immortale	immortal
immortalitie	immortality
immortaliz'd	immortalised
immortalize	immortalise
immortalized	immortalised
immortall	immortal
immortallie	immortally
immortallitie	immortality
immortallity	immortality
immou'd	immoved
immoueable	immoveable
immouerables	immoverables
immov'd	immoved
immunitie	immunity
immur'd	immured
immut'd	immuted
impacience	impatience
impacient	impatient
impaciēt	impatient
impair'd	impaired
impaire	impair
impaires	impairs
impal'd	impaled
impanneled	impaneled
impannelled	impanelled
imparadis'd	imparadised
imparte	impart
impartiall	impartial
impassible	impassable
impassiond	impassioned
impassiue	impassive
impatiencie	impatiency
impawn'd	impawned
impayre	impair
impayred	impaired
impayres	impairs
impe	imp
impeach'd	impeached
impeache	impeach
impeacht	impeached
impenitrable	impenetrable
imperatiue	imperative
imperfectiō	imperfection
imperiaes	imperja's
imperiall	imperial
imperie	impery
imperiouslie	imperiously
imperiousnesse	imperiousness
impersonall	impersonal
impertinencie	impertinency
imperyal	imperial
impes	imps
impierce	empierce
impietie	impiety
impions	impious
impiouslie	impiously
impiousnesse	impiousness
implicite	implicit
implicitie	implicity
implie	imply
imploi'd	employed
imploid	employed
imploie	employ
imploied	employed
imploiment	employment
imploiments	employments
implor'd	implored
imploy	employ
imploy'd	employed
imployd	employed
imploye	employ
imployed	employed
imployes	employs
imployest	employest
imploying	employing
imployment	employment
imployments	employments
imploymēt	employment
implyes	implies
impoi'd	impoied
impoison'd	empoisoned
impoisoned	empoisoned
impolisht	impolished
impolitique	impolitic
impoly'd	impolyed
importaunce	importance
importāce	importance
importe	import
importun'd	importuned
importunat	importunate
importund	importuned
importunitie	importunity
impos'd	imposed
imposd	imposed
imposde	imposed
imposible	impossible
impossibilites	impossibilities
impossibilitie	impossibility
impossibillities	impossibilities
impossiblities	impossibilities
impossyble	impossible
imposte	impost
impostour	impostor
impostum'd	impostumed
impostvre	imposture
impotencie	impotency
impouerish	impoverish
impouerish'd	impoverished
impouerishment	impoverishment
impouerisht	impoverished
impoyson	impoison
impoyson'd	empoisoned
impoysoned	empoisoned
impoysoned'st	impoysonedest
impoysoning	empoisoning
impoysons	impoisons
impresse	impress
imprest	impressed
impris'ning	imprisoning
imprisned	imprisoned
imprison'd	imprisoned
imprisond	imprisoned
improov'd	improved
improu'd	improved
improue	improve
improued	improved
improuements	improvements
improuidence	improvidence
improuident	improvident
improuidently	improvidently
improuiso	improviso
improv'd	improved
imprynted	imprinted
impudencie	impudency
impudent'st	impudentest
impudente	impudent
impudentlie	impudently
impulsiue	impulsive
impunitie	impunity
impurer	impure
impuritie	impurity
imputatiue	imputative
in-auspicious	inauspicious
in-com	income
in-faith	infaith
in-humanely	inhumanely
in-land	inland
in-law	inlaw
in-let	inlet
in-mate	inmate
in-mates	inmates
in-most	inmost
in-side	inside
in-sooth	insooth
in-starr'd	in-starred
in-step	instep
in-troth	intruth
in-twist	intwist
in-vr'd	inured
in-vtterable	inutterable
in-wouen	in-woven
inabilitie	inability
inabled	enabled
inact	enact
inamor'd	enamoured
inamord	enamoured
inamored	enamoured
inamour'd	enamoured
inamoured	enamoured
incamp'd	encamped
incamped	encamped
incampes	incamps
incampings	encampings
incardinate	incarnate
incarnacyon	incarnation
incarnatiue	incarnative
incaru'd	incarved
incenc'd	incensed
incence	incense
incenced	incensed
incens'd	incensed
incensde	incensed
incenss'd	incenssed
incenst	incensed
incertaine	incertain
incessaunt	incessant
incestious	incestuous
incestuouslie	incestuously
incestuouslye	incestuously
incēsd	incensd
inch-meal	inchmeal
inchac't	enchased
inchaine	enchain
inchanted	enchanted
inchantements	enchantments
inchanter	enchanter
inchanters	enchanters
inchanting	enchanting
inchantment	enchantment
inchantments	enchantments
inchantres	enchanters
inchantresse	enchantress
inchase	enchase
inchast	enchased
inchastitie	inchastity
inchaunt	inchant
inchaunted	enchanted
inchaunting	enchanting
inchaunts	inchants
inchaūted	enchanted
inche	inch
incios'd	inciosed
incircled	encircled
incircling	encircling
incission	incision
inciuility	incivility
incivilitie	incivility
inck	ink
inck'd	incked
inck-horne	inkhorn
incke	ink
inckie	inky
inckling	inkling
inclin'd	inclined
inclind	inclined
inclinde	inclined
inclos'd	enclosed
inclosd	enclosed
inclosde	enclosed
inclose	enclose
inclosed	enclosed
inclosing	enclosing
inclosure	enclosure
inclosures	enclosures
incloyster	incloister
incloystered	incloistered
incloystred	incloistered
inclynations	inclinations
inclynes	inclines
incognitaes	incognitas
incombers	encumbers
incombrances	encumbrances
incompasse	encompass
incompassed	encompassed
incompast	encompassed
inconsid'rate	inconsiderate
inconstancie	inconstancy
inconstaunt	inconstant
inconstāt	inconstant
incontinencie	incontinency
inconuenience	inconvenience
inconueniences	inconveniences
inconuenient	inconvenient
inconveniencies	inconveniences
incorporall	incorporal
incorporatiue	incorporative
incorporeall	incorporeal
incounter	encounter
incountered	encountered
incounters	encounters
incountred	encountered
incountring	encountering
incourag'd	encouraged
incourage	encourage
incouraged	encouraged
incouragement	encouragement
incouragements	encouragements
incouragē	encourage
incouraging	encouraging
incōsideratly	inconsiderately
incōstant	inconstant
increace	increase
increaced	increased
increas'd	increased
increasd	increased
increast	increased
incredulitie	incredulity
increse	increase
incroach	encroach
incroching	encroaching
incross'd	incrossed
incubusses	incubuses
incumber'd	encumbered
incumberance	encumbrance
incumbered	encumbered
incumbers	encumbers
incumbrance	encumbrance
incumbrances	encumbrances
incumbred	encumbered
incur'd	incurred
incureable	incurable
incurr'd	incurred
incurrd	incurred
incurre	incur
incurres	incurs
indamaged	endamaged
indanger	endanger
indanger'd	endangered
indangered	endangered
indangering	endangering
indangers	endangers
inde	ind
indead	indeed
indear	endear
indear'd	endeared
indeared	endeared
indeauor	endeavour
indeauour	endeavour
indeauours	endeavours
indeavor	endeavour
indeavour	endeavour
indeavour'd	endeavoured
indeavouring	endeavouring
indeavours	endeavours
inded	indeed
indede	indeed
indeed-la	indeedla
indeede	indeed
indeeed	indeed
indeer'd	endeared
indeere	endear
indeered	endeared
indeeres	endears
indeering	endearing
indefinit	indefinite
indeleble	indelible
indemnitie	indemnity
indeuer	endeavour
indeuor	endeavour
indeuotion	indevotion
indeuotions	indevotions
indeuour	endeavour
indeuour'd	endeavoured
indeuouring	endeavouring
indeuours	endeavours
indevors	endeavours
indgement	judgement
indgements	judgements
indges	judges
indgment	judgement
indicatiue	indicative
indicious	judicious
indid	indeed
indifferencie	indifferency
indifferenly	indifferently
indifferēt	indifferent
indignacion	indignation
indigne	indign
indignitie	indignity
indignitye	indignity
indignityes	indignities
indiscreete	indiscreet
indiscreetlie	indiscreetly
indispos'd	indisposed
inditement	indictment
indiuiduall	individual
indiuiduallie	individually
indiuiduitie	individuitie
individuall	individual
indors'd	endorsed
indow	endow
indow'd	endowed
indowe	endow
indowment	endowment
indowments	endowments
indrenched	endrenched
indu'd	endued
induc'd	induced
induc't	induced
induccion	induction
inducd	induce
inductiue	inductive
indude	endued
indued	endued
induements	enduements
indues	endues
induo'd	induoed
indur'd	endured
indurable	endurable
indurance	endurance
indurd	endured
indurde	endure
indure	endure
indured	endured
indures	endures
indureth	endureth
induring	enduring
industrie	industry
industriouslie	industriously
indvction	induction
indyfferent	indifferent
indéed	indeed
indéede	indeed
inelos'd	inelosed
inequalitie	inequality
ineuitable	inevitable
ineuitableils	inevitableils
ineuitablenesse	inevitableness
infamie	infamy
infamye	infamy
infancie	infancy
infancye	infancy
infant-like	infantlike
infantery	infantry
infantes	infants
infeccyon	infection
infeccyons	infections
infecte	infect
infectes	infects
infectiue	infective
infeebling	enfeebling
infelicitie	infelicity
inferiour	inferior
inferiours	inferiors
infernall	infernal
infernalls	infernals
inferr'd	inferred
inferre	infer
inferres	infers
infidelitie	infidelity
infidell	infidel
infidelle	infidel
infidells	infidels
infinit	infinite
infinitelie	infinitely
infinitenesse	infiniteness
infinitie	infinity
infinitilie	infinitely
infinitly	infinitely
infinuates	insinuates
infirme	infirm
infirmitie	infirmity
infixt	infixed
inflam	inflame
inflam'd	inflamed
inflam'st	inflamest
inflamation	inflammation
inflamd	inflamed
inflamde	inflamed
inflameth	inflames
inflicte	inflict
infold	enfold
infolde	enfold
infolded	enfolded
infor'st	inforest
inforc'd	enforced
inforc't	enforced
inforce	enforce
inforced	enforced
inforcement	enforcement
inforcements	enforcements
inforces	enforces
inforceth	enforceth
inforcing	enforcing
infore'd	inforeed
inform'd	informed
informall	informal
informd	informed
informe	inform
informes	informs
inforst	enforced
infould	enfold
infranchisment	enfranchisement
infrindge	infringe
infring'd	infringed
infus'd	infused
infusde	infused
infydelyte	infidelity
infynyte	infinite
ing	king
ingadge	engage
ingag'd	engaged
ingag'st	ingagest
ingage	engage
ingaged	engaged
ingagement	engagement
ingagements	engagements
ingages	engages
ingageth	engageth
ingender	engender
ingenders	engenders
ingendred	engendered
ingendring	engendering
ingeniouslie	ingeniously
ingeniousnesse	ingeniousness
ingeniovs	ingenious
ingenous	ingenious
ingenuitie	ingenuity
ingenuityes	ingenuities
ingine	engine
ingine's	engine's
inginers	engineers
ingines	engines
ingins	engines
ingloriouslie	ingloriously
ingloriousnesse	ingloriousness
ingratefull	ingrateful
ingratfully	ingratefully
ingrau'd	engraved
ingraue	engrave
ingrauen	engraven
ingraueu	ingraveu
ingrav'd	engraved
ingravde	ingraude
ingrave	engrave
ingraven	engraven
ingraving	engraving
ingrayn'd	engrained
ingredian	ingeredian
ingresse	ingress
ingros'd	ingrosed
ingrosing	engrossing
ingross'd	ingrossed
ingrosse	engross
ingrossing	engrossing
ingrost	engrossed
inhabite	inhabit
inhabites	inhabits
inhabyte	inhabit
inhansing	enhancing
inhaunce	inhance
inher	inhere
inher'd	inhered
inherit'st	inheritest
inheritaunce	inheritance
inherite	inherit
inheritour	inheritor
inherrit	inherit
inhorn'd	inhorned
inhum'd	inhumed
inhumain	inhuman
inhumaine	inhuman
inhumanitie	inhumanity
inhybytynge	inhybyting
iniect'st	iniectest
inioies	enjoys
inioin'd	enjoined
inioy	enjoy
inioy'd	enjoyed
inioy't	injoy't
inioyd	enjoyed
inioyde	injoyde
inioye	enjoy
inioyed	enjoyed
inioyes	enjoys
inioying	enjoying
inioyment	enjoyment
inioyn'd	enjoined
inioynd	enjoined
inioynde	injoinde
inioyne	enjoin
inioyned	enjoined
inioynes	enjoins
iniquitie	iniquity
initiall	initial
initiū	initium
iniudicious	injudicious
iniuie	inivie
iniunction	injunction
iniunctions	injunctions
iniur'd	injured
iniurd	injured
iniure	injure
iniured	injured
iniurer	injurer
iniures	injures
iniurie	injury
iniuried	injuried
iniuries	injuries
iniurious	injurious
iniuriously	injuriously
iniury	injury
iniurye	injury
iniuryes	injuries
iniust	injust
iniustice	injustice
iniustly	injustly
iniut'd	iniuted
injoin	enjoin
injoin'd	enjoined
injoine	enjoin
injoy	enjoy
injoy'd	enjoyed
injoy'st	enjoyest
injoyd	enjoyed
injoyed	enjoyed
injoyes	enjoys
injoying	enjoying
injoyment	enjoyment
injoyn'd	enjoined
injoyne	enjoin
injoyned	enjoined
injoynest	injoinest
injoys	enjoys
injuction	injunction
injur'd	injured
injurd	injured
injurie	injury
inke	ink
inke-horne	inkhorn
inke-hornes	inkhorns
inkeeper	innkeeper
inkeepers	innkeepers
inkhorne	inkhorn
inkhornes	inkhorns
inkie	inky
inkindled	enkindled
inkindleth	enkindleth
inkindling	enkindling
inkéeper	innkeeper
inlarg'd	enlarged
inlarge	enlarge
inlargement	enlargement
inlarging	enlarging
inlie	inly
inlifen'd	inlifened
inlightened	enlightened
inlightned	enlightened
inlye	inly
inmoueable	inmoveable
inn'd	inned
innatiue	innative
inne	inn
inne-mate	inmate
innekeeper	innkeeper
innes	inns
innoble	ignoble
innobled	ennobled
innocencie	innocence
innocencye	innocency
innocente	innocent
innocentst	innocentest
innocēt	innocent
innoua	innova
innouating	innovating
innouation	innovation
innouations	innovations
inocent	innocent
inocents	innocents
inough	enough
inoughe	enough
inow	enough
inprison'd	inprisoned
inquier	enquire
inquir'd	enquired
inquird	enquired
inquires	enquires
inquireth	enquires
inquirie	enquiry
inquiries	enquiries
inquiryes	enquiries
inquisitiō	inquisition
inquisitiue	inquisitive
inquisitiuenesse	inquisitiveness
inrag'd	enraged
inrage	enrage
inraged	enraged
inreuocable	inrevocable
inrich	enrich
inrich'd	enriched
inrich't	enriched
inriche	enrich
inriched	enriched
inriching	enriching
inricht	enriched
inrodes	inroads
inrol'd	enrolled
inrold	enrolled
inrole	enrol
inroll'd	enrolled
insallibly	infallibly
insaniuimus	insanivimus
insatiat	insatiate
inscrib'd	inscribed
inscrolled	enscrolled
insculped	ensculpted
insence	incense
inseperable	inseparable
inseperablie	inseparably
insew'd	ensued
inshrin'd	enshrined
insicion	insition
insidels	infidels
insidēt	insident
insippid	insipid
insipu'd	insipued
inslav'd	enslaved
inslave	enslave
inslaved	enslaved
inslaves	enslaves
inslaving	enslaving
insnar'd	ensnared
insnare	ensnare
insnared	ensnared
insnaring	ensnaring
insolencie	insolency
insolencies	insolences
insolēcy	insolency
inspir'd	inspired
inspir'de	inspired
inspiracyon	inspiration
inspird	inspired
inspirde	inspire
inspyre	inspire
instabilitie	instability
instal'd	installed
install'd	installed
installement	instalment
instanc'd	instanced
instante	instant
instantlie	instantly
instaunce	instance
instaur'd	instaured
insteade	instead
insteed	instead
insteede	instead
instil'd	instilled
instill'd	instilled
instincte	instinct
institutiō	institution
instru'st	instruest
instruccyon	instruction
instructe	instruct
instructiō	instruction
instructiue	instructive
instructresse	instructress
instruement	instrument
instrumentall	instrumental
instrumente	instrument
instrumentes	instruments
instrumēt	instrument
instrumēts	instruments
instument	instrument
instéede	instead
insue	ensue
insues	ensues
insueth	ensueth
insufficiencie	insufficiency
insuing	ensuing
insulte	insult
insultes	insults
int'rest	interest
intail'd	intailed
intaild	intailed
intaile	intail
intangle	entangle
intangled	entangled
intanglements	entanglements
integritie	integrity
integritye	integrity
intelectuall	intellectual
inteligence	intelligence
intellectuall	intellectual
intellectualls	intellectuals
intelligen	intelligent
intelligēce	intelligence
intencion	intention
intend'st	intendest
intende	intend
intendement	intendment
intendements	intendments
intendes	intends
intendst	intendest
intensions	intentions
intente	intent
intentionall	intentional
intentiue	intentive
inter'd	interred
inter'gatories	interrogatories
inter'gatory	interrogatory
inter-change	interchange
inter-changing	interchanging
inter-course	intercourse
inter-line	interline
inter-mixing	intermixing
inter-striue	inter-strive
inter-view	interview
inter-weav'd	interweaved
inter-wouen	interwoven
interchangably	interchangeably
interchaūged	interchanged
interd	interred
interess'd	interested
intereste	interest
intergatory	interrogatory
interiection	interjection
interiections	interjections
interlocvtores	interlocutores
interloquutors	interlocutors
intermittedloue	intermittedlove
intermixt	intermixed
intermur'd	intermured
internall	internal
interne	intern
interpos'd	interposed
interposd	interposed
interposde	interposed
interpreated	interpretated
interpret'st	interpretest
interpretacyon	interpretation
interpretatiō	interpretation
interprete	interpret
interpretour	interpretor
interr	inter
interr'd	interred
interrd	interred
interre	inter
interrest	interest
interrest'd	interested
interrup	interrupt
interrupt'st	interruptest
intert'd	interted
intertain	entertain
intertain'd	entertained
intertaind	entertained
intertainde	entertained
intertaine	entertain
intertained	entertained
intertainement	entertainment
intertainements	entertainments
intertaines	entertains
intertainment	entertainment
intertayne	entertain
intertayning	entertaining
intertaynment	entertainment
interuene	intervene
interuent	intervent
interuented	intervented
interuention	intervention
interuiew	interview
interuption	interruption
intervall	interval
interviewes	interviews
intestiue	intestive
intēd	intend
intēded	intended
intēperances	intemperances
intērruption	interruption
intēt	intent
intētion	intention
inthral'd	enthralled
inthrall	enthral
inthralled	enthralled
inthroan'd	inthroned
inthron'd	inthroned
inthrond	inthroned
inthrone	enthrone
inthronis'd	enthronised
inthroniz'd	inthronized
intic'd	enticed
intic't	enticed
intice	entice
inticed	enticed
inticement	enticement
inticements	enticements
inticeth	enticeth
inticing	enticing
inticingly	enticingly
intie'd	intieed
intierly	entirely
intir'd	intired
intire	entire
intirelie	entirely
intirely	entirely
intise	entice
intised	enticed
intisement	enticement
intisements	enticements
intiteled	entitled
intitle	entitle
intitled	entitled
intitles	entitles
intituled	entitled
intollerable	intolerable
intollerablie	intolerably
intollerably	intolerably
intomb	entomb
intomb'd	entombed
intombe	entomb
intombed	entombed
intoomb'd	entombed
intrailes	entrails
intrails	entrails
intralls	entrails
intrals	entrails
intrammell'd	intrammelled
intranc'd	entranced
intranc't	entranced
intranst	entranced
intrap	entrap
intrap'd	entrapped
intrappe	entrap
intrapt	entrapped
intraunc'd	entranced
intraunce	intrance
intreasured	intreasure
intreat	entreat
intreat'st	intreatest
intreate	entreat
intreated	entreated
intreates	intreats
intreatie	intreaty
intreaties	entreaties
intreating	entreating
intreaty	entreaty
intreatynge	entreating
intrench	entrench
intrench'd	entrenched
intrenched	entrenched
intrenching	entrenching
intrenchment	entrenchment
intrencht	entrenched
intrest	interest
introath	intruth
introth	in
intru'd	intrued
intrunk'd	intrunked
intrusted	entrusted
intruth	in
intycing	enticing
intyr'd	entired
intyre	entire
inu'rd	enured
inuade	invade
inuaded	invaded
inuaders	invaders
inuades	invades
inuading	invading
inualuable	invaluable
inuasion	invasion
inuasions	invasions
inuasiue	invasive
inueagle	inveigle
inuectiue	invective
inuectiues	invectives
inueigh	inveigh
inueigh'd	inveighed
inueighes	inveighs
inueigle	inveigle
inueigled	inveigled
inueigling	inveigling
inueloped	inveloped
inuencion	invention
inuenom'd	envenomed
inuenomed	envenomed
inuent	invent
inuented	invented
inuenting	inventing
inuention	invention
inuentions	inventions
inuentious	inventious
inuentiue	inventive
inuentorie	inventory
inuentory	inventory
inuentours	inventors
inuents	invents
inuersion	inversion
inuert	invert
inuerted	inverted
inuerting	inverting
inuerts	inverts
inuest	invest
inuested	invested
inuesteth	investeth
inuestigation	investigation
inuesting	investing
inueterate	inveterate
inuey	inveigh
inuēt	invent
inuēted	invented
inuētion	invention
inuētions	inventions
inuffe	enough
inuictiue	inuictive
inuincible	invincible
inuinciblie	invincibly
inuiolable	inviolable
inuiolably	inviolably
inuiolate	inviolate
inuiolated	inviolated
inuiron	environ
inuiron'd	environed
inuironned	environed
inuirons	environs
inuisible	invisible
inuisiblie	invisibly
inuisibly	invisibly
inuitation	invitation
inuite	invite
inuited	invited
inuitement	invitement
inuites	invites
inuiting	inviting
inumerable	innumerable
inuoake	invoke
inuocate	invocate
inuocates	invocates
inuocating	invocating
inuocation	invocation
inuocations	invocations
inuok'd	invoked
inuoke	invoke
inuokes	invokes
inuoking	invoking
inuolu'd	involved
inuolue	involve
inuolued	involved
inur'd	inured
inut'd	inuted
inv.	inu.
invaluably	invalvably
invectiues	invectives
invenom'd	envenomed
inventorie	inventory
invēctives	invectives
invictiues	invictives
invinciblie	invincibly
inviron'd	environed
invirond	environed
invironing	environing
invirons	environs
invndation	inundation
invok'd	invoked
involue	involve
involv'd	involved
invre	inure
invtile	inutile
invtilis	inutilis
invulner'd	invulnered
inwarde	inward
inwardelye	inwardly
inwardes	inwards
inwrapt	enwrapped
io's	jo's
io.	jo.
ioa	joa
ioab	joab
ioabs	joab's
ioachim	joachim
ioaler	joaler
ioales	joales
ioan	joan
ioan.	joan.
ioane	joane
ioane's	joane's
ioane-a-bedlam	joane-a-bedlam
ioanes	joanes
ioannes	joannes
ioannis	joannis
ioas	joas
ioasb	joasb
ioathan	joathan
iob	job
iob.	job.
iobber-nowles	jobber-nowles
iobbering	jobbering
iobn	jobn
ioc.	joc.
ioca.	joca.
iocarello	jocarello
iocarelloes	jocarelloes
iocast.	jocast.
iocasta	jocasta
ioci	joci
iock.	jock.
iockey	jockey
iockeye's	jockeye's
iockeys	jockeys
iockie	jockey
iockie.	jockie.
iocky	jockey
ioco	joco
iocoma	jocoma
iocome	jocome
iocomo	jocomo
iocond	jocund
ioconde	jocund
iocound	jocund
iocu.	jocu.
iocular	jocular
ioculus	joculus
iocund	jocund
iocundare	jocundare
iocunde	jocund
iocus	jocus
iodge	jodge
iodging	jodging
ioe	joe
ioel.	joel.
ioff.	joff.
ioffer	joffer
ioffer.	joffer.
iog	jog
iog'd	jogged
ioggd	jogged
iogge	jog
iogged	jogged
iogging	jogging
ioh	joh
ioh.	joh.
iohan	johan
iohanne	johanne
iohannes	johannes
iohas	johas
iohel	johel
iohēs	johens
iohn	john
iohn's	john's
iohncotg	johncotg
iohnie	johnie
iohns	johns
iohnson	johnson
iohnson's	johnson's
iohphiel	johphiel
ioi'd	joyed
ioice	joice
ioie	joy
ioies	joys
ioiful	joiful
ioin'd	joined
ioincture	jointure
ioind	joined
ioinde	joined
ioine	join
ioined	joined
ioines	joines
ioins	joins
ioint	joint
ioint-twin	joint-twin
iointe	joint
iointed	jointed
iointes	joints
iointlie	jointly
iointly	jointly
ioints	joints
iointure	jointure
ioinum	joinum
iol	jol
iol.	jol.
iolen	jolen
iolen.	jolen.
iolenta	jolenta
iolia	jolia
iolitie	jollity
ioll	joll
iolle	jolle
iolles	jolles
iollie	jolly
iollilie	jollilie
iollily	jollily
iollitie	jollity
iollity	jollity
iolly	jolly
iollytie	jollity
iolt	jolt
iolt-head	jolthead
iolted	jolted
iolting	jolting
ioly	jolly
iolye	jolly
iolytye	jolytye
ion.	jon.
iona	jona
ionad	jonad
ionadab	jonadab
ionas	jonas
ionat	jonat
ionathan	jonathan
ionathans	jonathans
ione	jone
iones	jones
ioneses	joneses
iong.	jong.
ionick	jonick
ionson	jonson
ionsoni	jonsoni
ionsonias	jonsonias
ionsonio	jonsonio
ionsonivm	jonsonium
ionsons	jonsons
iophiel	jophiel
ior.	jor.
ioram	joram
iorasta	jorasta
iordan	jordan
iordane	jordane
iorden	jorden
iore	jore
iorneiman	jorneiman
iorney	journey
iorneyes	journeys
iorneyman	journeyman
iorneyng	iorneing
iornied	journeyed
iorny	journey
ios	jos
ios.	jos.
iosaphat	josaphat
iose	jose
iosedech	josedech
ioseph	joseph
iosephs	josephs
iosephus	josephus
iosh.	josh.
ioshua	joshua
iosias	josias
ioss'le	joss'le
ioss.	joss.
iosseline	josseline
iost	jost
iosua	josua
iosue	josue
iosvah	josvah
iot	jot
iote	jot
ioto	joto
iotte	jot
iou	jou
iou'd	joved
iou.	jou.
ioualist	jovalist
iouc	jouc
ioue	jove
ioue's	jove's
ioue-borne	jove-borne
ioue-like	jove-like
iouels	iovels
iouenella	jovenella
iouer-reacht	jover-reacht
ioues	joves
iouet	jovet
iouial	jovial
iouiald	joviald
iouialist	jovialist
iouiall	jovial
iouially	jovially
iouinelli	jovinelli
iouinells	jovinells
iouio	jovio
iouis	jovis
iouisance	jovisance
iouisque	jovisque
ioule	joule
iounck	jounck
iournall	journal
iourneis	journeys
iourney	journey
iourney'd	journeyed
iourney's	journey's
iourney-man	journeyman
iourney-men	journey-men
iourney-women	journey-women
iourneyes	journeys
iourneyman	journeyman
iourneymans	journeymans
iourneys	journeys
iournie	journey
iournie's	journey's
iournies	journeys
iourny	journey
iourny-man	journeyman
iourny-men	journeymen
iournying	journeying
ious	jous
iouse	jouse
iouy	jovy
iouyce	iovyce
iouysaunce	iovysaunce
iov	jov
iove	jove
iove's	jove's
iove-madam	jove-madam
ioves	joves
iovial	jovial
ioviall	jovial
iovis	jovis
iow	jow
iow'd	jowed
iowben	jowben
iowe	jowe
iowe'my	jowe'my
iowle	jowl
iowzy	jowzy
ioy	joy
ioy'd	joyed
ioy's	joy's
ioy'st	joyest
ioy.	joy.
ioyce	joyce
ioyd	joyed
ioye	joy
ioye's	joy's
ioyed	joyed
ioyes	joys
ioyeth	joyeth
ioyeux	joyeux
ioyful	joyful
ioyful'st	ioyfulest
ioyfull	joyful
ioyfullie	joyfully
ioyfully	joyfully
ioyfulnesse	joyfulness
ioying	joying
ioylesse	joyless
ioyn	join
ioyn'd	joined
ioyn'de	joyn'de
ioyncture	jointure
ioynctures	joynctures
ioynd	joined
ioynde	joined
ioyndstooles	joyndstooles
ioyne	join
ioyned	joined
ioynedst	joinedst
ioyner	joiner
ioynes	joins
ioynesclose	joynesclose
ioyneth	joins
ioyning	joining
ioyns	joins
ioynt	joint
ioynt-stoole	jointstool
ioynte	joint
ioynted	jointed
ioynter	jointer
ioynters	jointers
ioyntes	joints
ioyntly	jointly
ioyntlye	jointly
ioynts	joints
ioynture	jointure
ioyntures	jointures
ioynyng	joining
ioys	joys
ioyue	ioyve
iperceiue	iperceive
irefull	ireful
irish-man	irishman
irish-men	irishmen
irke	irk
irkes	irks
irkesome	irksome
irksom	irksome
ironicall	ironical
irrationale	irrational
irrecouerable	irrecoverable
irrecouerablenes	irrecoverablenes
irrecouerably	irrecoverably
irregularitie	irregularity
irreligeous	irreligious
irremoueable	irremoveable
irresistable	irresistible
irreuerently	irreverently
irreuitable	irrevitable
irreuocable	irrevocable
irreuocably	irrevocably
irrevocablie	irrevocably
iryshe	irish
is'st	isest
isaith	isaiah
isatstrōgest	isatstrongest
isbel's	isabel's
isbels	isabels
ish	is
isht	ished
ising-glasse	isingglasse
issu'd	issued
issue-lesse	issueless
issuelesse	issueless
issuless	issueless
it-selfe	itself
italyan	italian
itch'd	itched
itch'es	itch's
itche	itch
itchie	itchy
ite	item
item'd	itemed
iterdvca	iterduca
itselfe	itself
iu'e	ju'e
iu.	ju.
iuan	juan
iuan.	juan.
iuba	juba
iuba-and	juba-and
iubalter	jubalter
iubeo	jubeo
iubilce	jubilce
iubile	jubile
iubilee	jubilee
iubilies	jubilees
iubily	jubilee
iubiter	jubiter
iuce	juice
iucense	jucense
iucōperable	incomparable
iucrie	jucrie
iucubus	jucubus
iucundas	jucundas
iucundos	jucundos
iud	jud
iud.	jud.
iuda	juda
iudaea	judaea
iudaean	judaean
iudaeas	judaeas
iudah	judah
iudaic.	judaic.
iudaisme	judaisme
iudas	judas
iudas-like	judas-like
iudaycal	judaycal
iude	jude
iude.	jude.
iudea	judea
iudean	judean
iudeas	judea's
iudes	jude's
iudex	judex
iudg'd	judged
iudg.	judg.
iudgd	judged
iudge	judge
iudged	judged
iudgement	judgement
iudgement's	judgement's
iudgement-seate	judgement-seat
iudgemente	judgement
iudgementes	judgements
iudgements	judgements
iudgemēt	judgement
iudgemēts	judgements
iudgers	judgers
iudges	judges
iudgesse	judgesse
iudgeth	judgeth
iudging	judging
iudgment	judgement
iudgment's	judgement's
iudgments	judgements
iudgmēt	judgement
iudgmēts	judgements
iudgyng	judging
iudic.	judic.
iudicatory	judicatory
iudicature	judicature
iudicatures	judicatures
iudice	judice
iudicial	judicial
iudiciall	judicial
iudiciallie	judicially
iudicially	judicially
iudicials	judicials
iudicious	judicious
iudiciously	judiciously
iudiciously-pend	judiciously-pend
iudiciouslye	judiciously
iudicium	judicium
iudicium's	judicium's
iudificantur	judificantur
iudith	judith
iudithe	judithe
iuditiall	judicial
iuditious	judicious
iuditiously	judiciously
iudycyall	judycyall
iudyth	judyth
iue	jue
iuelles	ivelles
iuery	juery
iuf.	juf.
iug	jug
iug.	jug.
iuga	juga
iugall	jugal
iugario	jugario
iugement	judgement
iuges	juges
iugg	jugg
iugge	jug
iuggle	juggle
iuggled	juggled
iuggler	juggler
iugglers	jugglers
iuggling	juggling
iuggy	juggy
iugled	juggled
iugler	juggler
iuglers	jugglers
iugling	juggling
iugs	jugs
iugum	jugum
iugurth	jugurth
iuiall	juiall
iuice	juice
iuicelesse	juiceless
iuicles	ivicles
iuicy	juicy
iuie	ivy
iuiury	iviury
iul	jul
iul.	jul.
iuli	juli
iuli.	juli.
iulia	julia
iulia's	julia's
iuliae	juliae
iulian	julian
iuliana	juliana
iulianas	julianas
iulianus	julianus
iuliarues	juliarues
iulias	julias
iulie	julie
iulie-flowers	julie-flowers
iulies	julies
iulietta	julietta
iuliettas	juliettas
iulio	julio
iulio's	julio's
iulions	julions
iulios	julios
iulip	julip
iulipe	julipe
iulips	julips
iulius	julius
iully	jully
iult.	jult.
iulta	julta
iulus	julus
iuly	july
iuly's	july's
iuly-flowers	july-flowers
iuly-flowres	july-flowers
iulye	julye
iulyo	julyo
iumbled	jumbled
iumbling	jumbling
iump	jump
iumpe	jump
iumpes	jumps
iumps	jumps
iumpt	jumped
iun.	jun.
iunces	junces
iuncker	juncker
iune	june
iungfraw	jungfraw
iungunturtaciti	jungunturtaciti
iuni.	juni.
iuningberg	juningberg
iunio	junio
iunior	junior
iuniority	juniority
iunip	junip
iuniper	juniper
iuniu	juniu
iunius	junius
iunkets	junkets
iuno	juno
iuno's	juno's
iunoe's	junoe's
iunoes	junoes
iunone	junone
iunonem	junonem
iunonia	junonia
iunonis	junonis
iunos	junos
iunt	junt
iunus	junus
iunïus	junïus
iuorie	juorie
iuory	ivory
iuotie	juotie
iup	jup
iup.	jup.
iupi.	jupi.
iupiter	jupiter
iupiter's	jupiter's
iupiters	jupiters
iuppiter	juppiter
iupyter	jupyter
iuration	juration
iure	jure
iurer	jurer
iurie	jury
iuries	juries
iuris	juris
iuris-dictiones	juris-dictiones
iurisconsultus	jurisconsultus
iurisdiction	jurisdiction
iurney	journey
iuror	juror
iurors	jurors
iurour	jurour
iury	jury
iury-men	jurymen
iurye	jury
iuryes	juries
iush	jush
iusiurandum	jusiurandum
iust	joust
iust-cankerd	just-cankerd
iust-death	just-death
iust-deserued	just-deserved
iust.	just.
iuste	just
iustely	justly
iuster	juster
iustest	justest
iusti.	justi.
iusticce	justicce
iustice	justice
iustice's	justice's
iustice-a-peace	justice-a-peace
iustice-hood	justice-hood
iustice-ship	justiceship
iustice.	justice.
iusticer	justicer
iustices	justices
iusticiā	iusticiam
iustie	justie
iustie-pie	justie-pie
iustifi'd	justified
iustifiable	justifiable
iustification	justification
iustifie	justify
iustified	justified
iustifier	justifier
iustifies	justifies
iustify	justify
iustily	justily
iustinian	justinian
iustiniano	justiniano
iustinianos	justinianos
iustish	justish
iustitiam	justitiam
iustle	justle
iustled	justled
iustles	justles
iustlest	justlest
iustlie	justly
iustlier	justlier
iustling	justling
iustly	justly
iustlye	justly
iustlyng	justling
iustnesse	justness
iusto'your	justo'your
iustruction	instruction
iusts	jousts
iustus	justus
iustyce	justice
iustyces	justices
iustè	just
iut	jut
iuuant	iwant
iuuante	iwante
iuuat	iwat
iuuenal	juvenal
iuuenalis	iwenalis
iuuenall	juvenal
iuuenca	iwenca
iuuenis	iwenis
iuuensus	iwensus
iuuentus	iwentus
iuuentuss	iwentuss
iuuentute	iwentute
iuuenum	iwenum
iuuētus	iwentus
iuunetus	juunetus
iuvaded	juvaded
iuven	juven
iuvenal	juvenal
iuventus	juventus
iuvinall	juvinall
iuvinals	juvinals
iuy	ivy
iuy-bush	juy-bush
iuy-bushes	juy-bushes
iuyce	juice
iuyceles	ivyceles
iuye	ivy
iv'e	ju'e
iv.	ju.
ivdas	judas
ivditiovs	judicious
ivga	juga
ivie	ivy
ivli	juli
ivlia	julia
ivlias	julias
ivlivs	julius
ivnior	junior
ivno	juno
ivno's	juno's
ivnoes	junoes
ivnoni	junoni
ivnonis	junonis
ivorie	ivory
ivpi	jupi
ivpiter	jupiter
ivpiters	jupiters
ivs.	jus.
ivse	juse
ivst	just
ivstine	justine
ivstinian	justinian
ivs·	jus·
ivvenal	juvenal
iy'e	jy'e
iybbets	jybbets
iye	jye
iyes	eyes
iygge	jygge
iynkins	jynkins
iyntle	jyntle
iyntleman	jyntleman
ī	in
īfect	infect
jack'nape	jackanapes
jack-an-ape	jackanapes
jack-anapes	jackanapes
jacke	jack
jaile	jail
jailes	jails
jailour	jailor
janisaries	janissaries
jarre	jar
jarres	jars
jarteer	garter
jaundise	jaundice
jaw-bone	jawbone
jaw-bones	jawbones
jawes	jaws
jayes	jays
jayle	jail
jayler	jailer
jayles	jails
jaylor	jailor
jaylors	jailors
jealosie	jealousy
jealosy	jealousy
jealouse	jealous
jealousie	jealousy
jealousyes	jealousies
jealozie	jealousy
jeast	jest
jeasted	jested
jeaster	jester
jeasting	jesting
jeasts	jests
jeer'd	jeered
jeere	jeer
jeeres	jeers
jeerē	jeeren
jellie	jelly
jelous	jealous
jelousie	jealousy
jelousies	jealousies
jelousy	jealousy
jemmes	jems
jer-falcons	jerfalcons
jerk'd	jerked
jerke	jerk
jeshu	jesu
jestes	jests
jesuites	jesuits
jett	jet
jevvels	jewels
jewel-house	jewelhouse
jewells	jewels
jigg	jig
jigg'd	jigged
jigge	jig
jiggs	jigs
jobbe	job
jobbs	jobs
jockie	jockey
jocky	jockey
jocond	jocund
jogg	jog
jogge	jog
joies	joys
join'd	joined
join'st	joinest
joincture	jointure
joind	joined
joine	join
joint-stool	jointstool
jollie	jolly
jollitie	jollity
jolt-head	jolthead
jossell'd	josselled
joue	jove
joulting	jolting
journall	journal
journeies	journeys
journey-man	journeyman
journeyes	journeys
journie	journey
journies	journeys
journy	journey
journyes	journeys
joviall	jovial
jovne	joune
joy'd	joyed
joyd	joyed
joye	joy
joyes	joys
joyfull	joyful
joyn	join
joyn'd	joined
joynd	joined
joyne	join
joyned	joined
joyners	joiners
joynes	joins
joyning	joining
joyns	joins
joynt	joint
joynt-stoole	jointstool
joynte	joint
joynted	jointed
joynter	jointer
joynter-houses	jointer-houses
joynters	jointers
joyntly	jointly
joynts	joints
joynture	jointure
joyntures	jointures
jud-as	judas
judg	judge
judg'd	judged
judgd	judged
judgemēt	judgement
judgment	judgement
judgment's	judgement's
judgments	judgements
judiciall	judicial
juditious	judicious
jugall	jugal
jugg	jug
juggl'd	juggled
jugled	juggled
jugler	juggler
juglers	jugglers
jugling	juggling
juglings	jugglings
juicie	juicy
jumpe	jump
jumpt	jumped
juory	ivory
jurie	jury
just-borne	just-born
justifi'd	justified
justifie	justify
justify'd	justified
justnes	justness
juyce	juice
jvory	ivory
k	king
kalendar	calendar
kalender	calendar
kalenders	calendars
kanaue	kanave
kaynū	kaynus
kechin	kitchen
keele	keel
keeles	keels
keend	keened
keene	keen
keene-edg'd	keen-edged
keenesse	keeness
keep'st	keepest
keepe	keep
keepe's	keep's
keepes	keeps
keepst	keepest
keept	kept
keies	keys
kemb'd	kemboed
kemd	combed
ken'st	kennest
kend	kenned
kenell	kennel
kenne	ken
kennell	kennel
kennelled	kenneled
kennells	kennels
kentishe	kentish
kep'd	keeped
kep'st	keepest
kep't	kept
kepe	keep
keper	keeper
kepers	keepers
kepes	keeps
kepest	keepest
kepeth	keepeth
keping	keeping
kepst	keptest
kept'st	keptest
kepte	kept
keptst	keptest
kepyng	keeping
kerchiefe	kerchief
kerne	kern
kernell	kernel
kernes	kerns
kest	cast
ketch	catch
ketche	ketch
ketching	catching
kettle-drum	kettledrum
kettle-drummes	kettledrums
keuoke	kevoke
key-hole	keyhole
key-holes	keyholes
keye	key
keyes	keys
kick'd	kicked
kick-shaw	kickshaw
kickd	kicked
kicke	kick
kickes	kicks
kickshawes	kickshaws
kickst	kickest
kickt	kicked
kidde	kid
kiddes	kids
kidds	kids
kidneyes	kidneys
kidnyes	kidneys
kifs'd	kifsed
kil	kill
kil'd	killed
kil'st	killest
kild	killed
kilde	killed
kiling	killing
kill'd	killed
kill'dst	killedst
kill'st	killest
killd	killed
kille	kill
killes	kills
killeth	kills
killinge	killing
killst	killest
kils	kills
kilst	killest
kilt	killed
kiluert	kilvert
kind'st	kindest
kinde	kind
kinde-heart	kind-heart
kinde-hearted	kindhearted
kinde-natur'd	kinde-natured
kindeling	kindling
kindely	kindly
kindenes	kindness
kindeness	kindness
kindenesse	kindness
kindenesses	kindnesses
kindenēsse	kindness
kindes	kinds
kindl'd	kindled
kindlie	kindly
kindnes	kindness
kindnesse	kindness
kindome	kingdom
kindsman	kinsman
kingdome	kingdom
kingdome's	kingdom's
kingdomes	kingdoms
kingdomes-cares	kingdoms-cares
kinge	king
kingedomes	kingdoms
kinges	kings
kinght	knight
kinghts	knights
kinglie	kingly
kinne	kin
kinred	kindred
kinreds	kindreds
kins-folke	kinsfolk
kins-man	kinsman
kins-men	kinsmen
kins-mens	kinsmen's
kins-woeman	kinswoman
kinse-woman	kinswoman
kinsefolkes	kinsfolks
kinseman	kinsman
kinsemans	kinsmans
kinsemen	kinsmen
kinsemē	kinsmen
kinsewoman	kinswoman
kinsfolke	kinsfolk
kinsfolkes	kinsfolks
kinsmā	kinsman
kinsmens	kinsmen's
kinvvelmarshe	kinwelmarshe
kinvvelmershe	kinwelmershe
kirsen'd	kirsened
kis	kiss
kis'd	kissed
kis't	kissed
kiss'd	kissed
kissd	kissed
kisse	kiss
kisse-carrier	kiss-carrier
kisseth	kisses
kissinge	kissing
kist	kissed
kitchin	kitchen
kitchin's	kitchen's
kitchin-boyes	kitchen-boys
kitchin-foode	kitchen-food
kitchin-inuention	kitchen-invention
kitchin-maid	kitchenmaid
kitchin-maide	kitchenmaid
kitchin-maids	kitchenmaids
kitchin-stuff	kitchen-stuff
kitchin-stuffe	kitchen-stuff
kitchin-vessels	kitchen-vessels
kitchin-wench	kitchenwench
kitching	kitchen
kitchinstuffe	kitchenstuff
kitt	kit
kitten'd	kittened
kiue	kive
knacke	knack
knackes	knacks
knap-sacke	knapsack
knap-sacks	knapsacks
knappe	knap
knapsacke	knapsack
knaue	knave
knaue's	knave's
knauely	knavely
knauerie	knavery
knaueries	knaveries
knauerit	knaverit
knauery	knavery
knaues	knaves
knaues-acre	knaves-acre
knauesh	knavesh
knauish	knavish
knauishly	knavishly
knaverie	knavery
knavs	knaus
knaw'd	knawed
knawes	knaws
kned	kened
kneel'd	kneeled
kneel'st	kneelest
kneeld	kneeled
kneele	kneel
kneeles	kneels
kneell'd	kneeled
knel	kneel
knele	knee
kneleth	kneeleth
knels	kneels
knelynge	kneeling
knevv	knew
knew'st	knewest
knewe	knew
knewreuenges	knewrevenges
knewst	knewest
knif	knife
knight-hood	knighthood
knight-hoods	knighthoods
knight-ship	knightship
knighte	knight
knightes	knights
knighthod	knighthood
knighthoode	knighthood
knighthoodes	knighthoods
knightlie	knightly
knip'd	kniped
knitt	knit
knitte	knit
knittyng	knitting
kniues	knives
kno	know
knob'd	knobed
knock'd	knocked
knock't	knocked
knock-hvm	knock-hum
knocke	knock
knocke's	knock's
knockes	knocks
knockhvm	knockhum
knockt	knocked
knoks	knocks
knot-grass	knotgrass
knot-grasse	knotgrass
knotte	knot
knottes	knots
knottie	knotty
knovv	know
knovv'st	knowest
knovve	know
knovven	known
knovves	knows
knovving	knowing
knovvledge	knowledge
knovvne	known
know'n	known
know'st	knowest
knowe	know
knowe's	know's
knoweledge	knowledge
knowen	known
knowes	knows
knowē	known
knowlage	knowledge
knowledg	knowledge
knowledgē	knowledge
knowledgynge	knowledging
knowleg	knowledge
knowlege	knowledge
knowne	known
knownes	knowns
knowst	knowest
knowste	knows
knowth	knoweth
knowyng	knowing
knowynge	knowing
knyfe	knife
knyght	knight
knyghtes	knights
knyt	knit
knyttyng	knitting
knée	knee
knéele	kneel
knéeled	kneeled
knées	knees
kon'd	koned
korne	corn
kowledge	knowledge
kowne	kown
kt	knight
kuaue	kuave
kyb'd	kybed
kyld	killed
kyll	kill
kyllegrevv	kyllegrew
kyllynge	killing
kyn	kin
kynd	kind
kynde	kind
kyndes	kinds
kyndle	kindle
kyndled	kindled
kyndnes	kindness
kyndred	kindred
kyne	kine
kyng	king
kyngdom	kingdom
kyngdome	kingdom
kyngdomes	kingdoms
kyngdoms	kingdoms
kynge	king
kyngedom	kingdom
kyngedome	kingdom
kyngedō	kingdom
kynges	kings
kyngly	kingly
kyngs	kings
kynne	kin
kynred	kindred
kynsemen	kinsmen
kynsman	kinsman
kysse	kiss
kyssing	kissing
kyte	kite
kytes	kites
kéele	keel
kéep	keep
kéepe	keep
kéeper	keeper
kéepes	keeps
kéepeth	keepeth
kéeping	keeping
l'auannes	l'avannes
l'aue	l'ave
l'me	i'm
la-dy	lady
la-g	lag
lab'ring	labouring
labell	label
labelled	labeled
labells	labels
laberinth	labyrinth
laberivs	laberius
labirinth	labyrinth
labor	labour
labor'd	laboured
labor's	labour's
laboratorie	laboratory
laborauerunt	laboraverunt
labored	laboured
laborer	labourer
laborers	labourers
laboreth	laboureth
laboring	labouring
laborinth	labyrinth
labors	labours
laborynth	labyrinth
labour'd	laboured
labour'st	labourest
labourd	laboured
laboure	labour
laboures	labours
labouriously	laboriously
labouryng	labouring
labring	labouring
labyrinthes	labyrinths
lac'd	laced
lac't	laced
lacedemonian	lacedaemonian
lacedemonians	lacedæmonians
lacedemoniā	lacedaemonian
laciuious	lascivious
laciuiously	laciviously
laciuiously-composed	laciviously-composed
lacivious	lascivious
lack'd	lacked
lack'st	lackest
lack't	lacked
lack-lustre	lacklustre
lackd	lacked
lacke	lack
lackes	lacks
lackeyes	lackeys
lackie	lackey
lackies	lackeys
lackst	lackest
lackt	lacked
lackye	lackey
lackyes	lackeys
lackying	lackeying
lacquey	lackey
lacquies	lackeys
lacquy	lackey
lad'st	ladest
ladd	lad
ladde	lad
laddes	lads
ladds	lads
laded	jaded
ladell	ladle
ladē	laden
ladi'd	ladied
ladi-ship	ladyship
ladie	lady
ladie's	lady's
ladie-bird	ladybird
ladie-birds	ladybirds
ladie-guests	lady-guests
ladie-like	ladylike
ladie-virgines	lady-virgins
ladie-wits	lady-wits
ladiship	ladyship
ladiships	ladyships
lady-bird	ladybird
lady-like	ladylike
lady-ship	ladyship
lady-shipp	ladyship
lady-ships	ladyships
ladye	lady
ladye's	lady's
ladyes	ladies
ladyfi'd	ladyfied
laelivs	laelius
laeuam	laevam
laeue	laeve
laeuin	laevin
lagg	lag
lagge	lag
laggyng	lagging
lai'd	laid
laid'st	laidst
laide	laid
laie	lay
laied	laid
laies	lays
laine	lain
laire	lair
laivs	laius
laizie	lazy
lam	lamb
lam'd	lamed
lam-stones	lamstones
lamb'd	lambed
lamb-skin'd	lamb-skined
lambe	lamb
lambe-like	lamblike
lambe-stones	lamb-stones
lambes	lambs
lambes-wooll	lambswool
lamenes	lameness
lamenesse	lameness
lament'st	lamentest
lamente	lament
lamentes	laments
lamenteuol	lamentevol
lamentst	lamentest
lamentyng	lamenting
lamēt	lament
lamētable	lamentable
lamētations	lamentations
lamēted	lamented
lamēts	laments
lampe	lamp
lampes	lamps
lanc'd	lanced
lanch	launch
lanch'd	launched
lanch't	launched
lanched	launched
lanching	launching
lancht	launched
lancke	lank
land-ladie	landlady
land-lady	landlady
land-schape	landscape
land-shappe	land-shap
land-skip	landskip
lande	land
lander'd	landered
landerers	launderers
landes	lands
landinge	landing
landis	lands
landladie	landlady
landlesse	landless
landmarke	landmark
landresse	laundress
landresses	laundresses
landschape	landscape
landskips	landscapes
lang	long
langnish'd	langnished
languag'd	languaged
languague	language
languidg'd	languidged
languish'd	languished
languishe	languish
languisht	languished
languishyng	languishing
languishynge	languishing
languyshyng	languishing
laninā	laninam
lanke	lank
lant-horne	lanthorn
lanterne	lantern
lanternes	lanterns
lantgraue	landgrave
lantherne	lantern
lanthorne	lanthorn
lanthornes	lanthorns
lap'd	lapped
lap-wing	lapwing
lapanthaes	lapantha's
lapidarie	lapidary
lapp	lap
lapp'd	lapped
lappe	lap
lappes	laps
lapps	laps
lapt	leapt
lardes	lards
larg	large
largenes	largeness
largenesse	largeness
larges	largess
largesse	largess
larke	lark
larkes	larks
larum	alarm
larye	lary
lasciua	lasciva
lasciuious	lascivious
lasciuiously	lasciviously
lasciuiousnes	lasciviousness
lasciuous	lascivous
lasciviousnes	lasciviousness
lash'd	lashed
lashe	lash
lasht	lashed
lasie	lazy
lasse	lass
lasshe	lash
lasshyng	lashing
lastes	lasts
lastyng	lasting
latch'd	latched
latelie	lately
latelye	lately
laten	latin
latenes	lateness
laterall	lateral
latere	later
latest-funerall	latest-funeral
latexrigauit	latexrigavit
latine	latin
lattin	latin
latyn	latin
latyne	latin
lau'd	laved
laualties	lavalties
laualto	lavalto
lauander	lavander
lauardur's	lavardur's
laude	laud
laudible	laudable
laudynge	lauding
laue	lave
lauedst	lavedst
lauel	lavel
lauele	lavele
lauender	lavender
lauer	laver
lauerdure	laverdure
lauerdures	laverdures
laufull	lawful
laugd'st	laugdest
laugh'd	laughed
laugh'st	laughest
laugh't	laughed
laughe	laugh
laughes	laughs
laughing-stock	laughingstock
laughst	laughest
laught	laughed
laughyng	laughing
lauiathan	laviathan
lauine	lavine
lauinian	lavinjan
lauinias	lavinias
lauish	lavish
lauish'd	lavished
lauishe	lavish
lauishest	lavish
lauishly	lavishly
launc'd	lanced
launce	lance
launce-knights	lance-knights
launcelot	lancelot
launcers	lancers
launces	lances
launch'd	launched
launche	launch
launcht	launched
launcing	lancing
laundresse	laundress
laundrie	laundry
lauoltaes	lavoltas
lauolto	lavolto
laure	laurae
laureat	laureate
laurell	laurel
laurells	laurels
laurēce	laurence
laūce	lance
laūdresse	laundress
laūds	lands
lavender'd	lavendered
lavish'd	lavished
lavish't	lavished
lavisht	lavished
lavra	laura
lavs	laus
lavv	law
lavv.	law.
lavve	law
lavves	laws
lavvfull	lawful
lavvnes	lawns
lavvs	laws
lavvyers	lawyers
law'd	lawed
law-booke	lawbook
law-breaker	lawbreaker
law-giuers	lawgivers
law-giver	lawgiver
law-makers	lawmakers
law-suite	lawsuit
law-sute	lawsuit
lawd	lawed
lawde	laud
lawdes	lauds
lawe	law
lawers	lawyers
lawes	laws
lawfull	lawful
lawfulnesse	lawfulness
lawier	lawyer
lawiers	lawyers
lawles	lawless
lawlesse	lawless
lawnce	lance
lawncyng	lawncing
lawndresse	laundress
lawnds	lands
lawne	lawn
lawnes	lawns
lawrel	laurel
lawrel-crown'd	laurel-crowned
lawrel-tree	laurel-tree
lawrell	laurel
lawrels	laurels
laxatiue	laxative
lay'd	laid
lay'st	layest
lay-man	layman
layd	laid
layde	laid
laye	say
layed	laid
layen	lain
layes	lays
layn	lain
layne	lain
lazarvs	lazarus
lazely	lazily
lazie	lazy
lazinesse	laziness
lā	lan
lādes	lands
lāds	lands
lāguage	language
leacherie	lechery
leacherous	lecherous
leachery	lechery
leaches	leeches
lead'st	leadest
leade	lead
leades	leads
leadst	leadest
leadyng	leading
leadynge	leading
leafe	leaf
leafelesse	leafless
leafes	leaves
leage	league
leages	leagues
leagu'd	leagued
leakes	leaks
leames	leams
lean'd	leaned
lean'st	leanest
leand	leaned
leane	lean
leane-cowes	lean-cows
leane-witted	lean-witted
leanes	leans
leannesse	leanness
leant	leaned
leap'd	leapt
leap'st	leapest
leap't	leapt
leap-frog	leapfrog
leap-yeere	leap-year
leapd	leaped
leape	leap
leape-frog	leapfrog
leape-yeare	leap-year
leapes	leaps
leaprous	leprous
leapte	leapt
leare	lere
learn'd	learnt
learn't	learnt
learnd	learnt
learnd'st	learnedest
learnde	learnt
learndst	learnedest
learne	learn
learned'st	learnedest
learnedlie	learnedly
learnedst	learnedest
learnes	learns
learninges	learnings
learnst	learnest
learnyng	learning
learnynge	learning
learth'd	learthed
leas'd	leased
lease-mongers	leasemongers
leasht	leashed
leasinges	leasings
leasse	lease
least-wise	leastwise
leaste	jest
leasur'd	leisure
leasure	leisure
leasurely	leisurely
leasures	leisures
leat'd	leated
leather-head	leatherhead
leatherne	leathern
leau'st	leavest
leaud	lewd
leaue	leave
leaue'em	leave'em
leaue-lesse	leaveless
leaued	leaved
leaueld	leaveld
leaueles	leafless
leauelesse	leaveless
leauenth	leaventh
leauer	leaver
leauers	leavers
leaues	leaves
leaues-drop	leaves-drop
leauest	leavest
leaueth	leaveth
leauie	leavy
leauied	levied
leauing	leaving
leauinge	leaving
leauinges	leavings
leauings	leavings
leauy	leavy
leauyes	leavies
leauyng	leaving
leav	leave
leav'd	leaved
leav'st	leavest
leaveles	leafless
leaven'd	leavened
leavie	leavy
leavied	levied
leavinge	leaving
leavs	leaves
leawd	lewd
leawdly	lewdly
leawdnesse	lewdness
lecherie	lechery
lecherouse	lecherous
lecherye	lechery
led'st	leddest
ledd	led
ledde	led
ledeth	leadeth
leefest	liefest
leege	liege
leekes	leeks
leese	lose
leeste	least
leetle	little
leeue	leave
leeues	leaves
left'st	leftest
left-handed	lefthanded
lefte	left
leftey'd	lefteyed
lefthandded	lefthanded
leftst	leftest
leg'd	leged
leg-strain'd	leg-strained
legacie	legacy
legacyes	legacies
legall	legal
legerdemaine	legerdemain
legerdemayne	legerdemain
legg	leg
legg'd	legged
legge	leg
legges	legs
leggs	legs
legiō	legion
legitimat	legitimate
legittimate	legitimate
leicesters	leicester's
leies	leys
leiftenant	lieutenant
leiftenants	lieutenants
leige	liege
leivetenant	lieutenant
leivtenant	lieutenant
lemans	leman's
lemman	leman
lemmans	lemans
len'd	lened
lenatiue	lenative
lende	lend
lendst	lendest
lenety	lenity
lenger	longer
lenght	length
length'ned	lengthened
lengthe	length
lengthen'd	lengthened
lengthn'd	lengthened
lengthned	lengthened
lengthning	lengthening
lenitie	lenity
lente	lent
lentst	lentest
lentvlvs	lentulus
leo-natus	leonatus
leonoras	leonora's
leopardes	leopards
lepidvs	lepidus
leporous	leprous
leppyng	lepping
leprosie	leprosy
leprousie	leprosy
leprye	lepry
lept	leapt
lepte	leapt
ler	laer
lerne	learn
lernean	lernaean
lerned	learnt
lernynge	learning
lerynge	laering
lese	less
lesing	losing
lesse	less
lessen'd	lessened
lesses	loesses
lesson'd	lessoned
leste	lest
lestrale	lestrake
lesu	lesum
let'st	lettest
let'vs	let'us
let-a	let
letanies	litanies
letcher	lecher
letcherie	lechery
letcherous	lecherous
letchers	lechers
letchery	lechery
leters	letters
leth	?
lethargick	lethargic
lethargie	lethargy
lether	leather
lether-hindges	leather-hinges
lethergie	lethargy
letst	lettest
lett	let
lett's	let's
lett'st	lettest
lette	let
letten	let
letter'd	lettered
lettes	lets
letteth	lets
letts	lets
lettyng	letting
leu'd	leved
leualto	levalto
leuant	levant
leuantines	levantines
leuarpoole	levarpoole
leud	lewd
leudly	lewdly
leudnesse	lewdness
leue	leave
leuel	level
leuel'd	levelled
leuel't	level't
leueld	levelled
leuelde	levelde
leueled	levelled
leuell	level
leuell'd	levelled
leuelled	levelled
leuen	leven
leuens	leavens
leuer	lever
leuer-poole	leverpoole
leuerets	leverets
leuerpoole	leverpoole
leuerthou	leverthou
leues	leves
leui'd	levied
leui.	levi.
leuiathan	leviathan
leuibus	levibus
leuid	levid
leuidulcia	levidulcia
leuie	levy
leuie'd	levieed
leuied	levied
leuies	levies
leuill	levill
leuing	leving
leuit.	levit.
leuitie	levity
leuity	levity
leuivela	levivela
leuor	levor
leuum	lewm
leuy	levy
leuyed	levied
leuyes	levies
leuying	levying
lev.	leu.
leve	leave
level'd	levelled
leveld	levelled
levelers	levellers
levell	level
levell'd	levelled
levelled	leveled
levells	levels
levie	levy
levitie	levity
levv	levum
levvde	lewd
levvis	lewis
levy'd	levied
lew'd	lewd
lewde	lewd
lewdely	lewdly
lewdenesse	lewdness
lewdnes	lewdness
lewdnesse	lewdness
ley	lay
leyd	laid
leysters	leisters
leysure	leisure
leysures	leisures
lēast	lenast
lēd	lend
lēgth	length
lēman	leman
li.	li
lib'd	libed
lib'ral	liberal
lib'rall	liberal
libbard's	libbar's
libell'd	libelled
libells	libels
liber	libre
liberalitie	liberality
liberall	liberal
liberallie	liberally
liberallitie	liberality
liberalsciēces	liberalsciences
libert	liberty
liberte	liberty
libertie	liberty
libertye	liberty
libetty	liberty
librarie	library
libraryes	libraries
licenc'd	licenced
licencious	licentious
licens'd	licenced
licensed	licenced
licensious	licentious
licentiousnes	licentiousness
licentiousnesse	licentiousness
lick'd	licked
lick't	licked
lick-finger	lickfinger
lick-foote	lick-foot
licke	lick
licke-trencher	lick-trencher
lickes	licks
lickt	licked
licor	liquour
licour	liquour
lidde	lid
liddes	lids
lieauy	lieavy
liedge	liege
liefe	lief
liefetenant	lieutenant
liefetenants	lieutenants
lieftenant	lieutenant
lieftenants	lieutenants
liege-man	liegeman
lieng	lying
lier	liar
lieue	lieve
lieuer	liever
lieuetenant	lieutenant
lieutennant	lieutenant
lievetenant	lieutenant
lievre	lieure
lievtenant	lieutenant
lif	life
lif's	life's
lifauour'd	lifavoured
life-blood	lifeblood
life-bloud	lifeblood
life-preseruing	life-preserving
life-quickning	life-quickening
life-time	lifetime
lifelesse	lifeless
lifes	life's
lifetenant	lieutenant
lift-vp-hands	lift-up-hands
lifte	lift
liftes	lifts
ligamēts	ligaments
ligge	lig
light-finger'd	light-fingered
light-foot	lightfoot
light-footed	lightfooted
light-headed	lightheaded
light-heeles	light-heals
light-stuffes	light-stuffs
light-vptailes	light-uptailes
light-wing'd	light-winged
light-wingd	light-winged
lighte	light
lightening	lightning
lightes	lights
lightfoote	lightfoot
lightlesse	lightless
lightlie	lightly
lightn'd	lightened
lightned	lightened
lightnes	lightness
lightnesse	lightness
lightneth	lighteneth
lightnīg	lightning
lightnyng	lightning
lightsom	lightsome
lightst	lightest
lightvpon	lightupon
lignage	lineage
lik	like
lik'd	liked
lik'ned	likened
lik'st	likest
lik't	liked
like'd	likeed
like-wise	likewise
likedst	likedest
likeing	liking
likelie	likely
likelihoode	likelihood
likely-hood	likelihood
likelyer	likelier
likelyest	likeliest
likelyhod	likelihood
likelyhood	likelihood
likelyhoode	likelihood
likelyhoods	likelihoods
likenes	likeness
likenesse	likeness
likevvise	likewise
likewyse	likewise
likinge	liking
liknes	likeness
liknesse	likeness
likst	likest
likt	liked
likte	liked
likwise	likewise
likwyse	likewise
lilburne	lilburn
lillies	lilies
lilly	lily
lilly-pots	lily-pots
lilly-rootes	lily-roots
lilly-white	lily-white
lillyes	lillies
lim	limb
lim'd	limed
limb'd	limbed
limbd	limbed
limbe	limb
limbecke	limbeck
limbes	limbs
limblesse	limbless
lime-bush	limebush
lime-house	limehouse
lime-kiln	limekiln
lime-streete	lime-street
lime-twigge	lime-twig
lime-twigges	lime-twigs
limite	limit
limites	limits
limitt	limit
limitted	limited
limitting	limiting
limitts	limits
limm'd	limmed
limme	limb
limmes	limbs
limmits	limits
limms	limbs
limn'd	limned
lims	limbs
lin'd	lined
linage	lineage
linck	link
linck'd	linked
lincke	link
lincked	linked
lincks	links
linckt	linked
lincoln-shire	lincolnshire
lincolnes	lincoln's
lind	lined
lineall	lineal
lineallie	lineally
lineing	lining
lineings	linings
lingred	lingered
lingreth	lingereth
lingring	lingering
lingringe	lingering
lingringly	lingeringly
lingrings	lingerings
lingrynge	lingering
lininges	linings
link'd	linked
link'st	linkest
link't	linked
link-boy	linkboy
linke	link
linkes	links
linkt	linked
linnage	lineage
linnen	linen
linnen's	linen's
linnen-breeches	linen-breeches
linnen-draper	linen-draper
linnen-drapers	linendrapers
linnens	linens
linstocke	linstock
lionesse	lioness
lip'd	lipped
lippe	lip
lippes	lips
lipps	lips
liqour	liquour
liquide	liquid
liquor'd	liquored
liquorishe	liquorish
lisence	licence
lisippvs	lisippus
lispe	lisp
lispes	lisps
list	listen
liste	list
listen'd	listened
listes	lists
listn'd	listened
listned	listened
listners	listeners
listning	listening
litel	little
litell	little
liter	litre
literall	literal
litle	little
litle-ones	little-ones
litle-stocke	little-stock
littell	little
litterature	literature
littl's	little's
little-a	little
little-stocke	littlestoke
little-vvit	little-wit
little-wit	littlewit
littlenesse	littleness
littlevvit	littlewit
litttle	little
liu'd	lived
liu'de	lived
liu'dst	livedst
liu'st	livest
liud	lived
liude	lived
liue	live
liue-long	livelong
liued	lived
liuedst	livedest
liueing	living
liueles	lifeless
liuelesse	liveless
liuelie	lively
liuelier	livelier
liuelihood	livelihood
liuellen	livellen
liuely	lively
liuelyhood	livelihood
liuelynes	livelynes
liuer	liver
liuer'd	livered
liuer's	liver's
liuerd	liverd
liuered	livered
liuerie	livery
liuerie-three-pound-thrum	liverie-three-pound-thrum
liueries	liveries
liuers	livers
liuery	livery
liuery-puncks	livery-puncks
liuery-punke	livery-punk
liueryes	liveries
liues	lives
liuesimmur'd	livesimmured
liuest	livest
liuetenant	lieutenant
liueth	lives
liuia	livia
liuias	livia's
liuing	living
liuinge	living
liuinges	livings
liuingles	livingles
liuings	livings
liuīg	living
liuor	livor
liuorie	livery
liuory	livery
liuour	livour
liuours	livours
liuyng	living
liv'd	lived
liv'dat	liu'dat
liv'st	livest
livd	lived
livde	lived
live-long	livelong
livelyhood	livelihood
liver'd	livered
liverie	livery
lives-paine	lives-pain
liveth	lives
livinge	living
livivs	livius
livory	livery
livre	liure
lixiues	lixives
liy'd	liyed
liyng	lying
ll'd	lled
load-starre	loadstar
load-stone	loadstone
load-stones	loadstones
loade	load
loade-stone	loadstone
loades	loads
loadstarre	loadstar
loafe	loaf
loame	loam
loane	loan
loanes	loans
loanly	lonely
loase	lose
loath'd	loathed
loath'st	loathest
loathd	loathed
loathed'st	loathedest
loaths	loathes
loathsom	loathsome
loathsomenes	loathsomeness
loathsomness	loathsomeness
loaues	loaves
lobbie	lobby
lobbyes	lobbies
lobcocke	lobcock
locall	local
lock'd	locked
lock't	locked
lockd	locked
locke	lock
lockes	locks
lockie	locky
lockt	locked
locustes	locusts
lode	load
lode-stone	loadstone
loded	loaded
loden	laden
lodes	loads
lodeuico	lodevico
lodg	lodge
lodg'd	lodged
lodgd	lodged
lodgde	lodged
lodginges	lodgings
lodouico	lodovico
lodov.	lodou.
lodovvick	lodowick
loe	lo
loftie	lofty
loftye	lofty
log'd	lodged
logd'd	logded
loger-heads	lodger-heads
logge	log
logger-head	loggerhead
logger-headed	loggerheaded
loggs	logs
logicall	logical
logick	logic
logicke	logic
logickes	logics
logike	logic
logikes	logics
logique	logic
logitian	logician
loial	loyal
loiall	loyal
loiallie	loyally
loialtie	loyalty
loine	loin
loines	loins
loiter'd	loitered
loke	look
loked	looked
lokes	looks
loketh	looketh
loking	looking
lokīg	looking
lokyng	looking
lollie	lolly
lompish	lumpish
londinivm	londinium
london-prentises	london-prentices
londō	london
lonelines	loneliness
lonenesse	loneness
long'd	longed
long'st	longest
long-a	long
long-beard	longbeard
long-boat	longboat
long-bow	longbow
long-cross'd	long-crossed
long-ear'd	long-eared
long-fingred	long-fingered
long-growne	long-grown
long-hayre	long-hair
long-heel'd	long-heeled
long-liu'd	long-lived
long-liv'd	long-lived
long-lyv'd	long-lyved
long-shanks	longshanks
long-sword	longsword
long-tail	longtail
long-tail'd	long-tailed
long-tayle	longtail
long-tong'd	long-tonged
long-tongu'd	long-tongued
long-villaine	long-villain
long-watch'd	long-watched
long-wing'd	long-winged
long-wish'd	long-wished
long-wisht	long-wished
longaeuo	longaevo
longar	longer
longauile	longavile
longauyle	longavyle
longd	longed
longe	long
longinge	longing
longinvs	longinus
longst	longest
longtaile	longtail
longtayle	longtail
looce	lose
loofe	loof
look'd	looked
look'st	lookest
lookd	looked
looke	look
looke-out	lookout
lookeing	looking
lookes	looks
looking-glasse	lookingglass
looking-lasse	looking-lass
lookingglasse	looking-glass
lookst	lookest
lookste	lookest
lookt	looked
lookte	looked
lookyng	looking
loome	loom
loomes	looms
loop-holes	loopholes
loope	loop
loope-hole	loophole
loope-holes	loopholes
loopeholes	loopholes
loopes	loops
loord	lord
loos'd	loosed
loos'ned	loosened
loosd	loosed
loosde	loosed
loose-liuer	loose-liver
loose-liuing	loose-living
loosenes	looseness
loosenesse	looseness
loosers	losers'
looseth	loses
loosly	loosely
loosned	loosened
loosnes	looseness
loosness	looseness
loosse	lose
loou'st	loovest
loouer	loover
lop'd	loped
loppe	lop
lopt	lopped
loquuium	loqwium
loquutos	locutos
lord-like	lordlike
lord-ship	lordship
lord-shippe	lordship
lord-ships	lordships
lorde	lord
lordes	lords
lordeship	lordship
lordinges	lordings
lordlye	lordly
lordshippe	lordship
lordshippes	lordships
lordshipps	lordships
lordshyp	lordship
lordy	lourdy
lornes	lorns
lorship	lordship
lorships	lordships
losenes	looseness
losse	lose
loste	lost
losyng	losing
loth	loath
loth'd	loathed
loth-bury	lothbury
lothe	loath
lothed	loathed
lothes	loathes
lothesome	loathsome
lothest	loathest
lothing	loathing
lothinge	loathing
lothings	loathings
lothly	loathly
lothnesse	loathness
lothsom	loathsome
lothsome	loathsome
lothsomnes	loathsomeness
lott	lot
lotte	lot
lotterie	lottery
lottes	lots
lotts	lots
lou'd	loved
lou's	loves
lou'st	lovest
loua	lova
loud'st	loudest
loud-mouth'd	loud-mouthed
loude	loud
loudnes	loudness
loudnesse	loudness
loudst	loudest
loue	love
loue's	love's
loue-bands	love-bands
loue-bound	love-bound
loue-comparisons	love-comparisons
loue-corrupted	love-corrupted
loue-craft	love-craft
loue-desires	love-desires
loue-deuotions	love-devotions
loue-dreames	love-dreams
loue-god	love-god
loue-ill	love-ill
loue-ioyes	love-joys
loue-knots	love-knots
loue-layes	love-lays
loue-leaues	love-leaves
loue-letter	loveletter
loue-letters	loveletters
loue-locks	lovelocks
loue-mad	love-mad
loue-making	love-making
loue-marke	love-mark
loue-melancholy	love-melancholy
loue-mine	love-mine
loue-nets	love-nets
loue-powder	love-powder
loue-rimes	love-rimes
loue-rites	love-rites
loue-scapes	love-scapes
loue-sick	lovesick
loue-sicke	lovesick
loue-songs	lovesongs
loue-sonnets	love-sonnets
loue-sports	love-sports
loue-squire	love-squire
loue-stolne	love-stolen
loue-suit	love-suit
loue-suite	love-suite
loue-sute	love-suit
loue-sweets	love-sweets
loue-token	love-token
loue-tokens	love-tokens
loue-toyes	love-toys
loue-trickes	love-tricks
loue-walkes	love-walks
loue-well	lovewell
loue-wounded	love-wounded
loued	loved
louedst	lovedest
louefull	lovefull
louel	lovel
louelesse	lovelesse
louelesses	lovelesses
louelets	lovelets
loueletters	loveletters
louelie	lovely
louelier	lovelier
loueliest	loveliest
louelines	loveliness
louelinesse	loveliness
louell	lovell
louelv	lovelv
louely	lovely
louelyer	lovelyer
loueme	loveme
louen	loven
louer	lover
louer-blest	lover-blest
louere	lovere
louerimes	loverimes
louers	lovers
louertine	lovertine
loues	loves
louesicke	lovesick
loueso	loveso
louest	lovest
louesute	lovesute
loueth	loves
loug	long
louing	loving
louinge	loving
louingest	lovingest
louingle	lovingle
louinglie	lovingly
louingly	lovingly
louingnes	lovingnes
louingst	lovingest
lour'st	lourest
lousie	lousy
loute	lout
loutes	louts
loutishe	loutish
louure	lowre
louyn	lovyn
louyng	loving
louynge	loving
louyngel	lovyngel
louzie	lousy
louzy	lousy
lov'd	loved
lov'de	lou'de
lov'dst	lou'dst
lov's	loves
lov'st	lovest
lov.	lou.
lovd	loud
lovd'st	loudest
lovde	loud
love-a	love
love-kisse	love-kiss
love-letter	loveletter
love-letters	loveletters
love-locks	lovelocks
love-pitfals	love-pitfalls
love-sick	lovesick
love-sicke	lovesick
love-songs	lovesongs
love-tricke	love-trick
lovell	lovel
lovelyest	loveliest
lover-like	loverlike
loves-paines	loves-pains
lovestarv'd	lovestarved
lovinge	loving
lovinglie	lovingly
lovingst	lovingest
lovliest	louliest
lovst	loust
lovvin	lowin
low'd	lowed
low-gaues	low-gaves
lowd	loud
lowde	loud
lowder	louder
lowdest	loudest
lowdly	loudly
lowdnes	loudness
lowe	low
lowely	lowly
lowlie	lowly
lowlinesse	lowliness
lowlynes	lowliness
lowne	lown
lownesse	lowness
lowr'd	lowered
lowre	lower
lowred	lowered
lowring	lowering
lowryng	lowering
lowrynge	lowering
lowse	louse
lowsie	lousy
lowsy	lousy
lowzie	lousy
lowzy	lousy
loy'st	loyest
loyal'st	loyalest
loyall	loyal
loyallty	loyally
loyaltie	loyalty
loyes	loys
loynes	loins
loyns	loins
loyter	loiter
loyter-pins	loiter-pins
loyterer	loiterer
loyterers	loiterers
loytering	loitering
loyters	loiters
loytred	loitered
loytring	loitering
loytryng	loitering
lozell	lozel
lōdō	london
lōg	long
lōge	long
lōger	longer
lubrick	lubric
luccicos	luccico
lucifers	lucife's
lucke	luck
lucke's	luck's
luckelesse	luckless
luckely	luckily
luckie	lucky
luckles	luckless
lucklesse	luckless
luckly	luckily
luckye	lucky
luckyng	lucking
lud-gate	ludgate
ludouico	ludovico
luffe	luff
lug'd	luged
lugētem	lugentem
lugs	lug's
luke-warme	lukewarm
lul'd	luled
luld	lulled
lull'd	lulled
lullabie	lullaby
lullabye	lullaby
lumber-street	lumberstreet
luminarie	luminary
lumpe	lump
lumpes	lumps
lumpishe	lumpish
lunacie	lunacy
lunacye	lunacy
lunarie	lunary
lunatick	lunatic
lunaticke	lunatic
lunaticks	lunatics
lunatike	lunatic
lunatique	lunatic
lur'd	lured
lurch'd	lurched
lurckt	lurked
lurk'd	lurked
lurk't	lurked
lurke	lurk
lurkes	lurks
lurkt	lurked
lurkyng	lurking
lushious	luscious
lussious	luscious
lust-ful	lustful
lust-full	lustful
luste	lust
lustely	lustily
luster	lustre
lustes	lusts
lustfull	lustful
lustie	lusty
lustilie	lustily
lustines	lustiness
lustinesse	lustiness
lustlesse	lustless
lustly	lustily
lustraui	lustravi
lusture	lustre
lustye	lusty
lute-string	lutestring
lute-stringe	lutestring
luxurie	luxury
luxuriousnes	luxuriousness
lūgs	lungs
lv'n	lu'n
lvc'ivs	luc'ius
lvcan	lucan
lvce	luce
lvcia	lucia
lvcian	lucian
lvcians	lucians
lvcilius	lucilius
lvcilivs	lucilius
lvcina's	lucina's
lvcivs	lucius
lvcklesse	luckless
lvcrece	lucrece
lvcretivs	lucretius
lvcvllvs	lucullus
lvcy	lucy
lvllies	lullies
lvpo	lupo
lvpv	lupv
lvpvs	lupus
lvs	lus
lvsc	lusc
lvscvs	luscus
lvst	lust
lvthers	luther's
ly	lie
ly'd	lied
ly'st	liest
lyable	liable
lyar	liar
lyars	liars
lyberall	liberal
lyberte	liberty
lybertie	liberty
lyberties	liberties
lyberty	liberty
lybertye	liberty
lyce	lice
lycence	licence
lycentious	licentious
lyckynge	licking
lycour	liquour
lycours	liquours
lyd	lid
lye	lie
lyed	lied
lyeng	lying
lyenge	lying
lyer	liar
lyers	liars
lyes	lies
lyest	liest
lyeth	lies
lyethe	lieth
lyf	life
lyfe	life
lyfes	life's
lyft	lift
lyfting	lifting
lygdvs	lygdus
lyght	light
lyghte	light
lyghteth	lighteth
lyghtly	lightly
lyghtlye	lightly
lyghtnes	lightness
lyghtning	lightning
lyghtnyng	lightning
lyghtyng	lighting
lying'st	lyingest
lyke	like
lyked	liked
lykely	likely
lykelyhood	likelihood
lyken	liken
lykened	likened
lykenesse	likeness
lykes	likes
lykest	likest
lyketh	liketh
lykewise	likewise
lykewyse	likewise
lyking	liking
lyknes	likeness
lylly	lily
lym	lyam
lymbecks	alembics
lymbs	limbs
lyme	lime
lyme-bush	limebush
lyme-twigges	lime-twigs
lymed	lime
lymits	limits
lymmes	limbs
lymn'd	lymned
lymping	limping
lyn'd	lined
lynage	lineage
lynces	lynxes'
lynde	lined
lyne	line
lyneaments	lineaments
lyned	lined
lynes	lines
lyngryng	lyngring
lyning	lining
lynings	linings
lynnen	linen
lynnen-draper	linen-draper
lyon	lion
lyon's	lions'
lyon-lovers	lion-lovers
lyones	lions
lyonesse	lioness
lyonesses	lionesses
lyppes	lips
lyps	lips
lyricall	lyrical
lysippvs	lysippus
lyst	list
lyste	list
lyte	light
lytell	little
lytle	little
lyttel	little
lyttell	little
lyttle	little
lyu'd	live
lyue	live
lyued	live
lyueles	lyveles
lyuely	lively
lyuelye	lively
lyueng	lyveng
lyuer	liver
lyuery	lyvery
lyues	lives
lyuest	livest
lyuet	lyvet
lyueth	liveth
lyuing	living
lyuinge	living
lyuyng	living
lyuynge	living
lyuynges	livings
lyuysh	lyvysh
lyvers	livers
léeke	leek
léese	lose
léeseth	leeseth
léeue	leave
m'agrieued	m'agrieved
m'indeuours	m'indevours
m'vnhappy	m'unhappy
ma'st	mayest
ma-dame	madame
macheueil	macheveil
macheuil	machevil
macheuilian	machevilian
macheuill	machevill
machiauel	machiavel
machiauell	machiavell
machiauels	machiavels
machiauill	machiavill
machiuillian	machivillian
machlesse	matchless
macht	matched
mackerell	mackerel
mad'st	madest
mad-brain	madbrain
mad-brain'd	madbrained
mad-braine	madbrain
mad-brained	madbrained
mad-cap	madcap
mad-caps	madcaps
mad-headed	madheaded
mad-man	madman
mad-mans	madmans
mad-men	madmen
mad-mens	madmen's
mad-vvoman	madwoman
mad-woman	madwoman
madam'd	madamed
madam-punck	madam-punk
madamme	madam
madā	madam
madd	mad
maddam	madam
madde	mad
madde-man	madman
maddnesse	madness
maddona	madonna
madlie	madly
madnes	madness
madnesse	madness
madrigall	madrigal
madrigalls	madrigals
madst	madest
maest	mayest
mag-pie	magpie
mag-py	magpie
mag-pye	magpie
magazins	magazines
magicall	magical
magick	magic
magick's	magic's
magicke	magic
magicke-stayers	magic-stayers
magike	magic
maginary	imaginary
magique	magic
magistate	magistrate
magistracie	magistracy
magistrall	magistral
magistrat	magistrate
magitian	magician
magitians	magicians
magnaminity	magnanimity
magnamitie	magnamity
magnanimious	magnanimous
magnanimitie	magnanimity
magnetick	magnetic
magneticke	magnetic
magnificall	magnifical
magnifie	magnify
magots	maggots
magpy	magpie
magpye	magpie
mai'st	mayest
maid-servant	maidservant
maid-servants	maidservants
maide	maid
maide-marian	maid-marian
maiden-head	maidenhead
maiden-heades	maidenheads
maiden-heads	maidenheads
maides	maids
maidē	maiden
maidēs	maidens
maiest	mayest
maieste	majesty
maiesticall	majestical
maiestick	majestic
maiesticke	majestic
maiestie	majesty
maiesties	majesties
maiesties-seruants	majesties-servants
maiestique	majestic
maiesty	majesty
maiestye	majesty
maiestyes	majesties
maile	mail
mailes	mails
mails	nails
maim'd	maimed
maimd	maimed
maime	maim
maimes	maims
main-prise	mainprise
main-sail	mainsail
main-top	maintop
maindenhead	maidenhead
maine-prize	maineprize
maine-saile	maine-sail
mainely	mainly
mainetaine	maintain
mainetaines	maintains
mainetayne	maintain
mainlie	mainly
maint'nance	maintenance
maintain'd	maintained
maintainance	maintenance
maintaind	maintained
maintaine	maintain
maintaines	maintains
maintainst	maintainest
maintayn	maintain
maintayn'd	maintained
maintaynance	maintenance
maintayne	maintain
maintayned	maintained
maintayners	maintainers
maintaynes	maintains
maintein	maintain
mainteine	maintain
mainteined	maintained
mainteiner	maintainer
mainteines	maintains
mainteineth	maintaineth
mainteyne	maintain
mainteynes	maintains
maioresse	majoress
maiors	majors
maire	more
maist	mayest
maister	master
maister-cooke	master-cook
maister-peece	masterpiece
maister-piece	masterpiece
maister-ship	mastership
maisterie	mastery
maisteries	masteries
maisters	masters
maistership	mastership
maisterships	masterships
maistred	mastered
maistres	masters
maistresse	mistress
maistries	masteries
maistring	mastering
maistry	mastery
majestee	majesty
majesticall	majestical
majestick	majestic
majesticke	majestic
majestie	majesty
majestie's	majesty's
mak	make
mak's	makes'
mak'st	makest
make-a	make
make-bate	makebate
make-roome	make-room
make-shift	makeshift
makeing	making
makē	maken
maks	makes
makst	makest
makthe	maketh
makyng	making
makynge	making
maladie	malady
maladiue	maladive
maladye	malady
maladyes	maladies
malancholly	melancholy
malancholy	melancholy
malauella	malavella
male-content	malcontent
male-contented	malecontented
male-contents	malcontents
male-part	malepart
malecontent	malcontent
malefactour	malefactor
maleficiū	maleficium
malepertnes	malapertness
maleuento	malevento
maleuole	malevole
maleuolence	malevolence
maleuolent	malevolent
maleuoles	malevoles
malic'd	maliced
malicions	malicious
maliciousnes	maliciousness
maliciousnesse	maliciousness
malign'd	maligned
maligne	malign
maligneing	maligning
malignitie	malignity
malitions	malicious
malitious	malicious
malitiouslie	maliciously
malitiously	maliciously
mall'd	malled
malladie	malady
malladies	maladies
mallady	malady
mallice	malice
mallowes	mallows
malt-worme	maltworm
malte	malt
malyce	malice
malycyous	malicious
malygnaunt	malignant
mammie	mammy
mamō	mamon
man'd	maned
man-child	manchild
man-deuouring	man-devouring
man-drake	mandrake
man-hood	manhood
man-kind	mankind
man-kinde	mankind
man-like	manlike
man-queller	manqueller
man-servant	manservant
man-slaughter	manslaughter
man-slaughters	manslaughters
manac'd	menaced
manackles	manacles
manadge	manage
manag'd	managed
managde	manage
manaompel'd	manaompeled
mancion	mansion
mand	manned
mande	mand
mandeuile	mandevile
maner	manner
manere	manner
manerly	mannerly
maners	manners
manfull	manful
mangie	mangy
mangl'd	mangled
manhode	manhood
manhods	manhoods
manhoode	manhood
manie	many
manifeste	manifest
manifolde	manifold
mankinde	mankind
mankindes	mankinds
mankynd	mankind
mankynde	mankind
manlesse	manless
manlie	manly
manlines	manliness
manlinesse	manliness
manlivs	manlius
manlye	manly
mann'd	manned
mannacles	manacles
mannag'd	managed
mannage	manage
mannaging	managing
manne	man
manner'd	mannered
mannes	man's
mannor	manor
mannor-house	manorhouse
mannor-houses	manor-houses
mannors	manors
mannour	manor
manns	man's
manour	manor
manour-house	manor-house
mantain'd	maintained
mantayne	maintain
mantell	mantel
mantes	mantoes
mantion	mansion
manuall	manual
manualls	manuals
manumiz'd	manumised
many-colour'd	many-coloured
many-coulor'd	many-coulored
many-headed	manyheaded
manye	many
manyfest	manifest
manyfestly	manifestly
manyfestynge	manyfesting
manyfolde	manifold
maple-fac'd	maple-faced
mapp	map
mappe	map
mappes	maps
mar'd	marred
mar-king	marking
marag'd	marriaged
marbell	marble
marble-brested	marble-breasted
marble-hearted	marblehearted
march'd	marched
march't	marched
march-beare	march-bear
march-beere	march-beer
march-béere	march-beer
march-mont	marchmont
march-panes	marchpanes
marchandice	merchandise
marchandise	merchandise
marchandize	merchandise
marchant	merchant
marchantes	merchants
marchants	merchants
marchaunt	merchant
marchaunte	merchant
marchauntes	merchants
marchaunts	merchants
marchaūdise	merchandise
marchāt	merchant
marchātaylors	marchantaylors
marchāts	merchants
marche	march
marchinge	marching
marchlesse	marchless
marcht	marched
marchyng	marching
marcie	marcy
marck	mark
marck'd	marked
marcke	mark
marcvs	marcus
marcy	marry
mard	marred
marde	marred
mareners	mariners
margarite	margaritae
marginall	marginal
margines	margins
mari'd	married
mariadge	marriage
mariage	marriage
mariage-bed	marriagebed
mariage-rites	marriage-rites
mariageable	marriageable
mariages	marriages
marie	marry
maried	married
marieth	marrieth
marigolde	marigold
marigoldes	marigolds
marioram	marjoram
marivs	marius
mark'd	marked
mark't	marked
mark-man	markman
markd	marked
marke-man	markman
markeable	markable
markegraue	markegrave
markes	marks
market-folkes	market-folks
market-womans	market-woman's
markgraue	markgrave
markgraues	markgraves
marks-man	marksman
markt	marked
marocco	morocco
marow	marrow
marow-bones	marrowbones
marowe	marrow
marquesse's	marquess's
marquiss	marquis
marquiss's	marquis's
marquisses	marquesses
marr	mar
marr'd	marred
marrd	marred
marre	mar
marre-text	marque-text
marres	mars
marri'd	married
marriadge	marriage
marriage-bed	marriagebed
marriage-loyaltie	marriage-loyalty
marriage-money	marriagemoney
marriage-vnion	marriage-union
marrie	marry
marrier	merrier
marriner	mariner
marriners	mariners
marrow-bone	marrowbone
marrow-bones	marrowbones
marrow-lesse	marrowless
marrowe	marrow
marrowes	marrows
marrre	mar
marrriage	marriage
marry'd	married
marry-ages	marriages
marryage	marriage
marrye	marry
marryed	married
marshal'd	marshaled
marshald	marshalled
marshall	martial
marshall'd	marshaled
marshall'st	marshallest
marshalled	marshaled
marshalls	marshals
marshe	marsh
marsillvs	marsillus
martch	march
martches	marches
martching	marching
marter	martyr
marter'd	martered
marterne	martern
martialize	martialise
martiall	martial
martiall's	martial's
martiallist	martialist
martir	martyr's
martirdome	martyrdom
martires	martyrs
martirs	martyrs
martred	martyred
martyed	marty
martyr'd	martyred
martyrd	martyred
martyrdome	martyrdom
martyrdomes	martyrdoms
martyre	martyr
martyrizations	martyrisations
maruaile	marvel
maruailes	marvels
maruailous	marvellous
maruayle	marvel
marueile	marvel
marueilous	marvellous
marueilously	marvellously
maruel	marvel
marueld	marvelled
maruele	marvel
maruell	marvel
maruelled	marvelled
maruellous	marvellous
maruelous	marvellous
maruelously	marvellously
marueyling	marvelling
marv'l	maru'l
marvail	marvel
marvaile	marvel
marvailous	marvellous
marvell	marvel
marvell'd	marvelled
marvell'st	marvellest
marvelled	marveled
marvelous	marvellous
mary'd	married
mary-bones	marybones
mary-golds	marygolds
maryage	marriage
maryages	marriages
marye	mary
maryed	married
marying	marrying
maryner	mariner
mas	mass
masculin	masculine
mase	maze
mashe	mash
masht	mashed
mask'd	masked
mask't	masked
maske	mask
maskes	masks
maskt	masked
masonrie	masonry
masqu'd	masqued
massaker	massacre
masse	mass
massie	massy
massinesse	massiness
massiue	massive
massiuissa	massivissa
massye	massy
master'd	mastered
master'st	masterest
master-booke	master-book
master-braine	master-brain
master-foole	master-fool
master-peece	masterpiece
master-peice	masterpiece
master-piece	masterpiece
master-pieces	masterpieces
master-ship	mastership
master-thiefe	master-thief
masterie	mastery
masterles	masterless
masterye	mastery
mastes	masts
masticke	mastic
mastie	masty
mastife	mastiff
mastifes	mastiffs
mastiffe	mastiff
mastiffes	mastiffs
mastifs	mastiffs
mastiue	mastive
mastiues	mastiffs
mastives	mastiffs
mastlesse	mastless
mastres	masters
mastring	mastering
mastry	mastery
match'd	matched
match't	matched
match-maker	matchmaker
matchauile	matchavile
matche	match
matchevillaines	machiavellan
matchiuell	matchivell
matchiuill	matchivill
matchles	matchless
matchlesse	matchless
matcht	matched
materiall	material
materialls	materials
maternall	maternal
maters	matres
mathauell	mathavell
mathematicall	mathematical
mathematickes	mathematics
mathematicks	mathematics
mathematiques	mathematics
mathematitians	mathematicians
mathevves	mathewes
matie	maty
matildas	matilda's
matins	matin's
matreueirs	matreveirs
matreuis	matrevis
matrimoniall	matrimonial
matrimonie	matrimony
matron-like	matronlike
matrone	matron
matrones	matrons
matrō	matron
matrymonye	matrimony
matte	mat
matter-a	matter
matteriall	material
matterie	mattery
mattes	mats
mattēs	mattens
mattins	matins
mattocke	mattock
maturitie	maturity
mauer	manner
maues	maves
mauger	maugre
mauikin	mavikin
maul'd	mauled
mauld	mauled
maule	maul
maull	maul
mault	malt
mault-man	maltman
mault-worm	maltworm
maumet	mammet
maunds	mands
maunger	manger
maungy	mangy
mauors	mavors
mauortian	mavortian
mauortio	mavortio
mauortio's	mavortio's
mauortis	mavortis
mauricion	maurition
mauuaisse	mawaisse
mauy	mavy
mavdline	maudline
mavnsell	maunsell
mavsolvs	mausolus
mawe	maw
mawes	maws
mawgre	maugre
mawle	maul
maxime	maxim
maximes	maxims
maximvs	maximus
may'd	mayed
may'st	mayest
may-day	mayday
may-games	maygames
may-pole	maypole
mayd	maid
mayd's	maid's
mayde	maid
mayden	maiden
mayden-glory	maiden-glory
mayden-head	maidenhead
mayden-heades	maidenheads
mayden-heads	maidenheads
mayden-thoughts	maiden-thoughts
maydenhead	maidenhead
maydenheads	maidenheads
maydenly	maidenly
maydens	maidens
maydes	maids
mayds	maids
maye	may
mayle	mail
maym'd	maimed
maymd	maimed
mayme	maim
maymed	maimed
maymes	maims
mayn	main
maynd	mained
mayne	main
mayne-yeard	mainyard
maynest	mainest
mayntain	maintain
mayntaine	maintain
mayntayne	maintain
mayntayned	maintained
mayntayning	maintaining
maynteine	maintain
maynteines	maintains
mayntenance	maintenance
mayntenaunce	maintenance
mayntenāce	maintenance
mayntene	maintain
maynteyne	maintain
mayst	mayest
mayster	master
maysters	masters
maystres	masters
maystrie	mastery
maystries	masteries
maystry	mastery
maz'd	mazed
mazard	mazzard
mazd	mazed
mā	man
māers	manners
māgled	mangled
māgy	mangy
māhath	manhath
mākind	mankind
mākynd	mankind
mākynde	mankind
māner	manner
mānys	mamnys
mās	men
me'vp	me'up
me-thinkes	methinks
me-thinks	methinks
me-thought	methought
me-thoughts	methoughts
mea	meam
meacocke	meacock
meade	mead
meades	meads
meadowe	meadow
meadowes	meadows
meager	meagre
meagre	meager
meal-man	mealman
meale	meal
meale-men	mealemen
meale-mouth'd	mealmouth
meale-tyde	meal-tide
meales	meals
mealie	mealy
mean'st	meanest
mean't	meant
meane	mean
meane-time	meantime
meane-while	meanwhile
meanely	meanly
meanenes	meanness
meaners	meaner's
meanes	means
meanewhile	meanwhile
meaninge	meaning
meaninges	meanings
meannesse	meanness
meanst	meanest
meant'st	meantest
meantst	meantest
meanyng	meaning
meanynge	meaning
meare	mere
meares	meres
measel'd	measeled
measnr'd	measnred
measur'd	measured
measurd	measured
meate	meat
meate's	meat's
meates	meats
meaue	meave
meazles	measles
mechanicall	mechanical
mechanick	mechanic
mechanicke	mechanic
med'cinable	medicinable
med'cinall	medicinal
med'cine	medicine
med'cines	medicines
medall	medal
medalls	medals
medcine	medicine
medcine's	medicine's
medcines	medicines
meddalls	medals
meddl'd	meddled
meddow	meadow
meddowes	meadows
meddows	meadows
medecines	medicines
meden	?
mediacions	mediations
mediatour	mediator
mediatours	mediators
medicament	medicamente
medicin	medicine
medicinall	medicinal
medicins	medicines
medicyne	medicine
mediocritie	mediocrity
medioine	medjoine
meditacions	meditations
meditat	meditate
mediū	medium
medle	meddle
medled	meddled
medler-tree	meddler-tree
medlers	meddlers
medleth	meddleth
medleyes	medleys
medling	meddling
medly	medley
medlynge	meddling
medow	meadow
medowe	meadow
medowes	meadows
medvsa's	medusa's
medytate	meditate
mee	me
mee-thinkes	methinks
mee-thinks	methinks
meede	meed
meeke	meek
meekely	meekly
meekenes	meekness
meekenesse	meekness
meeknesse	meekness
meer	mere
meer'st	merest
meer-craft	mere-craft
meere	mere
meere-craft	mere-craft
meerely	merely
meerest	merest
meerly	merely
meet'st	meetest
meet-a	meet
meete	meet
meetes	meets
meethinks	methinks
meeting-place	meetingplace
meetst	meetest
meetyng	meeting
megera's	megaera's
megeras	megaera's
megrims	migraine
meke	meek
mekenes	meekness
mel	mell
melancholick	melancholic
melancholicke	melancholic
melancholie	melancholy
melancholike	melancholic
melancholique	melancholic
melancholiste	melancholist
melanchollie	melancholy
melanchollies	melancholies
melancholly	melancholy
melancholye	melancholy
melancolie	melancholy
melancoly	melancholy
melantivs	melantius
melācholy	melancholy
melācholye	melancholy
meldauia	meldavia
mele	meloe
mellancholly	melancholy
mellancholy	melancholy
mellodious	melodious
mellody	melody
mellon	moellon
mellovve	mellow
mellow'd	mellowed
melodie	melody
melodye	melody
melte	melt
membred	membered
membres	members
memmivs	memmius
memorandums	memoranda
memoriall	memorial
memorie	memory
memoriz'd	memorised
memorize	memorise
memorizing	memorising
memoryall	memorial
memorye	memory
memoryes	memories
men-midwiues	men-midwives
men-vvitches	men-witches
menac'd	menaced
menasing	menacing
mencioned	mentioned
mende	mend
mendes	mends
mene	mean
menecevs	meneceus
menelavs	menelaus
meneth	meaneth
meniall	menial
mening	meaning
menne	men
mennes	men's
mennis	men
mens	men's
mens-kinde	men's-kind
mense	mensae
ment	meant
mentall	mental
mente	ment
mention'd	mentioned
mention'st	mentionest
mentiond	mentioned
meny	many
mer-maid	mermaid
mer-maides	mermaids
mercenarie	mercenary
mercenarye	mercenary
merchandis'd	merchandise
merchandize	merchandise
merchant-like	merchantlike
merchant-man	merchantman
merchant-taylor	merchant-tailor
merchantes	merchants
merchaunt	merchant
merchauntes	merchants
merchaūtes	merchants
merchāt	merchant
merchāts	merchant's
mercie	mercy
mercifull	merciful
merciles	merciless
mercilesse	merciless
mercinarie	mercenary
mercinary	mercenary
mercuriall	mercurial
mercvrie	mercurie
mercvrio	mercurio
mercvrivs	mercurius
mercvry	mercury
mercye	mercy
mercyes	mercies
mercyful	merciful
mercyfull	merciful
mercyfullye	mercifully
merd-vrinous	merd-urinous
mere-craft	merecraft
mere-foole	mere-fool
merelie	merely
meridionall	meridional
merie	merry
merie-thought	merry-thought
merier	merrier
meriest	merriest
merily	merrily
meriment	merriment
merit'st	meritest
merite	merit
merites	merits
meriteth	merits
mermaides	mermaids
mermayd	mermaid
mermayde	mermaid
mermaydes	mermaids
mermayds	mermaids
merri	merry
merri-thought	merry-thought
merri-thoughts	merry-thoughts
merrie	merry
merrie-thought	merry-thought
merrilie	merrily
merrimentes	merriments
merrit	merit
merrited	merited
merriting	meriting
merrits	merits
merry-godowne	merry-godown
merry-making	merrymaking
merrye	merry
merryes	merries
merryment	merriment
merth	mirth
meruail	marvel
meruaile	marvel
meruailous	marvellous
meruayle	marvel
meruayled	marvelled
meruell	marvel
meruellously	marvellously
meruelous	marvellous
meruelouse	marvellous
merueyle	marvel
mervail	marvel
mervaile	marvel
mervailous	marvelous
mery	merry
mery-thought	merry-thought
mery-thoughts	merry-thoughts
merye	merry
meryly	merrily
messagers	messengers
messanger	messenger
messangers	messengers
messe	mess
messengere	messenger
messenges	messages
messēger	messenger
messuage	message
mesurable	measurable
mesure	measure
met'st	mettest
metal'd	metalled
metall	metal
metall's	metal's
metalls	metals
metamorphis'd	metamorphized
metamorphiz'd	metamorphized
metamorphos'd	metamorphosed
metamorphosd	metamorphosed
metamorphosde	metamorphosed
metamorphosie	metamorphosy
metamorphosied	metamorphosed
metaphisicall	metapyisical
metaphisicks	metaphysics
metaphore	metaphor
metaphoricall	metaphorical
metaphysicall	metaphysical
metaphysick	metaphysic
metaphysickes	metaphysics
metaphysicks	metaphysics
metellvs	metellus
meter	meeter
methinkes	methinks
methode	method
methodicall	methodical
methodicallie	methodically
metled	mettled
metrapolitane	metropolitan
mett	met
mettal	metal
mettal'd	metalled
mettall	mettle
mettall'd	metalled
mettall's	mettle's
mettall-eaters	mettle-eaters
mettalls	metals
mettals	metals
mettell	mettle
mettl'd	mettled
metvs	metus
metynge	meeting
meuusieur	mewsieur
meuysis	mevysis
meves	moves
mew'd	mewed
mewes	mews
mezel'd	mezeled
mē	men
mēbers	members
mēbring	membring
mēde	mend
mēding	mending
mēnys	mennys
mērry	memory
mēs	men's
mēse	mensae
michaell-tide	michael-tide
michaelmasse	michaelmas
michiefe	mischief
michiefes	mischiefs
mickell	mickle
microcosme	microcosm
mid'st	midst
mid-daie	midday
mid-daies	middays
mid-day	midday
mid-dayes	mid-days
mid-night	midnight
mid-nights	midnights
mid-summer	midsummer
mid-way	midway
mid-wife	midwife
mid-wiues	midwives
mid-wives	midwives
midd'st	midst
midde	mid
middes	mids
middest	midst
middle-ag'd	middle-aged
middle-sex	middlesex
midds	mids
middst	midst
midest	midst
midle	middle
midlemost	middlemost
midling	middling
midnightes	midnights
midriffe	midriff
midriffe-swag	midriff-swag
midsomer	midsummer
midsommer	midsummer
midsommer-eeue	midsommer-eeve
midste	midst
midwifry	midwifery
midwiues	midwives
might'st	mightest
mighte	might
mightely	mightily
mightie	mighty
mightilie	mightily
mightines	mightiness
mightinesse	mightiness
mightst	mightest
mightste	mights
mightye	mighty
migniard	miniard
migrauit	migravit
milde	mild
mildelie	mildly
mildely	mildly
mildenes	mildness
mildenesse	mildness
mildlie	mildly
mildnes	mildness
mildnesse	mildness
mildreds	mildred's
mile-a	mile
militarie	military
milk'd	milked
milk-maid	milkmaid
milk-maides	milkmaids
milk-maids	milkmaids
milk-mayd	milkmaid
milk-sop	milksop
milk-sops	milksops
milk-white	milkwhite
milkd	milked
milke	milk
milke-baths	milk-baths
milke-maid	milkmaid
milke-maide	milkmaid
milke-maides	milkmaids
milke-maids	milkmaids
milke-paile	milkpail
milke-sop	milksop
milke-sops	milksops
milke-street	milk-street
milke-streete	milk-street
milke-white	milkwhite
milkie	milky
milkt	milked
mill-stone	millstone
millainer	milliner
milles	mills
milliō	million
millitary	military
milonivs	milonius
milstones	millstones
miluian	milvian
mimick	mimic
mimicke	mimic
mimickes	mimics
mimique	mimic
min'd	mined
minc'd	minced
minde	mind
minde's	mind's
mindefull	mindful
mindes	minds
mindes-sicknes	minds-sickness
mindfull	mindful
mine'd	mined
mineon	minion
minerall	mineral
mineralles	minerals
mineralls	minerals
minerie	minery
minerua-like	minerva-like
mineruas	minervas
minervaes	minerva's
mineuer	miniver
mineuers	minevers
mingl'd	mingled
miniō	minion
minister'd	ministered
ministerie	ministry
ministery	ministry
ministrat	ministrate
ministred	ministered
ministrie	ministry
ministring	ministering
miniuer	miniver
miniuer-caps	miniver-caps
miniuers	minivers
minnion	minion
minnions	minions
minoritie	minority
minotaure	minotaur
minotavrvs	minotaurus
minsitiue	minsitive
minstrell	minstrel
minstrells	minstrels
minstrills	minstrels
minstrils	minstrels
minut	minute
minuts	minutes
minvtivs	minutius
minxe	minx
minyon	minion
mirrour	mirror
mirroure	mirror
mirrours	mirrors
mirth-full	mirthful
mirthe	mirth
mirthes	mirths
mirthfull	mirthful
mirthlesse	mirthless
mirtle	myrtle
mirtle-groves	myrtle-groves
mirtle-tree	myrtle-tree
mirye	miry
mis	miss
mis'd	mised
mis-become	misbecome
mis-begotten	misbegotten
mis-beleeuing	misbelieving
mis-believers	misbelievers
mis-believing	misbelieving
mis-carry	miscarry
mis-chance	mischance
mis-conceit	misconceit
mis-construction	misconstruction
mis-construe	misconstrue
mis-deed	misdeed
mis-done	misdone
mis-doue	mis-dove
mis-dread	misdread
mis-fortune	misfortune
mis-fortunes	misfortunes
mis-giues	misgives
mis-gotten	misgotten
mis-guiding	misguiding
mis-hap	mishap
mis-inform'd	misinformed
mis-interpret	misinterpret
mis-interpreted	misinterpreted
mis-interpreting	misinterpreting
mis-ken	misken
mis-led	misled
mis-match	mismatch
mis-match'd	mis-matched
mis-plac'd	misplaced
mis-placed	misplaced
mis-prize	misprise
mis-reckon	misreckon
mis-report	misreport
mis-rule	misrule
mis-shapen	misshapen
mis-spent	misspent
mis-take	mistake
mis-taking	mistaking
mis-termed	mistermed
mis-understanding	misunderstanding
mis-us'd	misused
mis-using	misusing
mis-vnderstand	misunderstand
mis-vnderstood	misunderstood
mis-vse	misuse
misaduenture	misadventure
misapplie	misapply
misbecomming	misbecoming
misbehau'd	misbehaved
misbehaue	misbehave
misbehauiour	misbehaviour
misbehauor	misbehavor
misbeleefe	misbelief
misbeleeuing	misbelieving
misbeleevers	misbelievers
misbeliefe	misbelief
misbeléeuing	misbeléeving
misbestowe	misbestow
miscal	miscall
miscal'd	miscalled
miscall'd	miscalled
miscals	miscalls
miscarie	miscarry
miscaried	miscarried
miscarrie	miscarry
miscary	miscarry
miscarying	miscarrying
miscelany	miscellany
mischaunce	mischance
mischaunces	mischances
mischeefe	mischief
mischeefes	mischiefs
mischef	mischief
mischefe	mischief
mischeif	mischief's
mischeife	mischief
mischeife's	mischief's
mischeifes	mischiefs
mischeifs	mischiefs
mischeiuous	mischievous
mischeiuously	mischievous
mischeuous	mischievous
mischevious	mischievous
mischeyfs	mischiefs
mischiefe	mischief
mischiefe's	mischief's
mischiefes	mischiefs
mischieses	mischiefs
mischieues	mischieves
mischieuous	mischievous
mischieuously	mischievously
mischife	mischief
mischifes	mischiefs
mischifs	mischiefs
mischiuous	mischivous
mischéef	mischief
mischéefe	mischief
misconceaued	misconceaved
misconceiue	misconceive
misconceiued	misconceived
misconceyued	misconceived
misconster	misconstrue
misconstru'd	misconstrued
miscōster	misconstrue
miscreantes	miscreants
miscreāt	miscreant
miscry	misery
misdedes	misdeeds
misdeede	misdeed
misdeedes	misdeeds
misdeem'd	misdeemed
misdemeanor	misdemeanour
misdemeanors	misdemeanours
misdoinge	misdoing
misdéed	misdeed
misdéeds	misdeeds
mise	mice
miserablie	miserably
miserie	misery
miserye	misery
miseryes	miseries
misgaue	misgave
misgiue	misgive
misgiues	misgives
misgiueth	misgive
misgiuing	misgiving
misgouerment	misgovernment
misgouerne	misgovern
misgouerned	misgoverned
misgouernement	misgovernment
misgouernment	misgovernment
misgouernmēt	misgovernment
misgovern'd	misgoverned
mishap'd	mishapped
mishape	mishap
mishaped	mishapped
mishapp	mishap
mishappe	mishap
mishappes	mishaps
mishapps	mishaps
mishapt	mishapped
misimploying	misemploying
misinform'd	misinformed
misinforme	misinform
misiudg'd	misjudged
mislaide	mislaid
misleade	mislead
misleades	misleads
mislik'd	misliked
mislik'st	mislikest
mislyked	misliked
mispeake	misspeak
mispend	misspend
misplac'd	misplaced
mispriz'd	misprised
misprize	misprise
miss'd	missed
misse	miss
misse-call'd	miss-called
misse-inform'd	miss-informed
misse-led	miss-led
misse-rule	miss-rule
missehap	mishap
misseth	misses
misshap'd	misshapen
misshape	mishap
missinge	missing
misstake	mistake
mista'en	mistaken
mistak'st	mistakest
miste	mist
misterie	mystery
misteries	mysteries
misterious	mysterious
misteris	ministers
misterme	misterm
mistermes	misterms
mistery	mystery
mistes	mists
mistesses	mistresses
misticall	mystical
mistick	mystic
mistie	misty
mistooke	mistook
mistres	mistress
mistresse	mistress
mistresship	mistress-ship
mistris	mistress
mistris's	mistress's
mistris-ship	mistress-ship
mistriss	mistress
mistrisse	mistress
mistrisses	mistresses
mistruste	mistrust
mistrustfull	mistrustful
mistrustinge	mistrusting
mistrustlesse	mistrustless
misus'd	misused
misusde	misused
misvde	misude
misvse	misuse
misvsing	misusing
miter	mitre
miters	mitres
mittigate	mitigate
mittigated	mitigated
mittigating	mitigating
mittimusses	mittimuses
miue	mive
miuerua	miverua
mivìda	miuìda
mix'd	mixed
mixe	mix
mixt	mixed
mixtured	mixture
mizaldvs	mizaldus
mizen	mizzen
mo	more
moan'd	moaned
moane	moan
moanes	moans
moapyng	moping
moate	moat
moates	moats
moaths	moths
moch	much
moche	much
mock'd	mocked
mock'st	mockest
mock't	mocked
mock-begger	mock-beggar
mock-beggers	mock-beggars
mockd	mocked
mocke	mock
mocke-castle	mock-castle
mockerie	mockery
mockes	mocks
mocketh	mocks
mockst	mockest
mockt	mocked
mockvater	mockwater
mocyon	motion
mocyons	motions
mod'rate	moderate
model'd	modelled
modell	model
modells	models
moder	mother
moderat	moderate
moderne	modern
modernes	moderns
modestee	modesty
modestie	modesty
modestly-behav'd	modestly-behaved
modestye	modesty
modvlo	modulo
moe	more
mohvne	mohune
moile	moil
moiste	moist
moistie	moisty
moistlye	moistly
moistned	moistened
moistning	moistening
moitie	moiety
moity	moiety
mold	mould
moldauia	moldavia
moldauians	moldavians
molde	mould
molded	moulded
moldie	mouldy
molding	moulding
molds	moulds
mole-hill	molehill
mole-hills	molehills
mole-hils	molehills
molehil	molehill
molehils	molehills
molestynge	molesting
molificatiue	molificative
molifie	mollify
mollifi'd	mollified
mollifie	mollify
mollifye	mollify
mollisie	mollify
molton	molten
momblyng	mumbling
momentarie	momentary
momvs	momus
mon'ments	monuments
mon'ths	months
mon-mouth	monmouth
monarchall	monarchal
monarche	monarch
monarches	monarchs
monarchie	monarchy
monarchyes	monarchies
monark	monarch
monark's	monarch's
monarke	monarch
monarkes	monarchs
monarque	monarch
monasterie	monastery
monastick	monastic
monasticke	monastic
monastry	monastery
monck	monk
monckies	monkeys
moncks	monks
mone	moan
monefull	moanful
moneie's	money's
moneies	moneys
moneth	month
moneth's	month's
monethes	months
monethly	monthly
moneths	months
money'd	moneyed
money-bag	moneybag
money-lacke	money-lack
moneye	money
moneyes	moneys
mong'st	amongst
mongrell	mongrel
mongst	amongst
monie	money
monie's	money's
monie-bag	moneybag
monie-monger	money-monger
monied	moneyed
monies	moneys
moniment	monument
moniments	monuments
moning	moaning
monke	monk
monkes	monks
monkeyes	monkeys
monkie	monkey
monkies	monkeys
monky	monkey
monkyes	monkeys
monkysh	monkish
monney	money
monomachie	monomachy
monopolie	monopoly
monopolyes	monopolies
monseuer	monsever
monsievr	monsieur
monsiuer	monsiver
monst'rous	monstrous
monster-like	monsterlike
monster-loue	monster-love
monster-maister	monster-master
monsterous	monstrous
monstred	monstered
monstrouse	monstrous
monstrousnes	monstrousness
monstrousnesse	monstrousness
monstrus	monstruous
monthe	month
monthes	months
montrevle	montreule
monumentall	monumental
monumēt	monument
mony	money
mony's	moneys'
mony-bagge	moneybag
mony-baggs	moneybags
mony-mongers	money-mongers
monye	money
monyed	moneyed
monyes	moneys
monyloue	monylove
moode	mood
moodes	moods
moodie	moody
moon-calf	mooncalf
moon-calues	moon-calves
moon-light	moonlight
moon-shine	moonshine
moone	moon
moone's	moon's
moone-calfe	mooncalf
moone-eyed	moon-eyed
moone-light	moonlight
moone-like	moon-like
moone-shine	moonshine
moone-sicke	moonsick
moone-wort	moonwort
moones	moons
mooneshine	moonshine
moop'd	mooped
moor'd	moored
moor-fields	moorfields
moore	more
moore-ditch	more-ditch
moore-fields	morefields
moores	moors
moorie	moory
moorning	morning
moornyng	morning
moother	mother
mooths	moths
moou'd	moved
moou'st	movest
mooud	moved
mooue	move
mooueab'e	mooveab'e
mooued	moved
moouer	mover
mooues	moves
mooueth	moveth
moouing	moving
moouingly	movingly
moouinglye	moovinglye
moov'd	moved
moove	move
mooved	moved
moover	mover
mooves	moves
mooving	moving
mop-ey'd	mop-eyed
mopishe	mopish
moppe	mop
mopyng	moping
moraine	morain
moralitie	morality
moraliz'd	moralised
moralize	moralise
moralized	moralised
moralizers	moralisers
moralizing	moralising
morall	moral
morallity	morality
moralliz'd	moralised
moralls	morals
morauian	moravian
more-clacke	more-clack
morefull	moreful
moreo'er	moreover
moreouer	moreover
morē	morem
morgadg'd	morgadged
morgag'd	mortgaged
morgage	mortgage
morgaged	mortgaged
morgages	mortgages
morians	morions
morice	morris
morne	morn
mornefull	mournful
mornes	morns
morneuall	mornevall
morning-starre	morningstar
morninge	morning
mornyng	morning
morovv	morrow
morow	morrow
morowe	morrow
morphew'd	morphewed
morrall	moral
morrals	morals
morris-dauncers	morris-dancers
morrovv	morrow
morrowe	morrow
morrowes	morrows
morrowes-time	morrows-time
morrys	morris
morsell	morsel
mort-maine	mortmain
mortal'st	mortalest
mortale	mortal
mortalitie	mortality
mortall	mortal
mortall'st	mortalest
mortallest	mortalest
mortallitie	mortality
mortallities	mortalities
mortallity	mortality
mortalls	mortals
morter	mortar
morter-treader	mortar-treader
mortifi'd	mortified
mortifie	mortify
mortifiyng	mortifiing
mortify'd	mortified
mortifycacyon	mortification
mortifyed	mortified
mortisie	mortify
morvs	morus
mosaicall	mosaical
mosse	moss
mossie	mossy
most-lou'd	most-loved
moste	most
mostrous	monstrous
mot	mote
mother-wit	motherwit
mothes	moths
motion'd	motioned
motiō	motion
motiue	motive
motiue's	motive's
motiues	motives
motley-scorne	motley-scorn
motlie	motly
mou'd	moved
mou'st	movest
mouables	movables
mouching	mounching
moue	move
moue't	move't
moueable	movable
moueables	movables
mouebo	movebo
moued	moved
mouendo	movendo
mouer	mover
mouere	movere
moues	moves
moueth	moves
mought	might
moughte	mought
mouing	moving
mouinges	movings
mouingly	movingly
mouings	movings
moulde	mould
mouldie	mouldy
mouldinesse	moldiness
mouldred	mouldered
mouldring	mouldering
moulten	moulted
mounch	munch
mounseur	mounsieur
mounster	monster
mountaine	mountain
mountaine-goate	mountain-goat
mountaine-growth	mountain-growth
mountaine-like	mountainlike
mountaines	mountains
mountaiue	mountaive
mountanous	mountainous
mountayn	mountain
mountayne	mountain
mountaynes	mountains
mountaynous	mountainous
mountayns	mountains
mounte	mount
mounte-banckes	mount-banks
mounte-banke	mount-bank
mountebanck	mountebank
mountebancke	mountebank
mountebankes	mountebanks
mountes	mounts
mountsurreaue	mountsurreave
mour'd	moured
mourn'd	mourned
mourn'st	mournest
mournd	mourned
mourne	mourn
mournefull	mournful
mournefully	mournfully
mournes	mourns
mournfull	mournful
mourniuall	mournivall
mournst	mournest
mournyng	mourning
mouse-hole	mousehole
mouse-trap	mousetrap
mouse-trappes	mousetraps
mouth'd	mouthed
mouth-full	mouthful
mouthd	mouthed
mouthe	mouth
mouthes	mouths
mouthfull	mouthful
mouthfulls	mouthfuls
moūching	mounching
moūsieur	mounsieur
moūt	mount
moūtains	mountains
moūtaynes	mountains
moūting's	mounting's
mov'd	moved
mov'st	movest
movde	moude
moveables	movables
moveing	moving
movnsievr	mounsieur
movnsievrs	mounsieurs
movnson	mounson
movnteagle	mounteagle
mow'd	mowed
mowe	mow
mowes	mows
mowld	mould
mowne	mown
mownt	mount
mowse	mouse
mowthes	mouths
mowz'd	mowzed
moy	moi
moyetie	moiety
moyety	moiety
moyles	moils
moyling	moiling
moylynge	moiling
moyses	moses
moyst	moist
moysted	moisted
moysten	moisten
moystn'd	moistened
moystned	moistened
moysts	moists
moysture	moisture
moystures	moistures
moytie	moiety
mōbling	mumbling
mōgst	amongst
mōke	monk
mōsters	monsters
mrslouelesse	mrslovelesse
mrsoliuer	mrsoliver
mu'd	mued
much-heapes	much-heaps
much-lou'd	much-loved
much-vsde	much-used
much-wrong'd	much-wronged
muchas	much
muche	much
mucke	muck
mucke-hill	muckhill
mud-walls	mudwalls
mudd	mud
mudde	mud
muddie	muddy
muddie-braynd	muddy-brained
muddye	muddy
muffe	muff
muffeled	muffled
muffes	muffs
muffl'd	muffled
mufick	music
muficke	music
mufl'd	muffled
mufled	muffled
mufties	muftis
mulberie	mulberry
mulberies	mulberries
mulbery	mulberry
muleters	muleteers
muliebritie	muliebrity
mull'd	mulled
multipli'd	multiplied
multiplicitie	multiplicity
multiplie	multiply
multiplie's	multiply's
multiply'd	multiplied
multiplyed	multiplied
multiplyes	multiplies
multyplyed	multiplied
multytude	multitude
mumbl'd	mumbled
mumblyng	mumbling
mumd	mummed
mummerie	mummery
mundificatiue	mundificative
mungrel	mongrel
mungrel'd	mungreled
mungrell	mongrel
mungrells	mungrels
mungril	mongrel
mungrill	mongrel
mungrils	mongrils
municipall	municipal
munke	monk
munkeyes	monkeys
munkeys	monkeys
mur'd	mured
murall	mural
murd'red	murdered
murd'rer	murderer
murd'ring	murdering
murder'd	murdered
murder'st	murderest
murderd	murdered
murderedd	murdered
murderesse	murderess
murdor'd	murdored
murdred	murdered
murdrer	murderer
murdrers	murderers
murdress	murderess
murdring	murdering
murdrous	murderous
murdrynge	murdering
murmour	murmur
murmur'd	murmured
murmur'st	murmurest
murmure	murmur
murmures	murmurs
murmurring	murmuring
murmuryng	murmuring
murnyng	murning
murraine	murrain
murrē	murren
murth'rer	murderer
murther	murder
murther'd	murdered
murther's	murder's
murtherd	murdered
murthered	murdered
murtherer	murderer
murtherers	murderers
murtheresse	murtheress
murtherest	murderest
murthering	murdering
murtherous	murderous
murthers	murders
murtherynge	murdering
murthred	murdered
murthrers	murderers
murthring	murdering
mus-cat	muscat
muscadell	muscadel
muscouia	moscovia
muscouite	muscovite
muscouites	muscovites
muscovits	muscovites
musgraue	musgrave
musgroue	musgrove
musgroues	musgroves
mushrom	mushroom
mushrome	mushroom
mushromes	mushrooms
mushroms	mushrooms
mushroome	mushroom
mushroomes	mushrooms
mushrumpes	mushrooms
musht	mushed
musicall	musical
musicion	musician
musicions	musicians
musick	music
musick's	music's
musick-room	music-room
musicke	music
musicke's	music's
musickes	musics
musicks	music's
musicque	music
musik	music
musik's	music's
musike	music
musikes	musics
musique	music
musitian	musician
musitians	musicians
musition	musician
musitioners	musicianers
musitions	musicians
muskadine	muscadine
muske	musk
musketiers	musketeers
musketteers	musketeers
mussell'd	musselled
mustachoes	moustaches
mustard-seed	mustardseed
muste	must
muster'd	mustered
muster-booke	muster-book
muster-maisters	muster-masters
muster-master	mustermaster
muster-mistris	muster-mistress
musterd	mustered
mustie	musty
mustred	mustered
mustring	mustering
mustye	musty
musycall	musical
musyke	music
mutabilitie	mutability
mutauit	mutavit
mutch	much
mutenies	mutinies
mutenous	mutinous
muteny	mutiny
mutin'd	mutined
mutiners	mutineers
mutinie	mutiny
mutinyes	mutinies
mutterd	muttered
mutterynge	muttering
mutton-lac'd	mutton-laced
mutton-monger	muttonmonger
mutton-munger	muttonmunger
muttring	muttering
mutuall	mutual
mutuallie	mutually
muzed	mused
muzell'd	muzelled
muzled	muzzled
muzzel'd	muzzled
mūb.	mumb.
mūbling	mumbling
mvch	much
mvg	mug
mvgeron	mugeron
mvltaqve	multaqve
mvng	mung
mvngril	mungril
mvsaevs	musaeus
mvsarvm	musarum
mvse	muse
mvses	muses
mvstapha	mustapha
mvt	mut
mvte	mute
mvtilia	mutilia
my'ndeuors	my'ndevors
my'vndoing	my'undoing
my-selfe	myself
mych	much
mychyng	myching
myddes	mids
myddle	middle
mydnyght	midnight
myer	mire
myght	might
myghte	might
myghtest	mightest
myghtie	mighty
myghty	mighty
myghtye	mighty
myht	might
myld	mild
mylde	mild
mylder	milder
myle	mile
myles	miles
mylke	milk
myll	mill
mylle	mill
myller	miller
myllers	millers
mylles	mills
mylstones	millstones
mylytaūt	mylytaunt
myn	mine
mynd	mind
mynde	mind
mynded	minded
myndefull	mindful
myndes	minds
myndfull	mindful
mynding	minding
mynds	minds
myndynge	minding
myne	mine
myne's	mine
mynerals	minerals
mynes	mines
myngle	mingle
myngled	mingled
myngles	mingles
mynglynge	mingling
mynion	minion
mynions	minions
mynister	minister
mynsatiues	mynsatives
mynt	mint
mynyon	minion
mynyō	minion
mynyster	minister
mynysters	ministers
myr'd	mired
myracle	miracle
myracles	miracles
myraculous	miraculous
myraculously	miraculously
myre	mire
myriade	myriad
myrie	miry
myrre	myrrh
myrrhe	myrrh
myrror	mirror
myrrour	mirror
myrth	mirth
myrthe	mirth
myschefe	mischief
myschefes	mischiefs
myscheifs	mischiefs
myscheues	myscheves
myscheuous	mischievous
myscheyfe	mischief
myscheyfs	mischiefs
myschief	mischief
myschiefe	mischief
myschiefes	mischiefs
mysdede	misdeed
mysdoing	misdoing
myselfe	myself
myserable	miserable
myserably	miserably
myserie	misery
myseries	miseries
mysers	misers
mysery	misery
myserye	misery
myseryes	miseries
myshap	mishap
myshappe	mishap
mysse	miss
mysshapen	mishapen
myst	mist
mysterie	mystery
mysterye	mystery
mysteryes	mysteries
mysticall	mystical
mystick	mystic
mysticke	mystic
mystres	mistress
mystresse	mistress
mystrust	mistrust
mystrusted	mistrusted
mysunderstādynge	mysunderstanding
myter	mitre
myxed	mixed
mée	me
méede	meed
méeke	meek
méekely	meekly
méekly	meekly
méere	mere
méet	meet
méete	meet
méeters	meeters
méetes	meets
méetest	meetest
méeting	meeting
méetings	meetings
n'd	ned
n'ere	never
na-ture	nature
nacion	nation
nacions	nations
nacyon	nation
nacyons	nations
nagge	nag
nagges	nags
nags-head	nagshead
nagulū	nagulum
naie	nay
nail'd	nailed
naild	nailed
naile	nail
naile's	nail's
nailes	nails
nak'd	naked
nak't	naked
nakednes	nakedness
nakednesse	nakedness
nam'd	nam
nam'st	namest
namd	named
namd'st	namdest
namde	nam
namelesse	nameless
namelie	namely
naminge	naming
naples-bisket	naples-biscuit
nappe	nap
nappie	nappy
nappinesse	nappiness
narcissvs	narcissus
narow	narrow
narrow-ey'd	narrow-eyed
narrow-mouth'd	narrow-mouthed
narrowe	narrow
narrowlie	narrowly
narrownesse	narrowness
nastie	nasty
nasvtvs	nasutus
nat'rall	natural
nath'lesse	natheless
nationall	national
natiue	native
natiuely	natively
natiues	natives
natiuitie	nativity
natiuitie-pie	nativitie-pie
natiuities	nativities
natiuity	nativity
natiuity-water	nativity-water
nativitie	nativity
natur'd	natured
natur's	natures'
naturale	natural
naturaliz'd	naturalised
naturalized	naturalised
naturall	natural
naturall-loyalty	natural-loyalty
naturallist	naturalist
naturalliz'd	naturalised
naturalls	naturals
naturde	natured
naturiz'd	naturized
natū	natum
natvre	nature
natyue	native
naual	naval
nauall	navall
nauar	navar
nauar's	navar's
nauar.	navar.
nauarr.	navarr.
nauarre	navarre
nauarre.	navarre.
nauars	navars
naue	nave
nauell	navel
naues	naves
naughtes	noughts
naughtie	naughty
naughtinesse	naughtiness
naughts	noughts
naughty-packe	naughty-pack
naui	navi
nauic	navic
nauie	navy
nauies	navies
nauigable	navigable
nauigation	navigation
nauigator	navigator
nauill	navel
nauium	navium
nauy	navy
nauye	navy
nauyes	navyes
nav'le	nau'le
navall	naval
navell	navel
navie	navy
nawn'd	nawned
naye	nay
nayes	nays
nayl	nail
nayl'd	nailed
nayle	nail
nayled	nailed
nayles	nails
nayling	nailing
nayls	nails
nd	and
ne'er	never
ne'er-cloying	never-cloying
ne'er-lust-wearied	never-lust-wearied
ne'er-touched	never-touched
ne'er-yet-beaten	never-yet-beaten
ne'erchanging	never-changing
ne'ere	never
ne'r	never
ne're	never
ne're-erring	never-erring
neale	neal
near'st	nearest
near-carv'd	near-carved
nearchvs	nearchus
neare	near
neare-death	near-death
neare-meete	near-meet
neare-wretched	near-wretched
nearelie	nearly
nearely	nearly
nearenesse	nearness
neares	nears
nearnesse	nearness
neast	nest
neastes	nests
neasts	nests
neat-foote	neat-foot
neat-herd's	neatherd's
neat-herds	neatherds
neate	neat
neately	neatly
neates	neats
neather	nether
neatnesse	neatness
nebour	neighbour
necdū	necdum
nece	niece
necesity	necessity
necessarie	necessary
necessarye	necessary
necessitee	necessity
necessitie	necessity
necessyte	necessity
neck-lace	necklace
neck-laces	necklaces
necke	neck
necke-verse	neck-verse
neckes	necks
neclecting	neglecting
necromancie	necromancy
necromanticall	necromantical
necromanticke	necromantic
necssity	necessity
nede	need
nedefull	needful
nedes	needs
nedeth	needeth
nedie	needy
nedle	needle
nedy	needy
neece	niece
neeces	nieces
need'st	needest
neede	need
needeful	needful
needefull	needful
needefully	needfully
needelesse	needless
needes	needs
needfull	needful
needie	needy
needle-worke	needlework
needlesly	needlessly
needlesse	needless
needleworke	needlework
needmentes	needments
needst	needest
neeed	need
neele	needle
neer	near
neer'st	nearest
neere	near
neere's	near's
neere-wretched	near-wretched
neerely	nearly
neerenes	nearness
neerenesse	nearness
neerer	nearer
neerest	nearest
neerly	nearly
neerness	nearness
neernesse	nearness
neet	neat
negatiue	negative
neglect'st	neglectest
neglecte	neglect's
neglectes	neglects
neglectfull	neglectful
neglectiue	neglective
neglygence	negligence
neglygent	negligent
negotiat	negotiate
negromanticke	necromantic
neice	niece
neigbor	neighbour
neigbour	neighbour
neigh'd	neighed
neigh-bourhood	neighbourhood
neighb'ring	neighbouring
neighbor	neighbour
neighbor-hood	neighbourhood
neighbored	neighboured
neighborhood	neighbourhood
neighboring	neighbouring
neighborly	neighbourly
neighbors	neighbours
neighbour-hood	neighbourhood
neighbour-vertues	neighbour-virtues
neighboure	neighbour
neighboures	neighbours
neighbovrs	neighbours
neighbring	neighbouring
neighes	neighs
neitheir	neither
neoptolemvs	neoptolemus
nephewe	nephew
nephewes	nephews
nephēw	nephew
nephue	nephew
nephues	nephews
neptvne	neptune
neptvnes	neptunes
ner'e	never
nere	never
nere's	never's
nere-deceiuing	never-deceiving
nerely	nearly
nerenesse	nearness
nerer	nearer
neru's	nerve's
nerue	nerve
nerues	nerves
nesl'd	nesled
nesse	ness
nestes	nests
nether-lands	netherlands
netled	nettled
nette	net
nettel'd	netteled
nettes	nets
netts	nets
neu'r	never
neue	neve
neuell	nevell
neuels	nevels
neuer	never
neuer-ceasing	never-ceasing
neuer-cur'd	never-cured
neuer-dying	never-dying
neuer-ending	never-ending
neuer-pleased	never-pleased
neuer-tyred	never-tired
neuer-worne	never-worne
neuere	never
neuerlesse	neverless
neuerlyes	neverlyes
neuermore	nevermore
neuertheles	nevertheless
neuerthelesse	nevertheless
neuerthriues	neverthrives
neuet	nevet
neuew	nephew
neuex	nevex
neuil	nevil
neuile	nevile
neuill	nevill
neuils	nevils
neuola	nevola
neutralitie	neutrality
neutrall	neutral
neuyle	nevyle
nev'r	never
never-enough-admir'd	never-enough-admired
nevertheles	nevertheless
neverthelesse	nevertheless
nevv	new
nevv-married	new-married
nevves	news
nevvly	newly
nevvs	news
new'st	newest
new-border'd	new-bordered
new-born	newborn
new-borne	newborn
new-come	newcome
new-cut	newcut
new-fall'n	new-fallen
new-fangled	newfangled
new-fashion'd	new-fashioned
new-found	newfound
new-fram'd	new-framed
new-gain'd	new-gained
new-gate	newgate
new-hatch'd	new-hatched
new-liuing	new-living
new-open'd	new-opened
new-pil'd	new-piled
new-reuenu'd	new-revenued
new-rig'd	new-riged
new-rigg'd	new-rigged
new-scour'd	new-scoured
new-ta'en	new-taken
new-turn'd	new-turned
new-yeares	newyears
new-years	newyears
new-yeeres	newyears
newe	new
newely	newly
newes	news
newes-louing-beast	newes-loving-beast
newes-master	news-master
newlie	newly
newlye	newly
newnesse	newness
newter	neuter
neyce	niece
neyghbor	neighbour
neyghbour	neighbour
neyghbour-hood	neighbourhood
neyghbours	neighbours
neygheth	neigheth
neyther	neither
nēw	new
nibled	nibbled
nibling	nibbling
nice-stomack'd	nice-stomacked
nicenes	niceness
nicenesse	niceness
nicetie	nicety
nich	niche
nicht	night
nicities	niceties
nick'd	nicked
nick-name	nickname
nick-names	nicknames
nicke	neck
nickes	nicks
nicknam'd	nicknamed
nickt	nicked
nie	nigh
nigard	niggard
nigardise	niggardise
nigardly	niggardly
niger	nigre
niggardize	niggardise
nighe	nigh
night-bird	nightbird
night-blacke	night-black
night-cap	nightcap
night-cappe	nightcap
night-caps	nightcaps
night-cloathes	night-clothes
night-crowes	night-crows
night-ey'd	night-eyed
night-gown	nightgown
night-gownes	night-gowns
night-long	nightlong
night-mare	nightmare
night-pathes	night-paths
night-peece	night-piece
night-peeces	night-pieces
night-rauen	night-raven
night-rauens	night-ravens
night-rayl	night-rail
night-shade	nightshade
night-vaild	night-vailed
night-vvalker	night-walker
night-walke	night-walk
night-walker	nightwalker
night-walking	nightwalking
night-watch	nightwatch
night-weeds	nightweeds
nighte	night
nightes	nights
nightgowne	nightgown
nightingall	nightingale
nightingals	nightingales
nightworke	nightwork
nimb-ler	nimbler
nimblenes	nimbleness
nimblenesse	nimbleness
nimblie	nimbly
nimd	nimmed
nimph	nymph
nimphe	nymph
nimphes	nymph's
nimphs	nymph's
nine-fold	ninefold
nine-pence	ninepence
ninetie	ninety
nineueh	nineveh
niniue	ninive
niniuie	ninivie
niniuiticall	niniviticall
niniuy	ninivy
ninty	ninety
nip'd	nipped
nipp'd	nipped
nippe	nip
nippes	nips
nippyng	nipping
nipt	nipped
nittie	nitty
niues	nives
no'vnchast	no'unchast
no-bodie	nobody
no-bodies	nobodies
no-body	nobody
no-man	noman
no-more	nomore
no-thing	nothing
noates	notes
nobilite	nobility
nobilitie	nobility
nobillitie	nobility
noble-battaile	noble-battle
noble-man	nobleman
noble-mans	nobleman's
noble-men	noblemen
noble-mens	noblemen's
noblely	nobly
noblemans	nobleman's
noblemens	noblemen's
noblenes	nobleness
noblenesse	nobleness
noblie	nobly
nobliervsde	noblierusde
noblmen	noblemen
nobly-vertuous	nobly-virtuous
nobodie	nobody
nobodyes	nobodies
nobylyte	nobility
noceatū	noceatur
nocht	nought
nocke	nock
nocturnall	nocturnal
nodd	nod
nodde	nod
noddie	noddy
noddye	noddy
noddyng	nodding
noeuius	noevius
noght	nought
noice	noise
nointed	anointed
noisē	noisen
noisom	noisome
nomber	number
nombers	numbers
nombred	numbered
nomentanvs	nomentanus
nominacion	nomination
nominatiue	nominative
nominatiuo	nominativo
non-age	nonage
non-entry	nonentry
non-payment	nonpayment
non-plust	nonplussed
non-resident	nonresident
non-sence	nonsense
non-sense	nonsense
non-suited	nonsuited
nones	nonce
nonē	nonem
nonnery	nunnery
nonnes	nuns
noo	no
nooke	nook
nookes	nooks
noon-day	noonday
noone	noon
noone-day	noonday
noone-tide	noontide
noonne	noon
noos'd	noosed
nooz'd	noozed
nor-folk	norfolk
norfolkes	norfolks
norish	nourish
norishing	nourishing
norryshynge	norryshing
north-doore	north-door
north-dore	north-door
north-east	northeast
north-pole	northpole
north-vvard	northward
north-ward	northward
north-west	northwest
north-wind	northwind
north-winde	northwind
northampton-shire	northamptonshire
northe	north
northen	northern
northerlie	northerly
northerne	northern
northren	northern
northwarde	northward
norwaies	norways
norwayes	norways
norysher	nourisher
nos'd	nosed
nosde	nosed
nose-gaies	nosegays
nose-gay	nosegay
nose-gayes	nosegays
nose-gays	nosegays
nose-lesse	noseless
nosegaie	nosegay
nosegayes	nosegays
nosthrills	nostrils
nosthrils	nostrils
nostre-dame	nostredame
nostrells	nostrils
nostrels	nostrils
nostrill	nostril
nostrilles	nostrils
nostrills	nostrils
not'boue	not'bove
not'd	noted
not'st	notest
not-withstanding	notwithstanding
notabl'st	notablest
notarie	notary
notch'd	notched
notcht	notched
note-book	notebook
notelesse	noteless
nother	neither
nothin	nothing
nothinge	nothing
nothinge's	nothing's
nothiug	nothing
nothyng	nothing
nothynge	nothing
notoryus	notorious
nott	not
notthingham-shire	nottinghamshire
nottingham-shire	nottinghamshire
notvnderstand	notunderstand
notvvithstanding	notwithstanding
notvvithstāding	notwithstanding
notwistāding	notwithstanding
notwithstandyng	notwithstanding
notwithstāding	notwithstanding
nou	now
noua	nova
nouall	novall
nouals	novals
nouation	novation
noue	nove
nouel	novel
nouell	novel
nouelles	novelles
nouels	novels
noueltie	novelty
nouelties	novelties
nouelty	novelty
nouember	november
nouen	noven
nouerimt	noverimt
nouerindo	noverindo
nouerint	noverint
noughte	nought
noughtie	naughty
noughty	naughty
noui.	novi.
nouice	novice
nouices	novices
nouilsts	novilsts
nouilties	novilties
nouimus	novimus
nouises	novices
nouisse	novisse
nouissima	novissima
noule	nole
noumbre	number
noune	noun
nouo	novo
nource	nurse
nourceries	nurseries
noure'd	noureed
nourish'd	nourished
nourishd	nourished
nourishe	nourish
nourisht	nourished
nouriture	nourriture
nourse	nurse
noursed	nursed
nousle	nuzzle
nouum	nowm
nouus	nows
nov.	nou.
novell	novel
noveltie	novelty
novv	now
novve	now
now-a-daies	nowadays
now-a-dayes	nowadays
now-a-days	nowadays
now-adayes	nowadays
nowadaies	nowadays
nowadayes	nowadays
nowe	now
nowe's	now's
nowne	noun
nownes	nouns
nows	novus
noyaunce	noyance
noyce	noise
noyes	noise
noynt	anoint
noynted	anointed
noynting	anointing
noys'd	noised
noyse	noise
noysed	noised
noyses	noises
noysom	noisome
noysome	noisome
nō	non
nōbre	nombre
nōne	nonne
nōnes	nuns
nto	unto
nuer	nver
nues	nves
nulli-fidian	nullifidian
nullifie	nullify
nullitie	nullity
nullū	nullum
num'd	numed
numb'd	numbed
numbd	numbed
numbe	numb
number'd	numbered
numberles	numberless
numberlesse	numberless
numbnesse	numbness
numbre	numbered
numbred	numbered
numbring	numbering
numd	numbed
numm'd	numbed
numme	numb
nummed	numbed
numming	numbing
numness	numbness
numnesse	numbness
nums	numbs
nuncions	nuntions
nunckle	nuncle
nunn'd	nunned
nunn'ry	nunnery
nunne	nun
nunnerie	nunnery
nunnes	nuns
nunns	nuns
nuptiale	nuptial
nuptiall	nuptial
nuptialls	nuptials
nurc'd	nursed
nurce	nurse
nurces	nurses
nurished	nourished
nurishing	nourishing
nurs'd	nursed
nurs'ries	nurseries
nursde	nursed
nurse-childe	nurse-child
nurserie	nursery
nursh-a	nurse
nursse	nurse
nurst	nursed
nurtur'd	nurtured
nut-browne	nutbrown
nut-cracker	nutcracker
nut-crackers	nutcrackers
nut-shell	nutshell
nut-shells	nutshells
nutbrowne	nutbrown
nutmegges	nutmegs
nutmeggs	nutmegs
nutrytyue	nutrytyve
nutt	nut
nuttes	nuts
nutts	nuts
nū	num
nūber	number
nvbila	nubila
nvcerinvs	nucerinus
nvlla	nulla
nvmeris	numeris
nvmini	numini
nvnc	nunc
nvncivs	nuncius
nvnquam	nunquam
nvntivs	nuntius
nvper	nuper
ny	nigh
nyce	nice
nye	nigh
nygh	nigh
nyght	night
nyghte	night
nyghtes	nights
nyghts	nights
nymble	nimble
nymphe	nymph
nymphes	nymphs
nynge	ning
nyuen	nyven
néed	need
néede	need
néeded	needed
néedefull	needful
néedelesse	needless
néedes	needs
néedeth	needeth
néedfull	needful
néedie	needy
néeding	needing
néedles	needles
néedlesse	needless
néeds	needs
néedy	needy
néer	near
néere	near
néerely	nearly
néerer	nearer
néerest	nearest
néet	neat
o'	of
o'ciuill	o'civill
o'd	oed
o'er	over
o'er-come	overcome
o'er-flowing	overflowing
o'er-passionate	overpassionate
o'erbear	overbear
o'erbearing	overbearing
o'erbears	overbears
o'erbeat	over-beat
o'erblows	overblows
o'erboard	overboard
o'erborne	overborn
o'ercame	overcame
o'ercast	overcast
o'ercharged	overcharged
o'ercharging	overcharging
o'ercloyed	overcloyed
o'ercome	overcome
o'ercount	overcount
o'ercovered	overcovered
o'ercrows	overcrows
o'erdoing	overdoing
o'erdusted	overdusted
o'erdyed	over-dyed
o'ereaten	over-eaten
o'ereye	over-eye
o'erfed	overfed
o'erflourished	overflourished
o'erflow	overflow
o'erflowed	overflowed
o'erflowing	overflowing
o'erflows	overflows
o'erfraught	overfraught
o'ergalled	overgalled
o'erglanced	overglanced
o'ergone	overgone
o'ergreat	over-great
o'ergreen	overgreen
o'ergrow	overgrow
o'ergrown	overgrown
o'ergrowth	overgrowth
o'erhang	overhang
o'erhanging	overhanging
o'erhasty	overhasty
o'erhear	overhear
o'erheard	overheard
o'erjoyed	overjoyed
o'erlaboured	over-labored
o'erleap	overleap
o'erleaps	overleaps
o'erleavens	overleavens
o'erlook	overlook
o'erlooked	overlooked
o'erlooking	overlooking
o'ermasterest	overmasterest
o'ermatched	overmatched
o'ermount	overmount
o'ernight	overnight
o'ernight's	overnight's
o'erpaid	overpaid
o'erparted	overparted
o'erpast	overpast
o'erpays	overpays
o'erpeer	overpeer
o'erperch	overperch
o'erpicturing	overpicturing
o'erposting	overposting
o'erpowered	overpowered
o'erpress'd	overpressed
o'erpressed	overpressed
o'erprized	overprized
o'errate	overrate
o'erraught	overraught
o'erreach	overreach
o'erreaches	overreaches
o'erreaching	overreaching
o'erread	overread
o'errule	overrule
o'erruled	overruled
o'errules	overrules
o'errun	overrun
o'erruns	overruns
o'erset	overset
o'ershade	overshade
o'ershades	overshades
o'ershine	overshine
o'ershot	overshot
o'ershowered	overshowered
o'ersized	oversized
o'erskip	overskip
o'erslips	overslips
o'ersnowed	oversnowed
o'erspread	overspread
o'erspreads	overspreads
o'erstare	overstare
o'erstep	overstep
o'erstrawed	overstrawed
o'erstunk	overstunk
o'ersway	oversway
o'ersways	oversways
o'erswell	overswell
o'erta'en	overtaken
o'ertake	overtake
o'erteemed	over-teemed
o'erthrow	overthrow
o'erthrown	overthrown
o'erthrows	overthrows
o'ertook	overtake
o'ertop	overtop
o'ertopping	overtopping
o'ertrip	overtrip
o'erturn	overturn
o'ervalues	overvalues
o'erwalk	overwalk
o'erwatched	overwatched
o'erween	overween
o'erweening	overweening
o'erweens	overweens
o'erweigh	overweigh
o'erweighs	overweighs
o'erwhelm	overwhelm
o'erwhelme	overwhelm
o'erwhelmed	overwhelmed
o'erwhelming	overwhelming
o'erworn	overworn
o'erwrested	overwrested
o'her	other
o'r	over
o'rcome	overcome
o're	over
o're-boord	overboard
o're-cast	overcast
o're-charg'd	overcharged
o're-come	overcome
o're-grown	overgrown
o're-growne	overgrown
o're-hear	overhear
o're-heard	overheard
o're-heat	overheat
o're-ioy'd	overjoyed
o're-joyed	overjoyed
o're-layd	overlaid
o're-looke	overlook
o're-match	overmatch
o're-match'd	overmatched
o're-past	overpast
o're-peere	over-peer
o're-prize	overprize
o're-reach	overreach
o're-reach'd	overreached
o're-ruld	overruled
o're-run	overrun
o're-seene	overseen
o're-shadows	overshadows
o're-spread	overspread
o're-take	overtake
o're-thirsty	over-thirsty
o're-throwes	overthrows
o're-toild	overtoiled
o're-turnd	overturned
o're-turne	overturn
o're-turnes	overturns
o're-whelm'd	overwhelmed
o're-whelme	overwhelm
o're-worne	overworn
o'reblown	overblown
o'recome	overcome
o'reflow	overflow
o'reflow'd	overflowed
o'reflowes	overflows
o'reheard	overheard
o'rejoy'd	overjoyed
o'relooks	overlooks
o'remask'd	o'remasked
o'rerun	overrun
o'reshade	overshade
o'respread	overspread
o'resway'd	overswayed
o'retake	overtake
o'retaken	overtaken
o'retakes	overtakes
o'rethrew	overthrew
o'rethrow	overthrow
o'rethrown	overthrown
o'rethrowne	overthrown
o'retook	overtook
o'return'd	overturned
o'rewhelm'd	overwhelmed
o'rewhelme	overwhelm
o'rflow	overflow
o'rsway'd	o'rswayed
o'rthrow	overthrow
o'th'ciuill	o'th'civill
oafe	oaf
oake	oak
oakes	oaks
oare	oar
oares	oars
oate	oat
oatemeale	oatmeal
oates	oats
oathes	oaths
oatmeale	oatmeal
obaid	obeyed
obaies	obeys
obay	obey
obay'd	obeyed
obayd	obeyed
obayde	obeyed
obaye	obey
obayed	obeyed
obayes	obeys
obdur'd	obdured
obedient'st	obedientest
obediēce	obedience
obedyence	obedience
obedyent	obedient
obei'd	obeyed
obeie	obey
obeies	obeys
obeliske	obelisk
obey'd	obeyed
obeyd	obeyed
obeye	obey
obeyed'st	obeyedest
obeyes	obeys
obeysance	obeisance
obeysances	obeisances
obeysaunt	obeisant
obiect	object
obiect's	object's
obiecte	object
obiected	objected
obiectes	objects
obiecting	objecting
obiection	objection
obiections	objections
obiects	objects
obleidg'd	obliged
obleig'd	obliged
obleige	oblige
oblidge	oblige
oblieg'd	obliged
obliege	oblige
oblieged	obliged
obliegement	obligement
oblig'd	obliged
obligatione	obligation
obligd	obliged
obligeth	obliges
obliquitie	obliquity
obliuion	oblivion
obliuionize	oblivionise
obliuions	oblivions
obliuious	oblivious
obloquie	obloquy
oblyuion	oblyvion
obscaene	obscene
obsceane	obscene
obscur'd	obscured
obscurd	obscured
obscurde	obscured
obscurenes	obscureness
obscuritie	obscurity
obsequie	obsequy
obsequiousnesse	obsequiousness
obseru'd	observed
obseru'st	observest
obseruance	observance
obseruances	observances
obseruancie	observancy
obseruant	observant
obseruation	observation
obseruations	observations
obseruaunces	observances
obserud	observed
obserue	observe
obserued	observed
obseruer	observer
obseruers	observers
obserues	observes
obserueth	observeth
obseruing	observing
obseruings	observings
observ	observe
observ'd	observed
observ'st	observest
observ't	obseru't
observd	observed
obsolu'd	obsolued
obsolutely	absolutely
obstinacie	obstinacy
obstinat	obstinate
obstreporous	obstreperous
obtain'd	obtained
obtaind	obtained
obtaine	obtain
obtaines	obtains
obtayn'd	obtained
obtaynd	obtained
obtaynde	obtained
obtayne	obtain
obtayned	obtained
obtayning	obtaining
obtein	obtain
obteine	obtain
obteined	obtained
obteyn'd	obtained
obteyne	obtain
obteyned	obtained
obteyning	obtaining
obuious	obvious
ocasion	occasion
occafion	occasion
occasion'd	occasioned
occasionall	occasional
occasiond	occasioned
occasiō	occasion
occasvstvae	occasustvae
occasyon	occasion
occation	occasion
occham	occam
occupacion	occupation
occupacions	occupations
occupacyon	occupation
occupie	occupy
occupye	occupy
occupyed	ocupied
occurents	occurrents
occurrances	occurrences
occurres	occurs
oceanvs	oceanus
octaua	octava
octauia	octavia
octauiae	octaviae
octauiaes	octaviaes
octauies	octavies
octauio	octavio
octauious	octavious
octauis	octavis
octauius	octavius
octauo	octavo
octauus	octaws
octav.	octau.
octavlas	octaulas
od	odd
od'rous	odorous
odde	odd
oddes	odds
odly	oddly
odor	odour
odoures	odours
oeconomicall	economical
oecumenicall	ecumenical
oedipvs	oedipus
oenanthe	oenanth
oēs	oens
of-spring	offspring
of-springs	ofsprings
ofeuill	ofevill
off'ring	offering
off-spring	offspring
off-springs	offsprings
offall	offal
offauour	offavour
offe	off
offenciue	offencive
offend'st	offendest
offende	offend
offendes	offends
offendors	offenders
offendour	offendor
offendours	offenders
offendyd	offended
offendynge	offending
offense	offence
offenses	offences
offensiue	offencive
offensiuely	offensively
offer'd	offered
offer'st	offerest
offerd	offered
offeringe	offering
offert	offered
offertorie	offertory
offerynges	offerings
offes	offs
offēce	offence
offēces	offences
offēding	offending
offic'd	officed
office-badge	officebadge
officers-at-arms	officer-at-arms
officiall	official
officiouslie	officiously
officiousnes	officiousness
offloue	offlove
offre'd	offered
offred	offered
offredst	offeredst
offreth	offereth
offring	offering
offrings	offerings
offryng	offering
offscumme	offscum
offyce	office
offycer	officer
offycers	officers
offyces	offices
ofloue	oflove
oflouers	oflovers
ofspring	offspring
ofspryng	offspring
ofsprynge	offspring
oft-times	ofttimes
ofte	oft
often-times	oftentimes
oftent	often
oftentation	ostentation
oftentymes	oftentimes
oftetimes	oftentimes
oftē	often
oftētimes	oftentimes
ofthaue	ofthave
ofthe	of
oftner	oftener
oftnest	oftenest
oftyme	oftime
oftymes	oftimes
ofvs	ofus
oh	o
oil'd	oiled
oild	oiled
oile	oil
oiles	oils
oister	oyster
oister-shells	oyster-shells
oister-wiues	oyster-wives
oisters	oysters
oke	oak
oken	oaken
oken-leaues	oken-leaves
oker	ochre
old-ca	oldca
old-castle	oldcastle
old-fashion'd	old-fashioned
olde	old
oldnesse	oldness
oleositie	oleosity
oliuares	olivares
oliue	olive
oliue-branches	olive-branches
oliue-colourd	olive-coloured
oliuer	oliver
oliuer.	oliver.
oliues	olives
oliv.	oliu.
olye	only
olympick	olympic
olympicke	olympic
olympicks	olympics
olyue	olive
olyuer	olyver
oman	woman
omenous	ominous
ominious	ominous
omiting	omitting
omitt'st	omittest
omitte	omit
omnipotente	omnipotent
omniū	omnium
on'vs	on'us
on-set	onset
on-sets	onsets
on-slaught	onslaught
onaticvs	onaticus
once-form'd	once-formed
ond	and
one-ey'd	one-eyed
onelie	only
onelie's	only's
onely	only
onely-knowing	only-knowing
onelye	only
oner	over
onēly	onenly
onley	only
onlie	only
onlye	only
ony	only
onyon	onion
onyons	onions
ooue	oove
op	open
op'd	opened
op'ned	oped
op'ning	opening
op'st	opest
opall	opal
open'd	opened
open-handed	openhanded
opend	opened
opende	opened
openinge	opening
openlie	openly
openlye	openly
opennesse	openness
openyng	opening
operacyon	operation
operatiō	operation
operatour	operator
opertunity	opportunity
opethe	opeth
opē	open
opēly	openly
opēs	opens
opiats	opiates
opilations	oppilations
opinion'd	opinioned
opinione	opinion
opiniō	opinion
opinnion	opinion
opinon	opinion
opīly	opinly
opned	opened
oportunitie	opportunity
oportunities	opportunities
oportunity	opportunity
oposition	opposition
oppen	open
oppens	opens
opperation	operation
oppertunity	opportunity
oppinion	opinion
oppinions	opinions
opportunelie	opportunely
opportunitie	opportunity
opportunitye	opportunity
opportvnitie	opportunitie
oppos'd	opposed
oppos'de	opposed
opposd	opposed
opposde	opposed
opposit	opposite
opposits	opposites
oppres	oppress
oppres'd	oppressed
oppress'd	oppressed
oppresse	oppress
oppressors	oppressors'
oppressour	oppressor
oppressyon	oppression
opprest	oppressed
oppreste	oppressed
oppugne	oppugn
opress'd	oppressed
oprest	oppressed
opsivs	opsius
optauitque	optavitque
optayne	obtain
optick	optic
opticke	optic
opticks	optics
optique	optic
or'e	over
or'ecome	overcome
or'ejoy'd	or'ejoyed
oracion	oration
oraisons	orisons
oratione	oration
oratorie	oratory
oratour	orator
oratours	orators
orāge	orange
orb'd	orbed
orbe	orb
orbes	orbs
orchardes	orchards
ord'naries	ordinaries
ord'nary	ordinary
ordain'd	ordained
ordaind	ordained
ordaine	ordain
ordaines	ordains
ordayn'd	ordained
ordaynd	ordained
ordaynde	ordained
ordayne	ordain
ordayned	ordained
ordaynes	ordains
ordeind	ordained
ordeine	ordain
ordeined	ordained
ordenance	ordnance
order'd	ordered
orderd	ordered
orderlesse	orderless
orderlie	orderly
ordeynd	ordained
ordeynde	ordained
ordeyne	ordain
ordeyned	ordained
ordeyning	ordaining
ordinarie	ordinary
ordinarye	ordinary
ordinaryly	ordinarily
ordinaunce	ordinance
ordonance	ordonnance
ordred	ordered
ordring	ordering
ordynance	ordnance
ordynarie	ordinary
ordynaunce	ordinance
ordynaūce	ordinance
ordynaūces	ordinances
ore'throwne	overthrown
ore-ballanc'd	overbalanced
ore-blowne	overblown
ore-burden'd	overburdened
ore-char'd	over-chared
ore-charg'd	overcharged
ore-charge	overcharge
ore-come	overcome
ore-daring	over-daring
ore-done	overdone
ore-flow	overflow
ore-flowe	overflow
ore-flowes	overflows
ore-flowing	overflowing
ore-gon	overgone
ore-growne	overgrown
ore-hanging	overhanging
ore-hastie	overhasty
ore-heare	overhear
ore-hil'd	ore-hiled
ore-ioy'd	overjoyed
ore-laden	overladen
ore-laue	over-lave
ore-lays	over-lays
ore-lime	over-lime
ore-looke	overlook
ore-match'd	overmatched
ore-night	overnight
ore-past	overpast
ore-reach	overreach
ore-reckon'd	over-reckoned
ore-rosted	over-roasted
ore-rule	over-rule
ore-rules	overrules
ore-runne	overrun
ore-slept	overslept
ore-slow	overslow
ore-spread	overspread
ore-spred	overspread
ore-stucke	over-stuck
ore-swell	overswell
ore-swell'd	over-swelled
ore-ta'ne	overtaken
ore-take	overtake
ore-taken	overtaken
ore-tenus	oretenus
ore-threw	overthrew
ore-throw	overthrow
ore-thrown	overthrown
ore-throwne	overthrown
ore-topt	overtopped
ore-troden	over-trodden
ore-turn'd	overturned
ore-turnd	overturned
ore-turne	overturn
ore-turnes	overturns
ore-wearied	overwearied
ore-weening	overweening
ore-whelme	overwhelm
ore-whelmed	overwhelmed
ore-wrought	overwrought
orecharge	overcharge
orecome	overcome
orecomes	overcomes
oregone	overwent
orenge	orange
orenges	oranges
orerun	overrun
ores	oars
oreseene	overseen
orespread	overspread
oreste	orest
oresway	oversway
orethrow	overthrow
orethrowes	overthrows
orethrown	overthrown
orewhelm'd	overwhelmed
orewhelming	overwhelming
organe	organ
organes	organs
orgilvs	orgilus
orientall	oriental
originall	original
originalls	originals
oringe	orange
orizons	orisons
ork	Ȝork
ornamentes	ornaments
ornamēts	ornaments
orphane	orphan
orphanes	orphans
orphants	orphans
orphevs	orpheus
orrenges	oranges
orthographie	orthography
ortographie	orthography
ortvs	ortus
orygynall	original
orynge	orange
oscure	obscure
oscured	obscured
ospraie	osprey
ostage	hostage
ostaua	ostava
oten	oaten
otes	oats
oth	oath
othe	oath
other-gates	othergate
other-waies	otherways
othergates	othergate
othervvhipped	otherwhipped
othervvise	otherwise
otherwaies	otherways
otherwayes	otherways
otherwhyle	otherwhile
otherwyse	otherwise
othes	oaths
othoman	ottoman
othovv	othow
oths	oaths
oua	ova
ouart	ovart
ouations	ovations
oue	ove
ouely	only
ouem	ovem
ouen	oven
ouen-mouth	oven-mouth
ouer	over
ouer'take	over'take
ouer-act	overact
ouer-against	over-against
ouer-amorous	over-amorous
ouer-bars	over-bars
ouer-beare	overbear
ouer-bending	over-bending
ouer-blest	over-blest
ouer-blow	overblow
ouer-blowe	overblow
ouer-blowne	overblown
ouer-board	overboard
ouer-boldnesse	overboldness
ouer-bright	overbright
ouer-came	overcame
ouer-cast	overcast
ouer-charg'd	overcharged
ouer-charge	overcharge
ouer-charged	overcharged
ouer-cheated	over-cheated
ouer-cloud	overcloud
ouer-cloyde	over-cloyde
ouer-come	overcome
ouer-comes	overcomes
ouer-commend	over-commend
ouer-curious	overcurious
ouer-curiously	overcuriously
ouer-daring	over-daring
ouer-desperate	over-desperate
ouer-diligent	over-diligent
ouer-doing	overdoing
ouer-doo	overdo
ouer-eied	over-eyed
ouer-englishing	over-englishing
ouer-familiar	over-familiar
ouer-fearing	over-fearing
ouer-fills	overfills
ouer-flow	overflow
ouer-flowde	over-flowde
ouer-flowing	overflowing
ouer-fluxe	overflux
ouer-fond	overfond
ouer-forward	overforward
ouer-glad	overglad
ouer-glorious	over-glorious
ouer-goes	overgos
ouer-gone	overwent
ouer-greedily	overgreedy
ouer-grieu'd	over-grieved
ouer-growne	overgrown
ouer-hard	overhard
ouer-hardned	over-hardened
ouer-hastie	overhasty
ouer-hautie	over-haughty
ouer-head	overhead
ouer-heard	overheard
ouer-heare	overhear
ouer-hearing	overhearing
ouer-heate	overheat
ouer-hie	over-hie
ouer-ioy'd	overjoyed
ouer-ioyd	overjoyed
ouer-ioyed	overjoyed
ouer-iumpe	over-jump
ouer-kind	overkind
ouer-labourde	over-labourde
ouer-laide	overlaid
ouer-late	overlate
ouer-layd	overlaid
ouer-leauen'd	over-leavened
ouer-liu'd	overlived
ouer-liue	overlive
ouer-loden	overladen
ouer-long	overlong
ouer-look't	overlooked
ouer-looke	overlook
ouer-lookes	overlooks
ouer-loue	overlove
ouer-madding	over-madding
ouer-match	overmatch
ouer-matcht	overmatched
ouer-mour'd	over-moured
ouer-negligent	over-negligent
ouer-nice	overnice
ouer-night	overnight
ouer-partiall	over-partial
ouer-past	overpast
ouer-peare	over-pear
ouer-peer	over-peer
ouer-peere	over-peer
ouer-peeres	over-peers
ouer-proude	overproud
ouer-reach	overreach
ouer-reach'd	overreached
ouer-reached	overreached
ouer-reaches	overreaches
ouer-reachest	over-reachest
ouer-reaching	overreaching
ouer-reacht	overreached
ouer-read	overread
ouer-reuerent	over-reverent
ouer-ripned	over-ripned
ouer-rod	over-rod
ouer-rul'd	overruled
ouer-ruld	overruled
ouer-rulde	overruled
ouer-rule	overrule
ouer-rules	overrules
ouer-run	overrun
ouer-runne	overrun
ouer-runnes	overruns
ouer-sad	oversad
ouer-satisfie's	over-satisfy's
ouer-see	oversee
ouer-seer	overseer
ouer-seers	overseers
ouer-shadow	overshadow
ouer-shadowed	overshadowed
ouer-shine	overshine
ouer-shoot	overshoot
ouer-shot	overshot
ouer-sight	oversight
ouer-sleepe	oversleep
ouer-slip	overslip
ouer-slipt	overslipped
ouer-sociable	over-sociable
ouer-spread	overspread
ouer-spred	overspread
ouer-strayning	overstraining
ouer-stronge	overstrong
ouer-studious	overstudious
ouer-sway'd	overswayed
ouer-swayes	oversways
ouer-swels	over-swells
ouer-take	overtake
ouer-take's	overtake's
ouer-taken	overtaken
ouer-tane	overtaken
ouer-tedious	overtedious
ouer-threaten	over-threaten
ouer-throw	overthrow
ouer-throwe	overthrow
ouer-throwes	overthrows
ouer-throwne	overthrown
ouer-tooke	overtook
ouer-top	overtop
ouer-topping	overtopping
ouer-true	over-true
ouer-tumble	over-tumble
ouer-turne	overturn
ouer-turnes	overturns
ouer-valuing	overvaluing
ouer-vehement	overvehement
ouer-viewes	overview
ouer-watched	overwatched
ouer-watchfull	over-watchful
ouer-wayes	over-ways
ouer-weake	over-weak
ouer-wearied	overwearied
ouer-weene	overween
ouer-weening	overweening
ouer-whelm'd	overwhelmed
ouer-whelme	overwhelm
ouer-wise	overwise
ouer-worne	overworn
ouer-yeare	over-year
ouer-zealous	overzealous
oueragaynste	overagaynste
ouerbarring	overbarring
ouerbeare	overbear
ouerbidden	overbidden
ouerblow	overblow
ouerblowne	overblown
ouerboord	overboard
ouerboorde	overboorde
ouerborne	overborne
ouercame	overcame
ouercarefulnes	overcarefulnes
ouercast	overcast
ouercaste	overcaste
ouerchange	overchange
ouercharg'd	overcharged
ouerchargd	overchargd
ouercharge	overcharge
ouercloud	overcloud
ouercloy	overcloy
ouercloying	overcloying
ouercom	overcome
ouercomd	overcomed
ouercome	overcome
ouercomes	overcomes
ouercometh	overcometh
ouercommeth	overcometh
ouercouet	overcovet
ouercrow	overcrow
ouercurious	overcurious
ouerdare	overdare
ouerdaring	over-daring
ouerdoe	overdo
ouerdoing	overdoing
ouerdowe	overdowe
ouerdrencht	overdrencht
ouerdrown'd	overdrowned
ouerem	overem
ouerfedd	overfedd
ouerfill'd	overfilled
ouerflow	overflow
ouerflow'd	overflowed
ouerflowe	overflow
ouerflowen	overflown
ouerflowes	overflows
ouerfloweth	overfloweth
ouerflowing	overflowing
ouerflowne	overflown
ouerflying	overflying
ouerfull	overfull
ouergoes	overgos
ouergone	overwent
ouergreat	overgreat
ouergrowe	overgrow
ouergrowen	overgrown
ouergroweth	overgroweth
ouergrown	overgrown
ouergrowne	overgrown
ouerhale	overhale
ouerhangs	overhangs
ouerhastie	overhasty
ouerhasty	overhasty
ouerheard	overheard
ouerheare	overhear
ouerheares	overheares
ouerhearing	overhearing
ouerhelde	overhelde
ouerhides	overhides
ouerioied	overioied
ouerioy	overioy
ouerioyd	overioyd
ouerioyed	overjoyed
ouerioyes	overioyes
ouerlade	overlade
ouerlading	overlading
ouerlaid	overlaid
ouerlasting	overlasting
ouerlay	overlay
ouerlayd	overlaid
ouerlie	overly
ouerlight	overlight
ouerliue	overlive
ouerliues	overlive
ouerlode	overlode
ouerlong	overlong
ouerlooke	overlook
ouerlookers	overlookers
ouerlookes	overlooks
ouerlye	overly
ouermacht	overmacht
ouermaistred	overmaistred
ouermastered	overmastered
ouermatching	overmatching
ouerme	overme
ouermuch	overmuch
ouernaturall	overnaturall
ouernight	overnight
ouerparted	overparted
ouerpas	overpass
ouerpasse	overpass
ouerpast	overpast
ouerpeerd	overpeerd
ouerpeeres	overpeeres
ouerpeering	overpeering
ouerpiere	overpiere
ouerpining	overpining
ouerplus	overplus
ouerprest	overprest
ouerpreste	overpreste
ouerprize	overprize
ouerqueld	overqueld
ouerquell	overquell
ouerquelmed	overquelmed
ouerraging	overraging
ouerrcach	overrcach
ouerreach	overreach
ouerreached	overreached
ouerreacht	overreached
ouerreash	overreash
ouerretche	overretche
ouerron	overron
ouerronne	overrun
ouerrule	overrule
ouerrules	overrules
ouerrun	overrun
ouerrunne	overrun
ouerrunnes	overrunnes
ouersallye	oversallye
ouerse	overse
ouersearch	oversearch
ouersee	oversee
ouerseene	overseen
ouerseer	overseer
ouerseers	overseers
ouershades	overshades
ouershadowed	overshadowed
ouershadowing	overshadowing
ouershed	overshed
ouershoot	overshoot
ouershoote	overshoot
ouershooting	overshooting
ouershot	overshot
ouershotte	overshot
ouersight	oversight
ouersightes	oversights
ouersights	oversights
ouerslipped	overslipped
ouersoone	oversoon
ouerspeaking	overspeaking
ouerspread	overspread
ouerspred	overspread
ouerspreed	overspreed
ouersqueamish	oversqueamish
ouerstretched	overstretched
ouerstrong	overstrong
ouersway	oversway
ouersway'd	overswayed
ouerswelling	overswelling
ouersyght	oversyght
ouersée	oversee
ouerséene	overseen
ouertake	overtake
ouertaken	overtaken
ouertakes	overtakes
ouertaking	overtaking
ouerth	overth
ouerthow	overthow
ouerthowen	overthowen
ouerthrew	overthrew
ouerthrewe	overthrew
ouerthrow	overthrow
ouerthrowe	overthrow
ouerthrowen	overthrown
ouerthrowes	overthrows
ouerthroweth	overthroweth
ouerthrowing	overthrowing
ouerthrown	overthrown
ouerthrowne	overthrown
ouerthrows	overthrows
ouerthrowyng	overthrowing
ouerthwart	overthwart
ouerthwarts	overthwarts
ouertooke	overtook
ouertumbled	overtumbled
ouerture	overture
ouerturn'd	overturned
ouerturnd	overturnd
ouerturne	overturn
ouerturne'em	overturne'em
ouerturned	overturned
ouerturneth	overturneth
ouerturning	overturning
ouertwhartes	overtwhartes
ouerualue	overualue
ouerview	overview
ouerwatch	overwatch
ouerway	overway
ouerwayes	overwayes
ouerweake	overweake
ouerweene	overween
ouerweeneth	overweeneth
ouerweening	overweening
ouerwhelm'd	overwhelmed
ouerwhelm't	overwhelm't
ouerwhelmd	overwhelmed
ouerwhelmde	overwhelmde
ouerwhelme	overwhelm
ouerwhelmed	overwhelmed
ouerwhelmes	overwhelms
ouerwhelmeth	overwhelmeth
ouerwhelms	overwhelms
ouerwise	overwise
ouerworne	overworn
ouetroon	ovetroon
ought'st	oughtest
oughte	ought
oughts	ought
oughtst	oughtest
ougly	ugly
ouidian	ovidian
ouis	ovis
ould	old
oulde	old
ouo	ovo
ouorum	ovorum
oure	our
oures	ours
ourselfe	ourself
ourselues	ourselves
ourvvrathe	ourwrathe
out-act	outact
out-ballance	outbalance
out-bid	outbid
out-boast	outboast
out-borne	outborn
out-brau'd	outbraved
out-braue	outbrave
out-braued	outbraved
out-brave	outbrave
out-cast	outcast
out-crie	outcry
out-cries	outcries
out-cry	outcry
out-cryes	outcries
out-crys	outcries
out-dar'd	outdared
out-dare	outdare
out-did	outdid
out-do	outdo
out-doe	outdo
out-does	outdoes
out-done	outdone
out-dung'd	out-dunged
out-fac'd	outfaced
out-face	outface
out-faces	outfaces
out-facing	outfacing
out-flowing	outflowing
out-fly	outfly
out-flye	outfly
out-gaze	outgaze
out-go	outgo
out-goe	outgo
out-goes	outgoes
out-going	outgoing
out-gon	outgone
out-gone	outgone
out-grow	outgrow
out-house	outhouse
out-houses	outhouses
out-landish	outlandish
out-last	outlast
out-lasts	outlasts
out-law	outlaw
out-law'd	outlawed
out-lawes	outlaws
out-laws	outlaws
out-leaps	outleaps
out-lets	outlets
out-liu'd	outlived
out-liud	outlived
out-liue	outlive
out-liv'd	outlived
out-live	outlive
out-lived	outlived
out-lives	outlives
out-looke	outlook
out-loue	out-love
out-lying	outlying
out-pace	outpace
out-rag'd	outraged
out-rage	outrage
out-rages	outrages
out-ragious	outrageous
out-ran	outran
out-reach	outreach
out-reach'd	outreached
out-reache	outreach
out-reaches	outreaches
out-revel'd	out-reveled
out-ride	outride
out-rides	outrides
out-right	outright
out-riuald	out-rivald
out-rival'd	out-rivaled
out-run	outrun
out-runne	outrun
out-runs	outruns
out-sauours	out-savours
out-see	outsee
out-shin'd	outshined
out-shine	outshine
out-shines	outshines
out-shining	outshining
out-shootes	outshoots
out-shot	outshot
out-side	outside
out-side's	outside's
out-sides	outsides
out-sin	outsin
out-sit	outsit
out-speake	outspeak
out-staid	outstaid
out-stand	outstand
out-stare	outstare
out-stinke	outstink
out-stretch'd	outstretched
out-strip	outstrip
out-strips	outstrips
out-stript	outstripped
out-sweare	outswear
out-value	outvalue
out-vie	outvie
out-vies	outvies
out-vpont	out-upont
out-vy	outvie
out-vy'd	outvied
out-wall	outwall
out-ward	outward
out-watch	outwatch
out-way	outway
out-weare	outwear
out-weighed	outweighed
out-weighes	outweighs
out-weighing	outweighing
out-weighs	outweighs
out-went	outwent
out-witted	outwitted
out-worke	outwork
out-worne	outworn
out-wrought	outwrought
outborne	outborn
outbragged	outbrag
outbrau'd	outbraved
outbraue	outbrave
outcrie	outcry
outcrie's	outcry's
outcryes	outcries
outdoe	outdo
oute	out
outfac'd	outfaced
outflowe	outflow
outgoe	outgo
outgrowne	outgrown
outlandishe	outlandish
outlawe	outlaw
outlawes	outlaws
outlādish	outlandish
outliu'd	outlived
outliue	outlive
outliv'd	outlived
outlooke	outlook
outlustres	outlustre
outlyue	outlyve
outprav'd	outpraved
outragies	outrages
outragious	outrageous
outragiously	outrageously
outragyng	outraging
outragyous	outrageous
outreach'd	outreached
outronne	outrun
outrunnes	outruns
outrushyng	outrushing
outstretch'd	outstretched
outstrip'd	ped
outstripp'd	outstripped
outstrippe	outstrip
outstript	outstripped
outvvarde	outward
outwai'd	outweighed
outwaies	outways
outwarde	outward
outwardely	outwardly
outwardlye	outwardly
outwatcht	outwatched
outweare	outwear
outworke	outwork
outworkes	outworks
outworne	outworn
ovall	oval
over-act	overact
over-board	overboard
over-burthened	overburdened
over-busie	overbusy
over-busy	overbusy
over-cast	overcast
over-charg'd	overcharged
over-charged	overcharged
over-clowded	overclouded
over-come	overcome
over-coming	overcoming
over-cunning	overcunning
over-curious	overcurious
over-do	overdo
over-doe	overdo
over-done	overdone
over-doo	overdo
over-eating	overeating
over-fearful	overfearful
over-fill	overfill
over-fill'd	overfilled
over-flowing	overflowing
over-flown	overflown
over-fond	overfond
over-gorg'd	overgorged
over-grown	overgrown
over-hastie	overhasty
over-hasty	overhasty
over-hear	overhear
over-heard	overheard
over-heare	overhear
over-hearing	overhearing
over-hears	overhears
over-heat	overheat
over-heated	overheated
over-joy	overjoy
over-joy'd	overjoyed
over-living	overliving
over-looke	overlook
over-looks	overlooks
over-much	overmuch
over-passe	overpass
over-power	overpower
over-powr'd	overpowered
over-quick	overquick
over-rack'd	over-racked
over-ran	overran
over-rated	overrated
over-reach	overreach
over-reach'd	overreached
over-reached	overreached
over-read	overread
over-ridden	overriden
over-rule	overrule
over-ruling	overruling
over-run	overrun
over-sawcie	over-saucy
over-say	oversay
over-sell	oversell
over-sight	oversight
over-studious	overstudious
over-swelling	overswelling
over-take	overtake
over-throwne	overthrown
over-travell'd	over-travelled
over-turns	overturns
over-viewes	overview
over-watching	overwatching
over-weening	overweening
over-wise	overwise
over-worne	overworn
overburden'd	overburdened
overbvry	overbury
overcloy'd	overcloyed
overcom	overcome
overcool	over-cool
overdaring	over-daring
overdoe	overdo
overearnest	over-earnest
overflowes	overflows
overgreedy	over-greedy
overgrowne	overgrown
overhappy	over-happy
overheard'st	overheardest
overheare	overhear
overpartial	over-partial
overpay'd	overpaid
overred	over-red
overrul'd	overruled
overrunne	overrun
overseene	overseen
overswaid	overswayed
oversway'd	overswayed
overta'en	overtaken
overtak'st	overtakest
overthrowe	overthrow
overthrowes	overthrows
overthrowne	overthrown
overtooke	overtook
overturn'd	overturned
overwatch'd	overwatched
overweathered	overweather
overweigh'd	overweighed
overwhelme	overwhelm
ovris	ouris
ovrus	ourus
ovt	out
ovt-stript	outstripped
ovtis	outis
ovv	owe
ovvn	own
ovvne	own
ow	owe
ow'd	owed
ow'st	owest
owe'd	oweed
owe-much	owemuch
owers	oars
owght	ought
owle	owl
owle-light	owl-light
owles	owls
own'd	owned
ownce	ounce
owne	own
owne's	own's
ownes	owns
ownē	ownen
owt	out
owy	oui
ox-head	oxhead
oxe	ox
oxe-head	oxhead
oxe-hide	oxhide
oyl	oil
oyl'd	oiled
oyl'd-masks	oiled-masks
oyl-tongu'd	oyl-tongued
oyld	oiled
oyle	oil
oyle-tongu'd	oyle-tongued
oyled	oiled
oyles	oils
oylie	oily
oyls	oils
oyly	oily
oylye	oily
oyntment	ointment
oyntmentes	ointments
oyntments	ointments
oyster-boate	oyster-boat
oyster-bote	oyster-boat
oyster-pyes	oyster-pies
oyster-wife	oysterwife
ō	on
ōly	only
ōur	onur
ōwne	onwne
p-ioin'd	p-joined
pabble	babble
pabylon	babylon
pac'd	paced
pac't	paced
pacience	patience
pacient	patient
paciently	patiently
pacifi'd	pacified
pacifie	pacify
pacify'd	pacified
pack'd	packed
pack't	packed
pack-horse	packhorse
pack-saddle	packsaddle
pack-thred	packthread
pack-threed	packthread
packe	pack
packes	packs
packetted	packeted
packt	packed
packthred	packthread
packyng	packing
pacyence	patience
pacyent	patient
paddockes	paddocks
padle	paddle
padling	paddling
padlocke	padlock
paenitence	penitence
paenitent	penitent
paenitentiall	penitential
pag'd	paged
pagane	pagan
paganes	pagans
paganisme	paganism
pagasvs	pagasus
pageantrie	pageantry
pageaunt	pageant
pagent	pageant
pagent-bearer	pageant-bearer
pagentry	pageantry
pai'd	paid
paide	paid
paie	pay
paied	paid
paiement	payment
paies	pays
paiest	payest
paile	pail
pailes	pails
paiment	payment
paiments	payments
pain'd	pained
paind	pained
paine	pain
paine's	pain's
pained'st	painedest
paineful	painful
painefull	painful
paines	pains
painfull	painful
painfull'st	painfullest
pains-taking	painstaking
painte	paint
painted-staffe	painted-staff
painter-stainer	painterstainer
paintes	paints
pair'd	paired
paire	pair
paires	pairs
pais'd	paised
paist	payest
paiz'd	paized
pajock	peacock
pal'd	paled
palace-rattes	palace-rats
palaice	palace
palat	palate
palats	palates
palays	palace
pale-fac'd	pale-faced
pale-face	paleface
pale-hew'd	pale-hewed
pale-lookes	pale-looks
palenes	paleness
palenesse	paleness
palfries	palfreys
palgraue	palgrave
palizadoes	palisades
pallace	palace
pallaces	palaces
pallat	palate
pallate	palate
pallates	palates
pallatine	palatine
pallats	palates
pallāce	palace
pallizadoes	palisades
palm'd	palmed
palme	palm
palmes	palms
palmestrie	palmistry
palmestry	palmistry
palpablie	palpably
palsegraue	palsegrave
palsey	palsy
palsey-strucke	palsey-struck
palsgraue	palsgrave
palsgraues	palsgraves
palsie	palsy
paltrie	paltry
pamper'd	pampered
pamperd	pampered
pampred	pampered
pampring	pampering
pan'd	paned
panch	paunch
panches	paunches
pancie	pancy
pandarisme	pandarism
pander'd	pandered
pandor	pander
pandora	pandoura
pane	panem
pange	pang
panges	pangs
pangue	pang
pangues	pangs
panick	panic
panne	pan
pannes	pans
pannick	panic
pantalabvs	pantalabus
pantaloone	pantaloon
pantilivs	pantilius
pantofles	pantoffles
pantolabvs	pantolabus
pantophles	pantofle
pantyng	panting
papacie	papacy
papacye	papacy
papauer	papaver
paper-mill	papermill
papistes	papists
papistrie	papistry
pappe	pap
pappes	paps
papps	paps
papyriuori	papyrivori
papystes	papists
par'd	pared
parac'd	paraced
paracelsvs	paracelsus
paracide	parricide
paracides	parricides
paradice	paradise
paradis'd	paradised
paradize	paradise
paradized	paradise
paradoxe	paradox
paradoxicall	paradoxical
paradoxicallie	paradoxically
paraduenture	peradventure
paradyse	paradise
paralel	parallel
paraleld	parallelled
paralell	parallel
paralell'd	parallelled
paralelld	parallelled
paralells	parallels
paralels	parallels
parallel'd	parallelled
paralleld	parallelled
parallell	parallel
parallell'd	parallelled
parallells	parallels
paramore	paramour
paramoure	paramour
paramowre	paramour
paraphase	paraphrase
parasite-slaue	parasite-slave
parasiticall	parasitical
parasits	parasites
parauenture	paraventure
parboil'd	parboiled
parboild	parboiled
parboile	parboil
parboyl'd	parboiled
parboyld	parboiled
parboyle	parboil
parbrakyng	parbraking
parbreake	parbreak
parcell	parcel
parcell-guiltie	parcel-guilty
parcelled	parceled
parcelles	parcels
parcells	parcels
parch'd	parched
parchement	parchment
parchmēt	parchment
parcht	parched
parchyng	parching
parciall	partial
parcimonious	parsimonious
pardon'd	pardoned
pardond	pardoned
pardone	pardon
pardones	pardons
pardoune	pardon
pardō	pardon
parent-like	parentlike
parentes	parents
parēts	parents
parfect	perfect
paricide	parricide
paricides	parricides
parishe	parish
park-ward	parkward
parke	park
parke-gate	park-gate
parkes	parks
parlament	parliament
parleamente	parleament
parlee'd	parleeed
parlement	parliament
parliance	parlance
parlie'd	parlieed
parlied	parleyed
parlor	parlour
parly	parley
parly'd	parlyed
parlyament	parliament
parlying	parleying
parnassvs	parnassus
paroxisme	paroxysm
parracide	parricide
parracides	parricides
parragon	paragon
parralell	parallel
parrallel	parallel
parrapets	parapets
parrets	parrots
parrish	parish
parrotts	parrots
parsenips	parsnips
parseuer	parsever
parsimonie	parsimony
parsly	parsely
part'st	partest
part-frayes	part-frays
part-takers	partakers
partched	parched
partchment	parchment
partcular	particular
parte	part
partely	partly
partener	partner
parteners	partners
partes	parts
parteth	parts
parti-coloured	particoloured
parti-coulour'd	particoloured
partialitie	partiality
partiall	partial
partiallie	partially
partiallitie	partiality
participat	participate
particularize	particularise
particuler	particular
particulerly	particularly
particulers	particulars
particvlar	particular
partie	party
partizans	partisans
partlie	partly
partlye	partly
partrich	partridge
partriche	partridge
partriches	partridges
partrige	partridge
partst	partest
parttakers	partakers
partte	part
party-baud	party-bawd
party-colour'd	party-coloured
partye	party
partyes	parties
parv.	paru.
parynge	paring
paryshe	parish
pas'd	passed
pasde	paced
pase	pace
pash'd	pashed
pashe	pash
pashful	bashful
pasht	pashed
pasion	passion
pasport	passport
pass'd	passed
pass-ports	passports
passadges	passages
passd	passed
passe	pass
passe-port	passport
passe-time	pass-time
passe-times	pass-times
passeouer	passover
passeport	passport
passeth	passes
passinglie	passingly
passionat	passionate
passionatelie	passionately
passionatly	passionately
passiō	passion
passiōs	passion
passiue	passive
passiuely	passively
passons	passions
passouer	passover
passt	passed
passyng	passing
passynge	passing
passyon	passion
past-boord	pasteboard
paste-boord	pasteboard
pasternes	pasterns
pastie	pasty
pastorall	pastoral
pastoralls	pastorals
pastores	pastors
pastour	pastor
pastours	pastors
pastrie	pastry
pastyme	pastime
pastymes	pastimes
patch'd	patched
patch't	patched
patch-pannell	patch-panel
patcht	patched
pater-nosters	paternosters
patern	pattern
paternall	paternal
paterne	pattern
paternes	patterns
path-lesse	pathless
path-way	pathway
pathe	path
pathes	paths
patheticall	pathetical
patheticallie	pathetically
pathetique	pathetic
pathick	pathic
pathlesse	pathless
patiece	patience
patienc	patience
patient'st	patientest
patientst	patientest
patiēce	patience
patiēt	patient
patines	patens
patiūtur	patiuntur
patriarkes	patriarchs
patrimonie	patrimony
patrimonyes	patrimonies
patritian	patrician
patrone	patron
patrones	patroness
patronesse	patroness
patronize	patronise
patrō	patron
patryarkes	patriarchs
patt	pat
pattent	patent
pattents	patents
pattern'd	patterned
patterne	pattern
patternes	patterns
pattle	battle
pattring	pattering
pau'd	paved
pau'es	pav's
paue	pave
paued	paved
pauement	pavement
pauements	pavements
pauia	pavia
pauidum	pavidum
pauidus	pavidus
pauie	pavie
pauier	paviour
pauileon	pavileon
pauilion	pavilion
pauilions	pavilions
pauillion	pavilion
pauillions	pavilions
pauin	pavin
pauion	pavion
paules-steple	paul's-steeple
pauls-steeple	paul's-steeple
paultrie	paltry
paultry	paltry
paun'd	paned
paunche	paunch
paunder	pander
paune	panem
paus'd	paused
pausde	paused
pauy	pavy
pauy's	pavy's
pauyer	pavyer
pauyne	pavyne
paūch	paunch
pav'd	paved
pavl	paul
pavles	paules
pavlina	paulina
pavlo	paulo
pavls	pauls
pavvnes	pawns
pavvse	pause
pavvze	pawze
pawe	paw
pawes	paws
pawn'd	pawned
pawnd	pawned
pawne	pawn
pawnes	pawns
pawse	pause
pawses	pauses
paxe	pax
pay'd	paid
pay'st	payest
pay-day	payday
pay-maister	paymaster
pay-master	paymaster
payd	paid
payde	paid
paye	pay
payed	paid
payes	pays
payle	pail
paymēt	payment
paynd	pained
payne	pain
payned	pained
paynefull	painful
paynes	pains
paynful	painful
paynfull	painful
payning	paining
payns	pains
paynt	paint
paynte	paint
paynted	painted
paynter	painter
paynters	painters
paynting	painting
payre	pair
payred	paired
payres	pairs
payring	pairing
pādars	panders
pāderd	pandered
pāges	pangs
pe	poe
peables	pebbles
peace-a	peace
peace-full	peaceful
peace-maker	peacemaker
peace-meale	peace-meal
peace-now-moues-to	peace-now-moves-to
peaceablie	peaceably
peaceablye	peaceably
peacefull	peaceful
peaciuely	peacively
peacocke	peacock
peacockes	peacocks
peacoks	peacocks
peale	peal
peales	peals
pearc'd	pierced
pearc't	pierced
pearce	pierce
pearced	pierced
pearch	perch
pearch'd	parched
pearched	parched
pearches	perches
pearching	perching
pearcht	perched
pearcing	piercing
pearcyng	piercing
peard	beard
peare	pear
peare-tree	peartree
pearelesse	peerless
peares	pears
pearle	pearl
pearle-colour	pearl-colour
pearle-drops	pearl-drops
pearles	pearls
pearlesse	peerless
pearsed	pierced
pearst	pierced
peartly	partly
peasaunt	peasant
pease	peas
pease-field	peas-field
pease-porridge	peas-porridge
pease-straw	peas-straw
peasts	pests
peasure	pleasure
peate	peat
peaten	beaten
peates	peats
peble	pebble
peble-stones	pebble-stones
peccaui	peccavi
pece	piece
peceable	peaceable
peces	pieces
peceyue	peceyve
peckd	pecked
pecke	peck
peckynge	pecking
pecock	peacock
peculiarizing	peculiarising
peculier	peculiar
peculierly	peculiarly
pecvnia	pecunia
pedanticall	pedantical
pedanticke	pedantic
pedantique	pedantic
pedegree	pedigree
pedegrees	pedigrees
pedestall	pedestal
pedler	pedlar
pedler's	pedlar's
pedler-woman	pedlar-woman
pedlers	pedlars
peds	beds
peec'd	pieced
peec't	pieced
peece	piece
peece-meale	piecemeal
peecemeale	piecemeal
peecemeales	piecemeals
peeces	pieces
peeke	peek
peel'd	peeled
peeld	peeled
peele	peel
peep'd	peeped
peepe	peep
peepes	peeps
peeple	people
peept	peeped
peer'd	peered
peere	peer
peere-lesse	peerless
peereles	peerless
peerelesse	peerless
peeres	peers
peerles	peerless
peerlesse	peerless
peesel	pistol
peeuish	peevish
peeuishly	peevishly
peeuishnes	peevishness
peeuishnesse	peevishness
peevishnes	peevishness
peevishnesse	peevishness
pefauore	pefavore
peformance	performance
pefum'd	pefumed
pegge	peg
peice	piece
peiced	pieced
peices	pieces
peir'st	peirest
peirc'd	pierced
peirc't	pierced
peirce	pierce
peirced	pierced
peircing	piercing
peize	peise
pelfe	pelf
pell-mell	pellmell
pellican	pelican
pellitorie	pellitory
pen'd	penned
pen'orths	pennyworth
penall	penal
penaltie	penalty
penaunce	penance
pencill	pencil
pencilled	penciled
pencion	pension
penetential	penitential
penetentiall	penitential
penie	penny
penie-worths	pennyworths
penitencie	penitency
penitentiall	penitential
peniworth	pennyworth
peniworths	pennyworth
penn'd	penned
pennance	penance
pennaunce	penance
penne	pen
pennes	pens
pennie	penny
pennie-bench	penny-bench
pennilesse	penniless
pennilesse-bench	penniless-bench
penniworth	pennyworth
penniworths	pennyworth
pennurie	penury
pennurious	penurious
penny-royall	pennyroyal
penny-worth	pennyworth
penny-worths	pennyworths
pennylesse	pennyless
penons	pennons
penshvrst	penshurst
pensife	pensive
pensil'd	pensile
pensiled	pensile
pensill	pencil
pensills	pencils
pensiue	pensive
pensiuely	pensively
pensiuenes	pensiveness
pensiuenesse	pensiveness
pensyue	pensyve
pent-house	penthouse
pent-houses	penthouses
pention	pension
pentioner	pensioner
pentioners	pensioners
penurie	penury
penurye	penury
peny	penny
peny-club	penny-club
peny-worth	pennyworth
peny-worths	pennyworths
penye	penny
penyworth	pennyworth
penyworths	pennyworths
pepe	peep
peper'd	pepered
pepper'd	peppered
pepper-corne	peppercorn
per'lous	perilous
per-son	person
peraduenture	peradventure
peraduētur	peraduentur
peraduēture	peradventure
perboil'd	perboiled
perce	pierce
perceaue	perceive
perceaued	perceived
perceauyng	perceiving
perceav'd	perceived
perceave	perceive
perced	pierced
perceiu'd	perceived
perceiu'st	perceivest
perceiud	perceived
perceiue	perceive
perceiued	perceived
perceiues	perceives
perceiuest	perceivest
perceiuing	perceiving
perceiuyng	perceiving
perceiv'd	perceived
perceiv'st	perceivest
perceiv't	perceiu't
perceivd	perceived
perceiy'd	perceiyed
perceue	perceive
perceyu'd	perceived
perceyue	perceive
perceyued	perceived
perceyuing	perceiving
perceyuynge	perceiving
perchaunce	perchance
perchaūce	perchance
perchāce	perchance
percht	perched
percicucions	percicutions
percieue	perceive
percieve	perceive
percing	piercing
perdie	perdy
perdye	predy
pere	peer
peregrinatiō	peregrination
perelesse	peerless
perelous	perilous
peremptorie	peremptory
peremtorie	peremptory
peres	peers
perfeccyon	perfection
perfect'st	perfectest
perfecte	perfect
perfectiō	perfection
perfectlie	perfectly
perfectnesse	perfectness
perfectst	perfectest
perfidiousnesse	perfidiousness
perfit	perfect
perfite	perfect
perfitly	perfectly
perfits	perfects
perform'd	performed
performaunce	performance
performd	performed
performde	performed
performe	perform
performes	performs
perfourm'd	performed
perfourme	perform
perfourmed	performed
perfourming	performing
perfum'd	perfumed
perfumd	perfumed
perfumd-people	perfumed-people
perfumde	perfumed
perfvmed	perfumed
perfvmer	perfumer
perfyght	perfect
perfyte	perfect
perhap	perhaps
perhapes	perhaps
perhappes	perhaps
perhapps	perhaps
perigrination	peregrination
perill	peril
perilles	perils
perillous	perilous
perills	perils
periode	perjod
periodical	perjodical
periodicall	perjodical
peripateticall	peripatetical
peripatetick	peripatetic
perish'd	perished
perish't	perished
perishe	perish
perisheth	perishes
perisht	perished
periur'd	perjured
periur'd-damnable-vngracious-defiler	periur'd-damnable-ungracious-defiler
periurd	perjured
periure	perjure
periured	perjured
periurie	perjury
periuries	perjuries
periurious	perjurious
periuriously	perjuriously
periury	perjury
periurye	perjury
perivries	perjuries
periwigge	periwig
periwiggs	periwigs
periwinckle	periwinkle
perjur'd	perjured
perjurd	perjured
perjurie	perjury
perl's	pearl's
perle	pearl
perles	pearls
perlous	perilous
permitt	permit
permitte	permit
permyt	permit
pernitious	pernicious
perogative	prerogative
perogatives	prerogatives
peroratione	peroration
perpar'd	perpared
perpended	prepended
perpetuall	perpetual
perpetuallye	perpetually
perpetuitie	perpetuity
perplex'd	perplexed
perplex't	perplexed
perplexe	perplex
perplexitie	perplexity
perplext	perplexed
perril	peril
perrill	peril
perrillous	perilous
perrilous	perilous
perrils	perils
perrish	perish
perriwig	periwig
perriwigs	periwigs
persant	perceant
perse	prese
persecutionē	persecutionem
persequutions	persecutions
perseuer	persever
perseuerance	perseverance
perseueraunce	perseverance
perseuerde	perseverde
perseuere	persevere
perseuered	persevered
persever'd	persevered
persew	pursue
persidious	perfidious
persiste	persist
persit	perfect
persivs	persius
perso	person
personall	personal
personat'st	personatest
persone	person
persones	persons
persō	person
persōally	personally
persōs	persons
perspectiue	perspective
perspectiues	perspectives
perspicacie	perspicacy
perspicuitie	perspicuity
perst	pierced
persu'd	pursued
persu'st	persuest
persuation	persuasion
persude	pursued
persue	pursue
persued	pursued
persues	pursues
persuing	pursuing
persuinge	pursuing
persuit	pursuit
persum'd	presumed
persume	presume
persumes	perfumes
persumption	presumption
persvvade	persuade
perswad	persuade
perswad'st	persuadest
perswade	persuade
perswade's	persuade's
perswaded	persuaded
perswader	persuader
perswaders	persuaders
perswades	persuades
perswadest	persuadest
perswadeth	persuadeth
perswading	persuading
perswadinge	persuading
perswadynge	persuading
perswasion	persuasion
perswasion's	persuasion's
perswasions	persuasions
perswasiō	persuasion
perswasiue	persuasive
perswasive	persuasive
perswations	persuasions
pertaine	pertain
pertaines	pertains
pertak	partake
pertake	partake
pertaker	partaker
pertakers	partakers
pertakes	partakes
pertaking	partaking
pertayne	pertain
pertaynes	pertains
perte	pert
perteines	pertains
perteineth	pertaineth
perteyne	pertain
perticular	particular
perticularly	particularly
perticuler	particular
perticulers	particulars
pertook	partook
pertooke	partook
perturb'd	perturbed
perturbe	perturb
peru'st	peruest
peruart	pervert
peruerse	perverse
peruersenesse	perverseness
peruersly	perversely
peruersnesse	perverseness
peruert	pervert
peruerted	perverted
peruerting	perverting
peruerts	perverts
perus'd	perused
perusall	perusal
perusde	perused
perusinge	perusing
perusyng	perusing
perversnes	perverseness
pervsall	perusal
pervse	peruse
peryll	peril
perylles	perils
peryls	perils
perysh	perish
peryshe	perish
perysht	perished
peryvvigs	perywigs
pesant	peasant
pesant-like	peasant-like
pesantrie	peasantry
pesants	peasants
pescod	peascod
pescods	peascods
peseech	beseech
pester'd	pestered
pesterred	pestered
pestil	pestle
pestilente	pestilent
pestilentiall	pestilential
pestlence	pestilence
pestred	pestered
pestryng	pestering
pestylence	pestilence
pestylent	pestilent
peswasions	persuasions
petasvs	petasus
peti-coat	petticoat
peti-coats	petticoats
peticion	petition
peticioners	petitioners
peticions	petitions
peticoat	petticoat
peticoates	petticoats
peticoats	petticoats
peticote	petticoat
peticotes	petticoats
petigree	pedigree
petition'd	petitioned
petitionarie	petitionary
petitiō	petition
petreivs	petreius
petronivs	petronius
petter	better
petti-coat	petticoat
petti-coate	petticoat
petti-coates	petticoats
petti-coats	petticoats
petticoate	petticoat
petticoate-lane	petticoat-lane
petticoates	petticoats
petticote	petticoat
petticotes	petticoats
petticots	petticoats
pettie	petty
petty-coat	pettycoat
petty-coats	petticoats
petty-fogging	pettifogging
pettycoats	petticoats
petulancie	petulancy
petulāce	petulance
pety	petty
pety-coats	petty-coats
petycion	petition
peui.	pevi.
peuish	peevish
peuishe	pevishe
peuysh	peevish
peuyshe	pevyshe
pevvter	pewter
pew-fellow	pewfellow
pewfellowes	pewfellows
pewling	puling
peyne	pain
peynted	painted
pezants	peasants
pezzants	peasants
pēbrook	pembrook
pēnes	pens
phancies	fancies
phancy	fancy
phancy's	fancy's
phansie	fancy
phansies	fancies
phansy	fancy
phant'si'd	phant'sied
phant'sie	phantasy
phant'sies	fantasies
phantasie	fantasy
phantasies	fantasies
phantasmes	phantasms
phantastic	fantastic
phantastical	fantastical
phantasticall	fantastical
phantasticall's	fantastical's
phantastically	fantastically
phantastick	fantastic
phantasticke	fantastic
phantastique	fantastic
phantome	phantom
phantsie	fancy
pharaoes	pharao's
pharise	pharisee
pharises	pharisees
pharoes	pharo's
pharysaycall	pharisaical
pharyse	pharisee
pharysees	pharisees
pheezar	caesar
phesant	pheasant
phesants	pheasants
phi-si-ti-an	physician
phibbus'	phœbus'
philadelphvs	philadelphus
philargyrvs	philargyrus
philavtia	philautia
philavtvs	philautus
phillip'd	philliped
philocleas	philoclea's
philomvsvs	philomusus
philosarchvs	philosarchus
philosophicall	philosophical
philosophie	philosophy
philosophyed	philosophied
philotimvs	philotimus
phisicall	physical
phisician	physician
phisicians	physicians
phisiciās	physicians
phisicion	physician
phisick	physic
phisick-bils	physic-bills
phisicke	physic
phisickes	physics
phisike	physic
phisiognomy	physiognomy
phisique	physic
phisitian	physician
phisitians	physicians
phisition	physician
phisitions	physicians
phlebotomize	phlebotomise
phlegmaticall	phlegmatical
phlegmatick	phlegmatic
phlegmaticke	phlegmatic
phlegmatique	phlegmatic
phlegme	phlegm
phocion	photion
phocions	photions
phoebus	phœbus
phoebus'	phœbus'
phoebvs	phoebus
phoenix-like	phoenixlike
phoenixes	phoenixs
phraise	phrase
phraises	phrases
phraze	phrase
phrazes	phrases
phrenetique	frenetic
phrensie	frenzy
phrensies	frenzies
phrensy	frenzy
phrentick	frantic
phrenticke	frantic
phrenzie	frenzy
phrenzy	frenzy
phronimvs	phronimus
phthisick	phthisic
phvlas	phulas
phvlotimvs	phulotimus
phvt	phut
phylavtvs	phylautus
phylocalvs	phylocalus
phylomvsvs	phylomusus
phylosarchvs	phylosarchus
phylosarcvs	phylosarcus
phylosopher	philosopher
phylosophers	philosophers
phylosophie	philosophy
phylosophy	philosophy
phylosophye	philosophy
phylotimvs	phylotimus
physicall	physical
physicion	physician
physicions	physicians
physick	physic
physicke	physic
physicks	physics
physike	physic
physitian	physician
physitian's	physician's
physitians	physicians
physition	physician
physitions	physicians
physnomy	physiognomy
pibal'd	pibaled
pibble-stones	pebble-stones
pible	bible
pick'd	picked
pick'st	pickest
pick't	picked
pick-axe	pickaxe
pick-lock	picklock
pick-locke	picklock
pick-lockes	picklocks
pick-locks	picklocks
pick-pocket	pickpocket
pick-purse	pickpurse
pick-thanks	pickthanks
pick-tooth	picktooth
pickaxe	pickax
pickd	picked
picke	pick
picke-pocket	pickpocket
pickell'd	pickelled
pickerell	pickerel
pickes	picks
pickl'd	pickled
pickl'd-herrings	pickled-herrings
picklocke	picklock
picklockes	picklocks
pickst	pickest
pickt	picked
pickt-hatch	pickthatch
pickthanke	pickthank
pictur'd	pictured
pictur's	picture's
picturd	pictured
picturde	pictured
pictvre	picture
picty	piety
pid	bid
pidgeons	pigeons
pidgions	pigeons
pidling	piddling
pie-corner	piecorner
pie-crust	piecrust
piec'd	pieced
piec't	pieced
piece-meale	piecemeal
piecemeale	piecemeal
pierc'd	pierced
pierc't	pierced
pierceing	piercing
pieres	peers
piers'd	pierced
pierse	pierce
piersing	piercing
piersiue	piersive
pierst	pierced
pietee	piety
pietie	piety
pietye	piety
pieuish	peevish
pieuishe	pievishe
pievish	peevish
pig-brain'd	pig-brained
pigge	pig
pigges	pigs
piggs	pigs
pigions	pigeons
pigmalions	pygmalions
pigmie	pigmy
pignoribvs	pignoribus
pigsnie	pigsney
pigstie	pigsty
pike-man	pikeman
pike-staff	pikestaff
pike-staffe	pikestaff
pike-staues	pike-staves
pikestaffe	pikestaff
pil'd	piled
pild	piled
pilfring	pilfering
pilgrime	pilgrim
pilgrimes	pilgrimss
pilgrimize	pilgrimise
pill'd	peeled
pilladge	pillage
pillag'd	pillaged
pilld	piled
piller	pillar
pillers	pillars
pilles	pills
pillorie	pillory
pillors	pillars
pillowe	pillow
pillowes	pillows
pilote	pilot
pils	pills
pimpe	pimp
pimpes	pimps
pin'd	pined
pinace	pinnace
pinacle	pinnacle
pinacles	pinnacles
pinc'd	pinced
pinch'd	pinched
pinch-back	pinchback
pinche	pinch
pincht	pinched
pinchyng	pinching
pinck	pink
pinckes	pinks
pincks	pinks
pinckt	pinked
pind	pined
pindarvs	pindarus
pine-kernells	pine-kernels
pine-tree	pinetree
pineons	pinions
pinfolde	pinfold
pinion'd	pinioned
pink'd	pinked
pinke	pink
pinkes	pinks
pinkie	pinky
pinkt	pinked
pinn'd	pinned
pinnarivs	pinnarius
pinnas	pinnace
pinnasse	pinnace
pinne	pin
pinnes	pins
pinnesse	pinnace
pinnion	pinion
pinniond	pinioned
pinse	pinch
pint-pot	pintpot
pinte	pint
pintes	pints
pioner	pioneer
pioners	pioneers
pip'd	piped
pipyng	piping
piramid	pyramid's
piramids	pyramids
pirat	pirate
pirats	pirates
pirots	pirates
pis-pots	pisspots
pispot	pisspot
piss'd	pissed
piss-pot	pisspot
pisse	piss
pisse-breech	piss-breech
pistole	pistol
pistoled	pistolled
pistoling	pistolling
pistoll	pistol
pistolles	pistols
pit-fall	pitfall
pit-hole	pithole
pitch'd	pitched
pitch-forke	pitchfork
pitch-forkes	pitchforks
pitche	pitch
pitchforke	pitchfork
pitchie	pitchy
pitcht	pitched
piteouse	piteous
piteouslye	piteously
pitfal	pitfall
pitfals	pitfalls
pithe	pith
pithely	pithily
pithie	pithy
piti'd	pitied
piticion	pitition
pitie	pity
pitied'st	pitiedest
pitiefull	pitiful
pitiefvl	pitieful
pitifull	pitiful
pitilesse	pitiless
pitious	piteous
pitiously	piteous
pitt	pit
pittaunce	pittance
pitte	pit
pitteous	piteous
pitteously	piteously
pittes	pits
pitti'd	pitied
pittie	pity
pittie's	pity's
pittie's-sake	pity's-sake
pittie-mouing	pity-moving
pittie-wanting	pity-wanting
pittie-ward	pity-ward
pittied	pitied
pitties	pities
pittiest	pitiest
pittieth	pitieth
pittiful	pitiful
pittiful-learned	pitiful-learned
pittifull	pitiful
pittifull-learned	pitiful-learned
pittifullest	pitifullest
pittifully	pitifully
pittiles	pitiless
pittiless	pitiless
pittilesse	pitiless
pittious	piteous
pitts	pits
pitty	pity
pitty's	pity's
pittye	pity
pittyed	pitied
pittyfull	pitiful
pittyfully	pitifully
pittying	pitying
pity'd	pitied
pityed	pitied
pityful	pitiful
pityfull	pitiful
pityless	pitiless
pla'st	placed
plac'd	placed
plac'st	placest
plac't	placed
placd	placed
placde	placed
place't	placed
placeing	placing
placethe	placeth
plack'd	placked
placst	placest
plaest	placed
plage	plague
plaged	plagued
plages	plagues
plaging	plaguing
plagu'd	plagued
plagud	plagued
plagude	plagued
plaguie	plaguy
plaguilie	plaguily
plai	play
plai'd	played
plai'st	playest
plaid	played
plaid'st	plaidest
plaide	played
plaie	play
plaied	played
plaieng	playing
plaier	player
plaiers	players
plaies	plays
plaieth	playeth
plain'd	plained
plaine	plain
plaine-dealers	plain-dealers
plaine-dealing	plain-dealing
plaine-song	plainsong
plaine-sufficient	plain-sufficient
plainelie	plainly
plainely	plainly
plainenesse	plainness
plaines	plains
plainess	plainness
plainesse	plainness
plainlie	plainly
plainnes	plainness
plainnesse	plainness
plainte	plaint
plaintes	plaints
plaintife	plaintiff
plaintiffe	plaintiff
plaintiffes	plaintiffs
plaintiue	plaintive
plaister	plaster
plaistering	plastering
plaisters	plasters
plancke	plank
plancks	planks
planet-strooke	planet-struck
planet-strucke	planet-struck
planetes	planets
planetts	planets
planke	plank
plankes	planks
plannet	planet
plannets	planets
plante	plant
plantes	plants
plantife	plaintiff
plasphemyng	plaspheming
plasshe	plash
plast	placed
plaste	placed
plaster'd	plastered
plastique	plastic
plat-form	platform
plate-fleete	plate-fleet
platforme	platform
platformes	platforms
platonicks	platonics
plaug'd	plagued
plausiue	plausive
plavtia	plautia
plavtvs	plautus
play'd	played
play'st	playest
play-bookes	playbooks
play-books	playbooks
play-boyes	play-boys
play-day	playday
play-fellow	playfellow
play-fellowes	play-fellows
play-maker	playmaker
play-making	playmaking
play-time	playtime
playd	played
playde	played
playe	play
playenge	playing
playes	plays
playn	plain
playne	plain
playnely	plainly
playner	plainer
playnes	plains
playnest	plainest
playng	playing
playnlie	plainly
playnly	plainly
playnlye	plainly
playnsong	plainsong
playnt	plaint
playntes	plaints
playnts	plaints
playsaunce	plaisance
playster	plaster
playsters	plasters
plātedst	plantedst
plāts	plants
pleade	plead
pleades	pleads
pleadge	pledge
pleadges	pledges
pleaes	pleas
pleas	pleasant
pleas'd	pleased
pleasant'st	pleasantest
pleasante	pleasant
pleasantlie	pleasantly
pleasantnes	pleasantness
pleasantnesse	pleasantness
pleasantst	pleasantest
pleasaunt	pleasant
pleasaunte	pleasant
pleasauntlye	pleasantly
pleasaūt	pleasant
pleasāt	pleasant
pleasd	pleased
pleasde	pleased
pleasing'st	pleasingest
pleasur	pleasure
pleasur'd	pleasured
pleasur's	pleasure's
pleasurē	pleasure
pleasurs	pleasures
pleasvre	pleasure
pleasynge	pleasing
pleate	pleat
pledg	pledge
pledg'd	pledged
pledgd	pledged
plegmatick	phlegmatic
pleights	plights
plente	plenty
plenteouse	plenteous
plenteousnesse	plenteousness
plentie	plenty
plentifull	plentiful
plentious	plenteous
plentye	plenty
plentyfull	plentiful
plesant	pleasant
plesaunt	pleasant
plesaūt	pleasant
plese	please
pleshe	plash
pless	bless
plessed	blessed
plessing	blessing
plesure	pleasure
plesures	pleasures
pletie	plenty
pleurisie	pleurisy
plexavre	plexaure
plie	ply
plightes	plights
plinies	pliny's
plondge	plunge
plong'd	plunged
plonge	plunge
plonged	plunged
plonging	plunging
plood	blood
ploodhounds	bloodhounds
ploody	bloody
plot-forme	plot-form
plott	plot
plotte	plot
plouer	plover
plouer's	plover's
plouers	plovers
plough'd	ploughed
plough'st	ploughest
plough-land	ploughland
plough-man	ploughman
plough-men	ploughman
plough-share	ploughshare
plough-shares	ploughshares
plough-swaine	plough-swain
plough-swaines	plough-swains
plough-swaynes	plough-swains
ploughes	ploughs
plow	blow
plow'd	ploughed
plow-jogging	plough-jogging
plow-man	ploughman
plow-shares	ploughshares
plowd	ploughed
plowe	plough
plowed	ploughed
plowes	ploughs
plowing	ploughing
plowman	ploughman
plowmans	ploughman's
plowmen	ploughmen
plu	plum
pluc'd	pluced
pluck'd	plucked
pluck'st	pluckest
plucke	pluck
pluckes	plucks
pluckt	plucked
pluckte	plucked
plue	blue
plum'd	plumed
plum-tree	plumtree
plumbe	plumb
plumbes	plumbs
plumd	plummed
plumme	plum
plummes	plums
plumms	plums
plumpe	plump
plumpt	plumped
plumynge	pluming
plund'd	plunded
plunder'd	plundered
plundge	plunge
plung'd	plunged
plungd	plunged
plungyng	plunging
pluralitie	plurality
plurall	plural
plurisie	pleurisy
plurisy	pleurisy
plutoniz'd	plutonized
plūging	plunging
plvtarch	plutarch
plvtarchs	plutarchs
plvtarchus	plutarchus
plvto	pluto
plvto's	pluto's
plvtoes	plutoes
plvtvs	plutus
ply'd	plied
ply'st	plyest
plyable	pliable
plyant	pliant
plye	ply
plyed	plied
plyes	plies
plyght	plight
po'ish'd	po'ished
poacht	poached
poaked	poked
poaking	poking
poaring	poring
poast	post
poaste	post
poasted	posted
poastes	posts
poasteth	posteth
poasting	posting
poasts	posts
pocke-hole	pock-hole
pockes	pocks
pocket-pistoll	pocket-pistol
pockett	pocket
pockette	pocket
pocketted	pocketed
pocketting	pocketing
pockie	pocky
pody	body
poeme	poem
poemes	poems
poenance	penance
poesie	poesy
poesie's	poesy's
poete	poet
poeticall	poetical
poetick	poetic
poeticke	poetic
poetique	poetic
poetize	poetise
poetrie	poetry
poetts	poets
poetycall	poetical
poētaster	poentaster
poggie	poggy
poictiers	poitiers
poinant	poignant
point'st	pointest
point-blanck	point-black
point-blancke	point-blank
point-devise	point-device
pointblanke	pointblank
pointe	point
pointes	points
pointyng	pointing
pois'd	poised
pois'ning	poisoning
pois'nous	poisonous
poisned	poisoned
poison'd	poisoned
poiz'd	poised
poking-sticke	poking-stick
pokynge	poking
pol-axes	pole-axes
pol-cat	polecat
polaxes	pole-axes
polcat	polecat
polcats	polecats
pold	bold
pole-cat	polecat
pole-cats	polecats
pole-deedes	pole-deeds
poleaxes	pole-axes
polemivs	polemius
policie	policy
policye	policy
poliphemiā	poliphemiam
polish'd	polished
polishe	polish
polisht	polished
politick	politic
politicke	politic
politickly	politicly
politicks	politics
politie	polity
politike	politic
politikely	politicly
politique	politic
politiquely	politicly
politiques	politics
polititian	politician
polititians	politicians
poliuit	polivit
poll'd	polled
poll-axe	pole-axe
pollax	pole-axe
pollaxe	pole-axe
pollecie	policy
pollecy	policy
pollecye	policy
polles	polls
pollicie	policy
pollicie's	policy's
pollicies	policies
pollicy	policy
pollish	polish
pollish'd	polished
pollitician	politician
polliticians	politicians
pollitick	politic
polliticke	politic
polliticks	politics
pollitike	politic
pollitique	politic
pollitiquely	politicly
pollititian	politician
pollvx	pollux
polonie	polony
pols	polls
polt-foote	polt-foot
polute	pollute
poluted	polluted
polution	pollution
polvphagvs	poluphagus
polycye	policy
polyposvs	polyposus
polytyke	politic
pomegranat	pomegranate
pomegranats	pomegranates
pomel	pommel
pomgranat	pomegranate
pomgranet	pomegranate
pommell	pommel
pompe	pomp
pompeous	pompous
pompes	pomps
pomponativs	pomponatius
pomponivs	pomponius
pomtinivs	pomtinius
ponde	pond
pondere	ponder
pondes	ponds
pondred	pondered
pondring	pondering
pondrous	ponderous
ponnds	ponds
pontick	pontic
pontificall	pontifical
pontificiall	pontificial
ponyards	poigniards
ponyshmēt	ponyshment
poo	po
poole	pool
pooles	pools
poope	poop
poor'st	poorest
poore	poor
poore's	poor's
poore-mans	poor-man's
poorely	poorly
poorenes	poorness
poorenesse	poorness
poores	poors
pooue	poove
poouyes	poovyes
pop'd	poped
popedome	popedom
poperie	popery
poperye	popery
popiniayes	popinjays
popp'd	popped
poppie	poppy
popt	popped
popularitie	popularity
populer	popular
popvlo	populo
popvlos	populos
popysh	popish
popyshnesse	popishness
popysshe	popish
por'd	pored
porche	porch
porcion	portion
pore-blinde	purblind
porest	poorest
porn	born
porphirie	porphyry
porphiry	porphyry
porphyrie	porphyry
porpos'd	porposed
porpusses	porpoises
porredge	porridge
porredge-gutted	porridge-gutted
porrenger	porringer
porrengers	porringers
port-agein	port-again
port-cullis	portcullis
port-cullise	portcullise
port-holes	portholes
port-maisters	port-masters
port-towne	port-town
portall	portal
portalls	portals
porte	port
portentious	portentous
portentuous	portentous
portes	ports
portevs	porteus
portingalles	portugalese
portract	portrait
portraict	portrait
portraied	portrayed
portrature	portraiture
portrayture	portraiture
portugales	portugals
portugalls	portugals
portvnvs	portunus
pos'd	posed
poscimvs	poscimus
posde	posed
posess'd	possessed
posesseth	possesseth
posible	possible
posie	posy
positiue	positive
positiuely	positively
posper'd	pospered
posses	poss
posses'd	possessed
possess'd	possessed
possesse	possess
possessiō	possession
possessors	possessors'
possessour	possessor
possessyon	possession
possest	possessed
possibilitie	possibility
possiblity	possibility
possimvs	possimus
post-boyes	post-bois
post-maister	postmaster
post-master	postmaster
poste	post
poste-boies	post-bois
posteritie	posterity
posterne	postern
posternes	posterns
posteryte	posterity
postes	posts
posthvmvs	posthumus
postquā	postquam
postrate	prostrate
postscrib'd	postscribed
posyes	posies
pot-gun	potgun
pot-hearbes	potherbs
pot-hearbs	potherbs
pot-herbes	potherbs
pot-hunter	pothunter
pot-lid	potlid
potch'd	potched
potcht	potched
potecaries	pothecaries
potecary	pothecary
potent'st	potentest
potentiall	potential
pothearbes	potherbs
pothearbs	potherbs
pothecarie	pothecary
poticaries	pothecaries
poticary	pothecary
potivs	potius
pott	pot
potte	pot
pottes	pots
potts	pots
pouder	powder
poudered	powdered
pouders	poudres
poudred	powdered
pouea	povea
poueia	poveia
pouer	pover
pouera	povera
pouert	povert
pouertie	poverty
pouerties	poverties
pouerty	poverty
pouertye	poverty
poulder	pouldre
poulders	pouldres
pouldred	powdered
poultrie	poultry
pounde	pound
poundes	pounds
poupe	poop
pour'd	poured
pour'dst	pouredst
pour'st	pourest
pourd	poured
poure	pour
poures	pours
poureth	pours
pourge	purge
pourgynge	purging
pourtrai'd	portrayed
pourtraiture	portraiture
pouud	proved
pouure	pour
pouvre	povure
poūd	pound
poūds	pounds
pov.	pou.
povertie	poverty
povle	poule
povver	power
povverfull	powerful
povvers	powers
povvles	powles
pow'r	power
pow're	power
pow'rs	powers
powd	proved
powder'd	powdered
powdred	powdered
powdring	powdering
power-fullest	powerfullest
powerfull	powerful
powerfull'st	powerfullest
pown'd	powned
pownd	pound
pownds	pounds
powr	power
powr'd	poured
powr'full	powerful
powrd	poured
powre	pour
powred	poured
powrefull	powerful
powrefully	powerfully
powres	powers
powreth	poureth
powring	powering
powrs	powers
powryng	powering
powting	pouting
pox'd	poxed
poxe	pox
poyes	boys
poygnard	poignard
poynant	poignant
poynard	poinard
poynct	point
poynt	point
poynte	point
poynted	pointed
poyntes	points
poynting	pointing
poynts	points
poys	boys
poys'd	poised
poys'nous	poisonous
poyse	poise
poysed	poised
poysened	poisoned
poysned	poisoned
poysnous	poisonous
poysnyng	poisoning
poyson	poison
poyson'd	poisoned
poysond	poisoned
poysond'st	poysondest
poysoned	poisoned
poysoner	poisoner
poysoning	poisoning
poysonings	poisonings
poysonous	poisonous
poysons	poisons
poysonyng	poisoning
poysō	poison
poysse	poisse
poysure	poisure
poyze	poize
poëm	poem
poëms	poems
poët	poet
poëts	poets
pōnysh	ponnysh
pōnyshment	ponnyshment
pōnyshmentes	ponnyshmentes
pōpilius	pompilius
pr'ythee	prithee
pra'y	pray
practic'd	practised
practicall	practical
practiced	practised
practick	practic
practicke	practic
practicks	practics
practike	practic
practique	practic
practis'd	practised
practisd	practised
practisde	practised
practisinge	practising
practiue	practive
practiz'd	practised
practizd	practised
practize	practise
practized	practised
practizes	practises
practizing	practising
practyse	practise
praecede	precede
praecedencie	precedency
praeceding	preceding
praecept	precept
praecepts	precepts
praecipice	precipice
praecise	precise
praecontract	precontract
praedicaments	predicaments
praediction	predication
praedictions	predictions
praedominant	predominant
praegnant	pregnant
praeparations	preparations
praeposterous	preposterous
praerogative	prerogative
praesaging	presaging
praescribe	prescribe
praeseruation	preservation
praesident	president
praesiding	presiding
praesum'd	presumed
praesumption	presumption
praesumptuous	presumptuous
praetor-ship	praetorship
praeuaricate	prevaricate
pragging	bragging
pragmaticke	pragmatic
prai'd	prayed
prai'rs	prayers
prai'st	prayest
praid	prayed
praide	prayed
praie	pray
praied	prayed
praieng	praying
praier	prayer
praiers	prayers
praies	prays
praiing	praying
prain	brain
prains	brains
prais'd	praised
praisd	praised
praisde	praised
praise-giftes	praise-gifts
praise-worthy	praiseworthy
praisefull	praiseful
praisfull	praiseful
praize	praise
pranck	prank
prancke	prank
pranckes	pranks
prancks	pranks
pranckt	pranked
pranke	prank
prankes	pranks
prat'st	pratest
pratelynge	prateling
pratinge	prating
pratle	prattle
pratled	prattled
pratler	prattler
pratleth	prattleth
pratling	prattling
pratlinge	prattling
pratynge	prating
praue	brave
prauely	pravely
prauerie	praverie
praunce	prance
prauncing	prancing
prauncyng	prancing
prauncynge	prancing
prave	brave
prawls	brawls
prawnes	prawns
pray'd	prayed
pray'r	prayer
pray'rs	prayers
pray'st	prayest
prayd	prayed
prayd'st	praydest
prayde	prayed
praye	pray
prayeng	praying
prayer-booke	prayer-book
prayes	prays
praynge	praying
prays'd	praised
praysd	praised
praysde	praised
prayse	praise
prayse-worthy	praiseworthy
praysed	praised
prayses	praises
praysest	praisest
prayseth	praiseth
prayseworthy	praiseworthy
praysing	praising
praysynge	praising
prāks	pranks
prceiue	prceive
pre'thee	prithee
pre-apprehēsions	pre-apprehensions
pre-contract	precontract
pre-eminence	preeminence
pre-ordinance	preordinance
pre-thee	prithee
preace	press
preach'd	preached
preach't	preached
preache	preach
preacht	preached
preachyng	preaching
preachynge	preaching
pread	bread
prease	press
preasse	press
preassing	pressing
preasyd	press
precedencie	precedency
preceptes	precepts
prech	preach
preche	preach
precicus	precious
precincte	precinct
precipitatiō	precipitation
precisenes	preciseness
precisenesse	preciseness
precize	precise
precyous	precious
precyouse	precious
predea	peredea
predeceased	pre-deceased
predecessour	predecessor
predecessours	predecessors
predestin'd	predestined
predeuin'd	predevined
predicessors	predecessors
predictiō	prediction
pree-thee	prithee
preeches	breeches
preest	priest
preests	priests
preethee	prithee
preethy	prithee
prefence	presence
prefer'd	preferred
prefer'de	preferred
preferd	preferred
prefered	preferred
prefern'd	preferned
preferr	prefer
preferr'd	preferred
preferr'st	preferrest
preferrd	preferred
preferre	prefer
preferrement	preferment
preferres	prefers
preferrs	prefers
prefixe	prefix
prefixt	prefixed
prefool'd	prefooled
pregnancie	pregnancy
pregnaūt	pregnant
preheminence	pre-eminence
preheminency	preeminency
preist	priest
preistes	priests
preists	priests
preiudic'd	prejudiced
preiudicate	prejudicate
preiudice	prejudice
preiudiced	prejudiced
preiudiciall	prejudicial
prejudic'd	prejudiced
prejudicates	prejudicate
prejudiciall	prejudicial
prelat	prelate
preludium	praeludium
premis'd	premised
premisses	premises
premonisht	premonished
prentice-boys	prentice-bois
prentise	prentice
prentise-coate	prentice-coat
prentises	prentices
prentiship	prenticeship
prentiships	prenticeships
prentizes	prentices
preoccupie	preoccupy
preordaind	preordained
prepaired	prepared
prepar'd	prepared
prepar'st	preparest
preparacion	preparation
preparatiue	preparative
preparatiues	preparatives
prepard	prepared
preparde	prepared
preparinge	preparing
prepat'd	prepated
prepostrous	preposterous
prepostrously	preposterously
prerogatifes	prerogatives
prerogatiue	prerogative
prerogatiues	prerogatives
prerogatived	prerogative
pres'd	pressed
presag'd	presaged
presantly	presently
presaruacion	presaruation
presbiters	presbyters
prescib'd	prescribed
prescrib'd	prescribed
prescribde	prescribe
presed	pressed
presedent	precedent
presedents	precedents
present'st	presentest
presente	present
presentes	presents
presentlie	presently
presentlye	presently
preser'd	presered
preserment	preferment
preserred	preferred
preseru'd	preserved
preseruacion	preservation
preseruacyon	preservation
preseruation	preservation
preseruatiue	preservative
preseruatiues	preservatives
preserude	preserved
preserue	preserve
preserued	preserved
preseruer	preserver
preseruers	preservers
preserues	preserves
preseruest	preservest
preserueth	preserveth
preseruing	preserving
preseruynge	preserving
preserv	preserve
preserv'd	preserved
preserv'st	preservest
preservd	preserved
presēce	presence
presēt	present
presētly	presently
presēts	presents
press'd	pressed
presse	press
presse-cloath	press-cloth
presse-money	press-money
presse-mony	press-money
prest	pressed
preste	pressed
prestes	priests
presthode	priesthood
prestigiatorie	prestigiatory
presum'd	presumed
presum'st	presumest
presumd	presumed
presumde	presumed
presumptious	presumptuous
presumptiōs	presumptions
presumptous	presumptuous
presumptuouse	presumptuous
presumtion	presumption
presumtuous	presumptuous
presūptiō	presumption
pretee	pretty
pretely	prettily
pretende	pretend
pretense	pretence
pretensed	pretenced
pretension	pretencion
pretensions	pretencions
pretented	pretended
preter-naturall	preternatural
pretēce	pretence
pretēd	pretend
pretēds	pretends
prethee	prithee
prethy	prithee
prethée	prithee
pretie	pretty
pretilie	prettily
pretily	prettily
pretious	precious
pretiously	preciously
pretor	praetor
pretorian	praetorian
pretors	praetors
prettie	pretty
prettilie	prettily
prety	pretty
prety-perfumde	pretty-perfume
pretye	pretty
preua	preva
preuail'd	prevailed
preuailance	prevailance
preuaild	prevailed
preuailde	prevailde
preuaile	prevail
preuailed	prevailed
preuailes	prevails
preuaileth	prevails
preuailing	prevailing
preuails	prevails
preuailyng	prevailing
preuarication	prevarication
preuatione	prevatione
preuayl	prevail
preuayl'd	prevailed
preuayld	prevailed
preuayle	prevail
preuayled	prevailed
preuayles	prevails
preuayleth	prevaileth
preuayling	prevailing
preue	prove
preuely	privily
preuent	prevent
preuent'd	prevented
preuente	prevent
preuented	prevented
preuentest	preventest
preuenteth	preventeth
preuenting	preventing
preuention	prevention
preuentions	preventions
preuents	prevents
preuētion	prevention
preuie	previe
preuiew	preview
preuiledge	previledge
preuishnesse	previshnesse
preuy	privy
preuye	prevye
preuyes	prevyes
prevail'd	prevailed
prevail'st	prevailest
prevaild	prevailed
prevaile	prevail
prevailes	prevails
prevaling	prevailing
prevayld	prevailed
prevayle	prevail
prevent'st	preventest
prey'd	preyed
prey'st	preyest
preyes	preys
prēferment	prenferment
prēserve	preserve
pri'd	pried
pri'thee	prithee
priames	pria's
priapvs	priapus
prices	princes
prick'd	pricked
prick'st	prickest
prick-eard	prick-eared
prick-louse	pricklouse
prick-song	pricksong
prickd	pricked
pricke	prick
pricke-song	pricksong
prickecar'd	prickecared
prickes	pricks
prickesong	pricksong
pricketh	pricks
prickst	prickest
prickt	pricked
prickyng	pricking
prid	pride
pridge	bridge
prie-thee	prithee
prief	brief
priest-hoods	priesthoods
priest-like	priestlike
priestes	priests
prig'd	priged
prim'st	primest
prim-rose	primrose
primacie	primacy
primarie	primary
primatiue	primitive
primitiue	primitive
primo-geniture	primogeniture
primvs	primus
prince-dome	princedom
prince-like	princelike
princedome	princedom
princedomes	princedoms
princelie	princely
princesse	princess
principalitie	principality
principall	principal
principall'st	principallest
principallities	principalities
principalls	principals
princly	princely
princockes	princocks
princypall	principal
prings	brings
printe	print
printers-presse	printers-press
printes	prints
prioresse	prioress
priorie	priory
prioritie	priority
pris'd	prised
pris'ner	prisoner
priscillaes	priscilla's
prise'boue	prise'bove
prisner	prisoner
prisners	prisoners
prison'd	prisoned
prison-house	prisonhouse
prisones	prisons
prithie	prithee
prithy	prithee
prithée	prithee
prittie	pretty
prittily	prettily
pritty	pretty
pritty-holsome	pretty-wholesome
prity	pretty
priuacie	privacy
priuacies	privacies
priuacy	privacy
priuacyes	privacies
priuari	privari
priuat	private
priuat'st	privatest
priuate	private
priuate-house	private-house
priuatelie	privately
priuately	privately
priuatenesse	privateness
priuates	privates
priuatetent	privatetent
priuation	privation
priuations	privations
priuatlie	privately
priuatly	privately
priuatst	privatst
priue	prive
priueledg'd	privileged
priueledge	privilege
priueledged	privileged
priuelie	privily
priuely	privily
priuetee	privetee
priuetie	privetie
priuie	privy
priuiledg'd	privileged
priuiledgd	priviledgd
priuiledge	privilege
priuiledged	privileged
priuiledges	privileges
priuileg'd	privileged
priuilege	privilege
priuileged	privileged
priuilegio	privilegio
priuilie	privily
priuily	privily
priuitie	privity
priuities	privities
priuity	privity
priuy	privy
priuy-chamber	privy-chamber
priuy-counsayler	privy-counsayler
priva'st	privaest
privacie	privacy
privat	private
privat'st	privatest
privat-chamber	private-chamber
privatelie	privately
privatly	privately
priveledge	privilege
priveleges	privileges
privie	privy
priviledg	privilege
priviledg'd	privileged
priviledge	privilege
priviledged	privileged
priviledges	privileges
privileg'd	privileged
privitie	privity
priz'd	prised
prizd	prised
prizelesse	priceless
prizers	prisers
prīcis	princes
probabilitie	probability
probabilityes	probabilities
problematicall	problematical
probleme	problem
problemes	problems
procead	proceed
proceade	proceed
proced	proceed
procede	proceed
proceded	proceeded
procedinges	proceedings
procedyngs	proceedings
proceed'st	proceedest
proceede	proceed
proceedes	proceeds
proceedinges	proceedings
proceedyd	proceeded
proceeed	proceed
processe	process
processions	procession
processyō	procession
procions	protions
proclaim'd	proclaimed
proclaimd	proclaimed
proclaime	proclaim
proclaimes	proclaims
proclaimeth	proclaims
proclam'd	proclaimed
proclamacyon	proclamation
proclame	proclaim
proclamed	proclaimed
proclaming	proclaiming
proclaym	proclaim
proclaym'd	proclaimed
proclayme	proclaim
proclaymed	proclaimed
proclaymer	proclaimer
proclaymes	proclaims
proclayming	proclaiming
procliue	proclive
procliuitie	proclivity
procliuity	proclivity
procreat	procreate
proctour	proctor
procur'd	procured
procur'st	procurest
procurd	procured
procurde	procured
procure-a	procure
procéede	proceed
procéeded	proceeded
procéedes	proceeds
procéedeth	proceedeth
procéeding	proceeding
procéedinges	proceedings
procéedings	proceedings
procéeds	proceeds
prodegie	prodigy
prodegies	prodigies
prodegy	prodigy
prodigalitie	prodigality
prodigall	prodigal
prodigall's	prodigal's
prodigallitie	prodigality
prodigallity	prodigality
prodigalls	prodigals
prodigeous	prodigious
prodigie	prodigy
prodigions	prodigious
prodigous	prodigious
prodigyes	prodigies
produc'd	produced
produc't	produced
producd	produced
profan'd	profaned
profan'st	profanest
profe	proof
profer	proffer
profer'd	proffered
proferd	proffered
profered	proffered
profereth	proffereth
profering	proffering
proferred	proffered
proferrynge	proffering
profers	proffers
profes'd	professed
profess'd	professed
professd	professed
professe	profess
professeth	professes
professiō	profession
professour	professor
profest	professed
proffer'd	proffered
profferd	proffered
proffit	profit
proffred	proffered
proficiencie	proficiency
profite	profit
profites	profits
profitte	profit
profoundlie	profoundly
profoundnesse	profoundness
profoūd	profound
profusenesse	profuseness
profyt	profit
profytable	profitable
profyte	profit
profytte	profit
progenie	progeny
progenye	progeny
prognostick	prognostic
prognosticks	prognostics
progres	progress
progresse	progress
progressiue	progressive
progrest	progressed
prohibite	prohibit
proiect	project
proiect's	project's
proiected	projected
proiecting	projecting
proiection	projection
proiections	projections
proiectors	projectors
proiects	projects
proind	pruned
prokvo'd	prokvoed
prolixitie	prolixity
prologvs	prologus
prolong'd	prolonged
prolonge	prolong
promes	promise
promethevs	prometheus
promi'st	promised
promis	promise
promis'd	promised
promis't	promised
promisd	promised
promisde	promised
promised'st	promisedest
promisse	promise
promissing	promising
promist	promised
promisyng	promising
promiz'd	promized
promocyon	promotion
promontorie	promontory
promooter	promoter
promooters	promoters
promooting	promoting
promotiō	promotion
promp'st	prompest
prompt'st	promptest
promptnes	promptness
promptnesse	promptness
promys	promise
promysde	promised
promyse	promise
promysed	promised
promyses	promises
promysing	promising
pronenesse	proneness
prononce	pronounce
pronoun'st	pronounest
pronounc'd	pronounced
pronounc't	pronounced
pronoune	pronoun
pronoune'd	pronouneed
pronounes	pronouns
pronounst	pronounced
pronouuce	pronowce
pronoūce	pronounce
pronoūced	pronounced
pronoūcing	pronouncing
pronoūcyng	pronouncing
prooceed	proceed
proofe	proof
proofes	proofs
proose	propose
proou'd	proved
proou'st	provest
prooud	proved
prooue	prove
prooue't	proove't
prooued	proved
proouer	proover
prooues	proves
proouest	provest
proouing	proving
proov'd	proved
proov'st	provest
proove	prove
prooves	proves
prooving	proving
prop'd	propped
prop'rer	properer
prop'rest	properest
propagacyon	propagation
propensnesse	propenseness
propention	propension
proper'st	properest
propernesse	properness
properst	properest
propertee	property
propertie	property
propertivs	propertius
prophain'd	prophained
prophan'd	prophaned
prophan'st	profanest
prophanation	profanation
prophanations	profanations
prophand	profaned
prophane	profane
prophanely	profanely
prophanenesse	profaneness
prophanes	profanes
prophanesse	profaneness
prophanest	profanest
prophaning	profaning
prophecie	prophecy
prophecied	prophesied
prophecye	prophecy
prophecyed	prophesied
prophecying	prophesying
prophesi'd	prophesied
propheside	prophesied
prophesie	prophesy
prophesies	prophecies
prophesye	prophesy
prophete	prophet
prophetes	prophets
prophetesse	prophetess
propheticall	prophetical
prophetick	prophetic
propheticke	prophetic
prophetickly	prophetically
prophetique	prophetic
prophettes	prophets
prophilvs	prophilus
propinquitie	propinquity
propogate	propagate
proporcion	proportion
proportion'd	proportioned
proportiond	proportioned
proportiō	proportion
propos'd	proposed
proposall	proposal
proposd	proposed
proposde	proposed
propounde	propound
propoūd	propound
proppe	prop
propper	proper
proppes	props
proprest	properest
propretie	property
proprietie	propriety
propt	propped
proroged	prorogued
proscrib'd	proscribed
prosecut'st	prosecutest
proselite	proselyte
prosequute	prosecute
prosession	procession
prosopopeia	prosopopoeia
prosp'rous	prosperous
prospectiue	prospective
prospective-glasse	prospective-glass
prosper'd	prospered
prospere	prosper
prosperitie	prosperity
prosperyte	prosperity
prospred	prospered
prosterity	posterity
prostrat	prostrate
protecte	protect
protectiō	protection
protector-ship	protectorship
protectour	protector
protectresse	protectress
protestacyon	protestation
protestes	protests
protevs	proteus
prothevs	protheus
prou'd	proved
prou'de	proved
prou'st	provest
prouander	provander
prouant	provant
proud'st	proudest
proud-faire	proud-fair
proud-hearted	proudhearted
proude	proud
proue	prove
proue's	prove's
proue't	prove't
proued	proved
proueill	proveill
prouence	provence
prouender	provender
proueniant	proveniant
prouerb	proverb
prouerb's	proverb's
prouerbe	proverb
prouerbes	proverbs
prouerbially	proverbially
prouerbs	proverbs
proues	proves
prouest	provest
proueth	proves
prouethe	proveth
proui-dent	provi-dent
prouide	provide
prouided	provided
prouidence	providence
prouidens	providens
prouident	provident
prouidently	providently
prouides	provides
prouideth	provideth
prouidetore	providetore
prouidēce	providence
prouiding	providing
prouince	province
prouinces	provinces
prouinciam	provinciam
prouing	proving
prouision	provision
prouisions	provisions
prouisiō	provision
prouiso	proviso
prouisor-ship	provisorship
prouisors-ship	provisors-ship
prouisorship	provisorship
prouizo	provizo
prouoake	provoake
prouocation	provocation
prouocations	provocations
prouocatiue	provocative
prouok'd	provoked
prouok't	provoked
prouoke	provoke
prouoked	provoked
prouokers	provokers
prouokes	provokes
prouoketh	provokes
prouoking	provoking
prouokt	provoked
prouokte	provokte
prouokynge	provoking
prouolutis	provolutis
prouost	provost
prouyde	provide
prouyded	provided
prouydence	providence
prov'd	proved
prov'st	provest
prov't	prou't
provd	proud
provde	proud
provdent	proudent
proverbe	proverb
provid'st	providest
provinciall	provincial
provincialls	provincials
provle	proule
provoak'd	provoked
provok	provoke
provok'd	provoked
provok'st	provokest
provok't	provoked
provoke'd	provokeed
provokt	provoked
prow'd	prowed
prowd	proud
prowde	proved
prowder	prouder
prowdest	proudest
prowdly	proudly
prowe	prow
prowes	prowess
prowesse	prowess
prowlynge	prowling
proxie	proxy
proximitie	proximity
proximvs	proximus
proyned	pruned
prun'd	pruned
pruuoke	prwoke
pry'st	priest
pryce	price
prycke	prick
prycked	pricked
pryckes	pricks
pryckyng	pricking
pryde	pride
prye	pry
pryes	pries
pryme	prime
prynce	prince
pryncely	princely
pryncelye	princely
prynces	princes
pryncypall	principal
pryncyples	principles
prynt	print
prynted	printed
pryntyng	prynting
prys'd	prised
pryse	prise
pryson	prison
prysoner	prisoner
prysoners	prisoners
prythee	prithee
pryuate	private
pryuatly	pryvatly
pryuelie	pryvelie
pryuie	privy
pryuiledge	pryviledge
pryuy	pryvy
pryuye	pryvye
pryze	prise
préest	priest
psalmes	psalms
psalmodie	psalmody
ptisicke	phthisic
ptolomaevs	ptolomaeus
puaitane	pvaitane
publicatiō	publication
publick	public
publicke	public
publickely	publicly
publickly	publicly
publik	public
publike	public
publikely	publicly
publique	public
publiquely	publicly
publiquē	publiquem
publish'd	published
publish't	published
publishe	publish
publisht	published
publyque	public
publysh	publish
publyshed	published
publyshynge	publishing
puckred	puckered
pudding-pye	pudding-pie
puddle-wharfe	puddle-wharf
puddynge	pudding
puddynges	puddings
pudle	puddle
pue-fellow	pve-fellow
puedo	pvedo
puefellowes	pvefellowes
pueling	pveling
puellam	pvellam
puer	pver
pueri	pveri
puerilem	pverilem
pueris	pveris
pueritiae	pveritiae
puero	pvero
puerosque	pverosque
puet	pvet
puff'd	puffed
puffe	puff
puffe-paste	puff-paste
puffes	puffs
pufft	puffed
puffyng	puffing
pufs	puffs
puft	puffed
puft-vp	puffed-up
pugge	pug
pui'nee	pvi'nee
pui'nees	pvi'nees
puich	pvich
puicke	pvicke
puiet	pviet
puirescit	pvirescit
puisance	puissance
puisant	puissant
puisaunt	puissant
puislance	pvislance
puisne	pvisne
puisne's	pvisne's
puissaunt	puissant
puisued	pvisued
pul	pull
pul'd	pulled
pul'st	pullest
pulce	pulse
puld	pulled
pull'd	pulled
pull'st	pullest
pulld	pulled
pulle	pull
pullerye	pullery
pulles	pulls
pulleth	pulls
pulleyes	pulleys
pulpet	pulpit
pulpets	pulpits
pulpyt	pulpit
pulsiue	pulsive
puluerize	pulverise
puluerized	pulverised
pummell	pummel
pump'd	pumped
pumpe	pump
pumpes	pumps
pumpion	pompion
pumpt	pumped
puncht	punched
punck	punk
puncke	punk
punckes	punks
puncks	punks
punctualitie	punctuality
punctuall	punctual
punick	punic
punicke	punic
punie	puny
punish'd	punished
punish't	punished
punishd	punished
punishe	punish
punishement	punishment
punishent	punishment
punishmentes	punishments
punishmēt	punishment
punishmēts	punishments
punisht	punished
punke	punk
punkes	punks
punnish	punish
punnished	punished
punnishment	punishment
punnishments	punishments
punyes	punies
punysh	punish
punyshment	punishment
puo	pvo
pupil'd	pupiled
pupill	pupil
pupills	pupils
pupose	purpose
puppet-like	puppetlike
puppet-playes	puppet-plays
puppey	puppy
puppie	puppy
puppits	puppets
puppyes	puppies
pur'st	purest
pur-blind	purblind
pur-blinde	purblind
purblinde	purblind
purboil'd	purboiled
purchac'd	purchased
purchac't	purchased
purchace	purchase
purchas	purchase
purchas'd	purchased
purchas'st	purchasest
purchas't	purchased
purchasd	purchased
purchasde	purchased
purchasors	purchasers
purchasse	purchase
purchast	purchased
purciuants	purcivants
pure-craft	purecraft
purenes	pureness
purenesse	pureness
purfu'd	purfued
purg'd	purged
purgatiue	purgative
purgatiues	purgatives
purgatorie	purgatory
purgatorye	purgatory
purgd	purged
purifi'd	purified
purifie	purify
puritanes	puritans
puritanicall	puritanical
puritanisme	puritanism
puritant	puritan
puritie	purity
purle	pearl
purloin'd	purloined
purloind	purloined
purloine	purloin
purloyn'd	purloined
purloynd	purloined
purloyne	purloin
purloyning	purloining
purple-colour'd	purple-coloured
purpos'd	purposed
purposd	purposed
purposde	purposed
purs'd	pursed
purse-sicke	purse-sick
purse-stringes	purse-strings
pursents	presents
purseuant	pursuivant
purseuants	pursuivants
pursevant	pursuivant
pursevants	pursuivants
pursew	pursue
pursewd	pursued
pursewe	pursue
pursey	pursy
pursie	pursy
pursiuant	pursuivant
pursse	purse
pursses	purses
pursu'd	pursued
pursu'de	pursued
pursu'st	pursuest
pursude	pursued
pursuid	pursued
pursuite	pursuit
pursuiuant	pursuivant
pursute	pursuit
pursutes	pursuits
purtenaunce	purtenance
puruey	purvey
purueyd	purveyed
purueyed	purveyed
purueyor	purveyor
pus	put
push-pin	pushpin
pusht	pushed
pusillanimitie	pusillanimity
pusl'd	puzzled
pusled	puzzled
pussant	puissant
pussāt	puissant
pusshe	push
pussie	pussy
put'st	puttest
put'vs	put'us
putatiue	putative
putride	putrid
putrifaction	putrefaction
putrifactions	putrefactions
putrifie	putrify
putrifiing	putrifying
putst	puttest
putt	put
putt'st	puttest
putte	put
puttes	puts
puttocke	puttock
puttockes	puttocks
puttocks	puttock's
puttyng	putting
puttynge	putting
puykes	pvykes
puysant	puissant
puysaunt	pvysaunt
puyssant	puissant
puyssaunt	puissant
puzle	puzzle
puzled	puzzled
puzles	puzzles
puzzel	puzzle
puzzel'd	puzzled
puzzell'd	puzzled
puzzels	puzzles
puzzl'd	puzzled
pūcks	punks
pvb	pub
pvblivs	publius
pvg	pug
pvg.	pug.
pvlcherimae	pulcherimae
pvlchra	pulchra
pvlchres	pulchres
pvnder	punder
pvnqve	punqve
pvp.	pup.
pvppets	puppets
pvppy	puppy
pvr.	pur.
pvre	pure
pvre-craft	pure-craft
pvrecraft	purecraft
pvs.	pus.
pvsse	pusse
pvunds	puunds
py'd	pied
py'r	by'r
pye	pie
pye-crust	piecrust
pye-pecked	pyepecked
pyed	pied
pyes	pies
pyght	pight
pyke	pike
pyl'd	pile
pyle	pile
pyles	piles
pylgrimage	pilgrimage
pylgrymage	pilgrimage
pyllers	pillars
pyllowes	pillows
pylosarcvs	pylosarcus
pylot	pilot
pylots	pilots
pyn'd	pined
pynche	pinch
pynched	pinched
pynchinge	pinching
pynchyng	pinching
pyne	pine
pyned	pined
pyning	pining
pynion'd	pynioned
pynt	pint
pynyng	pining
pyoners	pioneers
pype	pipe
pypes	pipes
pypt	piped
pyracie	piracy
pyracies	piracies
pyram'd	pyramed
pyramide	pyramid's
pyramides	pyramids
pyramis	pyramid
pyrat	pirate
pyrates	pirates
pyrats	pirates
pyrgvs	pyrgus
pyrrhvs	pyrrhus
pyt	pit
pytche	pitch
pyte	pity
pyteous	piteous
pyteously	piteously
pyteouslye	piteously
pythagoricall	pythagorical
pytie	pity
pyts	pits
pytte	pit
pyttes	pits
pytye	pity
p·iv.	p·iu.
péece	piece
péeces	pieces
péep	peep
péepe	peep
péepes	peeps
péeping	peeping
péeps	peeps
péere	peer
péerelesse	peerless
péeres	peers
péerlesse	peerless
péeuish	peevish
péeuishe	peevish
péeuishnesse	peevishness
qd	quoth
qeen	queen
qoud	quoth
qu	queen
quack-saluer	quacksalver
quack-saluers	quack-salvers
quacke-saluer	quacksalver
quacksaluer	quacksalver
quacksaluers	quacksalvers
quaesiuit	quaesivit
quaeuis	quaevis
quaffe	quaff
quaffyng	quaffing
quaft	quaffed
quag-myres	quagmires
quail'd	quailed
quaild	quailed
quaile	quail
quaile-pipe	quail-pipe
quailes	quails
quaintnesse	quaintness
quak'd	quaked
quak'st	quakest
quakt	quaked
quakyng	quaking
qualifie	qualify
qualify'd	qualified
qualited	qualitied
qualitie	quality
qualityes	qualities
quallification	qualification
quallifie	qualify
quallified	qualified
quallifies	qualifies
quallify'd	qualified
quallitie	quality
quallities	qualities
quallity	quality
qualme	qualm
qualmes	qualms
qualtitie	quality
qualyties	qualities
quandarie	quandary
quantitie	quantity
quarel	quarrel
quarell	quarrel
quarell'd	quarrelled
quarelling	quarrelling
quarells	quarrels
quarels	quarrels
quarelsome	quarrelsome
quarrel'd	quarrelled
quarreled	quarrelled
quarreling	quarrelling
quarrell	quarrel
quarrell'd	quarrelled
quarrell's	quarrel's
quarrelles	quarrels
quarrells	quarrels
quarrelous	quarrellous
quarrey	quarry
quarrie	quarry
quart-field	quartfield
quart-glasse	quart-glass
quarte	quart
quarter'd	quartered
quarter-blowes	quarter-blows
quarter-looke	quarter-look
quarter-maister	quartermaster
quarter-master	quartermaster
quarter-staff	quarterstaff
quarter-staffe	quarterstaff
quarterd	quartered
quarterne	quartern
quartred	quartered
quartring	quartering
quasie	queasy
quassyng	quassing
quaters	quatres
quath'd	quathed
quauer	quaver
quauering	quavering
quauers	quavers
quaum'd	quaumed
quayle	quail
quayles	quails
quaynt	quaint
quā	quam
quātity	quantity
queane	quean
queanes	queans
queasie	queasy
queazie	queasy
queazy	queasy
queeen	queen
queen-hiue	queen-hive
queene	queen
queene-apple	queen-apple
queene-hiue	queen-hive
queene-like	queenlike
queenes	queens
queenē	queenen
queere	queer
queint	quaint
queintly	quaintly
quel'd	quelled
queld	quelled
quell'd	quelled
quelld	quelled
quench'd	quenched
quench't	quenched
quenche	quench
quencheth	quenches
quenchles	quenchless
quenchlesse	quenchless
quencht	quenched
quenchyng	quenching
quene	queen
quenes	queens
querk	quirk
queste	quest
question'd	questioned
questiond	questioned
questionedst	questionedest
questionles	questionless
questionlesse	questionless
questiō	question
queston	question
questyon	question
questyonles	questionless
queynt	quaint
quē	quem
quēch	quench
quēcht	quenched
quēdam	quendam
quick'ned	quickened
quick'st	quickest
quick-sand	quicksand
quick-sands	quicksands
quick-set	quickset
quick-sighted	quicksighted
quick-siluer	quicksilver
quick-silver	quicksilver
quick-turn'd	quick-turned
quicke	quick
quicke-diuing	quick-diving
quicke-piercing	quick-piercing
quicke-sands	quicksands
quicke-set	quickset
quicke-siluer	quicksilver
quicke-witted	quick-witted
quickelie	quickly
quickely	quickly
quickelye	quickly
quickenes	quickens
quickenesse	quickness
quicklie	quickly
quicklye	quickly
quickn'd	quickened
quickned	quickened
quicknes	quickness
quicknesse	quickness
quickneth	quickeneth
quickning	quickening
quicksiluer	quicksilver
quicquā	quicquam
quidditie	quiddity
quide	quidem
quidē	quidem
quidities	quiddities
quier	quire
quiers	quires
quiete	quiet
quietlie	quietly
quietlye	quietly
quietnes	quietness
quietnesse	quietness
quietted	quieted
quight	quite
quil	quill
quilles	quills
quintescence	quintessence
quintesence	quintessence
quippe	quip
quippes	quips
quire	choir
quirke	quirk
quirkes	quirks
quisiuerit	quisiverit
quit-rent	quitrent
quitt	quit
quitte	quit
quitts	quits
quiuer	quiver
quiuer'd	quivered
quiuerd	quiverd
quiuering	quivering
quiuers	quivers
quiver'st	quiverest
quoile	quoil
quothe	quoth
quoyne	quoin
quoyning	quoining
quyck	quick
quycke	quick
quyckeneth	quickeneth
quyckly	quickly
quyckned	quickened
quyet	quiet
quyetnes	quietness
quyetnesse	quietness
quyt	quit
quyte	quite
quyuer	quiver
quyuering	quivering
quyuernesse	quyvernesse
quéen	queen
quéene	queen
quéenes	queens
quéens	queens
qvarlovs	qvarlous
qvartvs	qvartus
qvestion	question
qvintvs	qvintus
r'd	read
r'enforce	reinforce
rable	rabble
rablement	rabblement
rac'd	razed
rac't	raced
raced	razed
rack'd	racked
rack'st	rackest
rack't	racked
racke	rack
rackes	racks
rackt	racked
rad	read
radamanthvs	radamanthus
radiāt	radiant
radicall	radical
radience	radiance
radient	radiant
radiorū	radiorum
rae'd	raeed
raffe	raff
rag'd	raged
rag-a-muffin	ragamuffin
rag-a-muffins	ragamuffins
rag-amuffins	ragamuffins
rag-man	ragman
ragefull	rageful
ragg	rag
ragg'd	ragged
ragge	rag
ragged'st	raggedest
ragges	rags
raggs	rags
ragyng	raging
ragynge	raging
rai'sd	raised
raid	arrayed
raies	rays
raign	reign
raign'd	reigned
raign's	reign's
raign'st	reignest
raignd	reigned
raigne	reign
raigned	reigned
raignes	reigns
raigneth	reigneth
raignē	reign
raigning	reigning
rail'd	railed
rail'st	railest
raild	railed
raile	rail
railes	rails
railyng's	railing's
rain'd	reigned
rain'st	rainest
rainbovv	rainbow
rainbowes	rainbows
raind	reigned
raine	rain
raine-bow	rainbow
raine-bowe	rainbow
rainebow	rainbow
rainebowe	rainbow
rainebowes	rainbows
raines	reins
rainie	rainy
rair'd	raired
rais'd	raised
rais'de	raised
raisd	raised
raisde	raised
raiz'd	razed
raizd	raised
raize	raze
raized	razed
rak'd	raked
rak't	raked
rake-hell	rakehell
rakehelles	rakehells
rallerie	raillery
ralleries	railleries
rallery	raillery
ralyng	raling
ram'd	rammed
ram-heads	rameheads
rament	raiment
ramm'd	rammed
ramme	ram
rammes	rams
ramn'd	ramned
rampe	ramp
rampier	rampire
rampier'd	rampiered
rampinge	ramping
rampyng	ramping
rams-head	ramshead
ran'st	ranst
ranchor	rancour
ranck	rank
ranck'd	ranked
ranck'st	rankest
ranck't	ranked
rancke	rank
rancker	ranker
ranckes	ranks
ranckest	rankest
ranckle	rankle
ranckled	rankled
ranckleth	rankles
ranckling	rankling
ranckly	rankly
rancklyng	rankling
ranckorous	rancorous
ranckours	rancours
rancks	ranks
ranckt	ranked
rancle	rankle
rancles	rankles
rancor	rancour
rancors	rancours
rancorus	rancorous
randeuous	rendezvous
randeuouse	randevouse
randeuow	randevow
randevous	rendezvous
randg'd	randged
randome	random
rang'd	ranged
rangde	ranged
rangeing	ranging
rangyng	ranging
rank'd	ranked
rank'rous	rancorous
rank'st	rankest
rank't	ranked
ranke	rank
rankenesse	rankness
rankerous	rancorous
rankes	ranks
ranknes	rankness
ranknesse	rankness
rankt	ranked
rann	ran
ranne	ran
ransack'd	ransacked
ransack't	ransacked
ransacke	ransack
ransackes	ransacks
ransackt	ransacked
ransaking	ransacking
ransick'd	ransicked
ransom'd	ransomed
ransomd	ransomed
ransome	ransom
ransome's	ransom's
ransomes	ransoms
ransomlesse	ransomless
rap'd	raped
rapefull	rapeful
raphe	raphae
rapp'd	rapped
rappe	rap
rapte	rapt
rarefi'd	rarefied
rarelie	rarely
rarenes	rareness
rarenesse	rareness
rarietie	rarity
rarieties	rarities
rarifi'd	rarified
rarifie	rarify
rarifies	rarefies
raritie	rarity
rascal-like	rascallike
rascalitie	rascality
rascall	rascal
rascalles	rascals
rascallie	rascally
rascallity	rascality
rascalls	rascals
rascols	rascals
rasde	razed
rase	raze
raser	razor
rashe	rash
rashely	rashly
rashenesse	rashness
rashlie	rashly
rashlye	rashly
rashnes	rashness
rashnesse	rashness
rasht	rashed
raskall	rascal
raskalls	rascals
raskally	rascally
raskals	rascals
rasor	razor
raspis	rasps
rasshe	rash
rast	razed
rat-catcher	ratcatcher
rat-catchers	ratcatchers
ratifi'd	ratified
ratifie	ratify
ratify'd	ratified
rationall	rational
ratled	rattled
ratleth	rattleth
ratling	rattling
ratlyng	rattling
rats-bane	ratsbane
ratt	rat
ratte	rat
rattes	rats
ratts	rats
rau'd	raved
rau'nous	ravenous
raue	rave
raueld	raveld
rauell	ravell
rauen	raven
rauen's	raven's
rauener	ravener
rauening	ravening
raueninge	ravening
rauenna	ravenna
raueno	raveno
rauenons	ravenons
rauenous	ravenous
rauenouse	ravenouse
rauens	ravens
rauenyng	ravening
raues	raves
rauesheth	ravesheth
rauest	ravest
rauill.	ravill.
rauillac	ravillac
rauing	raving
rauings	ravings
rauish	ravish
rauish'd	ravished
rauish't	ravished
rauishd	ravishd
rauishde	ravishde
rauishe	ravish
rauished	ravished
rauishedst	ravishedst
rauisher	ravisher
rauishers	ravishers
rauishes	ravishes
rauisheth	ravisheth
rauishing	ravishing
rauishings	ravishings
rauishment	ravishment
rauishments	ravishments
rauisht	ravished
raung	rang
raunge	range
raunger	ranger
raunges	ranges
raunging	ranging
raunsom	ransom
raunsome	ransom
rauysh	ravish
rauyshte	ravyshte
raūe	raune
raūsome	ransom
rav'd	raved
rav.	rau.
ravells	ravels
ravin	ravine
ravish'd	ravished
ravish't	ravished
ravisht	ravished
ravlsher	raulsher
raw-bon'd	rawbone
raw-head	rawhead
rawbon'd	rawbone
rawe	raw
rawes	raws
rawlye	rawly
rawnes	rawness
rawnesse	rawness
ray-bright	raybright
rayd	raid
rayds	raids
raye	ray
rayes	rays
raygne	reign
raygnes	reigns
raygning	reigning
rayl	rail
rayl'd	railed
rayl'st	railest
rayle	rail
rayler	railer
raylers	railers
rayles	rails
rayling	railing
raylings	railings
rayls	rails
raylynge	railing
rayment	raiment
rayments	raiments
raymvnd	raymund
rayn	rain
raynbow	rainbow
raynbowe	rainbow
raynde	reigned
rayne	rain
rayned	rained
raynes	reins
rayning	raining
raynye	rainy
rays'd	raised
raysd	raised
raysde	raised
rayse	raise
raysed	raised
rayses	raises
raysest	raisest
rayseth	raises
raysing	raising
rayze	raze
rayzed	razed
raz'd	razed
razer	razor
rā	ran
rāckt	ranked
rāke	rank
rcouer	rcover
re-admitted	readmitted
re-aduance	readvance
re-atempt	reattempt
re-bestow	rebestow
re-build	rebuild
re-confer'd	re-confered
re-cure	recure
re-deliver	redeliver
re-edified	reedified
re-enforc'd	reenforced
re-enforce	reinforce
re-enters	reenters
re-entry	reentry
re-indeniz'd	re-indenized
re-inspire	reinspire
re-live	relive
re-made	remade
re-married	remarried
re-marry	remarry
re-metamorphosed	remetamorphosed
re-obtaine	reobtain
re-pass	repass
re-planted	replanted
re-possest	repossessed
re-purchast	repurchased
re-salute	resalute
re-send	resend
re-turne	return
re-united	reunited
re-word	reword
rea'd	reaed
reach'd	reached
reach't	reached
reache	reach
reacht	reached
reachynge	reaching
read'st	readest
reade	read
reade's	read's
readely	readily
reades	reads
readi'st	readiest
readie	ready
readilie	readily
readines	readiness
readinesse	readiness
readinge	reading
readst	readest
readye	ready
readyly	readily
readynesse	readiness
readyng	reading
readynge	reading
reake	reak
reakes	reaks
reale	real
reall	real
reallie	really
realme	realm
realmes	realms
reame	ream
reap'd	reaped
reap't	reaped
reape	reap
reapes	reaps
reapt	reaped
rear'd	reared
reard	reared
reard'st	reardest
reare	rear
reare-ward	rearward
reares	rears
reareward	rearward
reasins	reasons
reason'd	reasoned
reasonable-yfaith	reasonable-i'faith
reasonablenesse	reasonableness
reasones	reasons
reasonlesse	reasonless
reasonynge	reasoning
reasō	reason
reassum'd	reassumed
reast	rest
reau'd	reaved
reaue	reave
reaued	reaved
reauel'd	reaveled
reaues	reaves
rebatoes	rebates
rebeckes	rebecks
rebell	rebel
rebell'd	rebelled
rebell'st	rebellest
rebell-monster	rebel-monster
rebelles	rebels
rebellous	rebellious
rebells	rebels
reborne	reborn
rebounde	rebound
reboundst	reboundest
reboyle	reboil
rebuk'd	rebuked
rebukt	rebuked
rebukynge	rebuking
rebused	abused
recal	recall
recal'd	recalled
recald	recalled
recall'd	recalled
recalles	recalls
recante	recant
recciued	reccived
receaiue	receaive
receau'd	received
receaud	received
receaue	receive
receaued	received
receauer	receiver
receaues	receives
receauyng	receiving
receav'd	received
receavd	received
receave	receive
receit	receipt
receite	receit
receites	receits
receiu'd	received
receiu'st	receivest
receiud	received
receiue	receive
receiued	received
receiuedst	receivedst
receiuer	receiver
receiuers	receivers
receiues	receives
receiuest	receivest
receiuet	receivet
receiueth	receives
receiuing	receiving
receiv'd	received
receivd	received
receivs	receives
receue	receive
receued	received
receypt	receipt
receyt	receipt
receyte	receipt
receyu'd	received
receyue	receive
receyued	received
receyues	receives
receyueth	receiveth
receyuing	receiving
recharg'd	recharged
recieu'd	received
reciprocall	reciprocal
recitall	recital
recitinge	reciting
reciue	receive
reciues	receives
reck'ning	reckoning
reck'nings	reckonings
recke	reck
recken	reckon
reckened	reckoned
reckes	recks
reckles	reckless
recklesse	reckless
reckned	reckoned
reckning	reckoning
recknings	reckonings
reckon'd	reckoned
reckond	reckoned
reckoninge	reckoning
reckt	recked
reclaim'd	reclaimed
reclaimd	reclaimed
reclaime	reclaim
reclam'd	reclaimed
reclame	reclaim
reclaming	reclaiming
reclaym'd	reclaimed
reclayme	reclaim
reclaymed	reclaimed
reclayming	reclaiming
reclus'd	reclused
recoild	recoiled
recoile	recoil
recoiles	recoils
recomforte	recomfort
recommaunde	recommand
recommende	recommend
recompenc'd	recompensed
recompenc't	recompensed
recompence	recompense
recompenced	recompensed
recompences	recompenses
recompene'd	recompeneed
recompenst	recompensed
recompte	recount
reconcil'd	reconciled
reconcil'de	reconciled
reconcild	reconciled
reconcyl'd	reconciled
reconcyle	reconcile
reconing	reckoning
reconsiled	reconciled
recorde	record
recordes	records
recordyng	recording
recou'red	recovered
recouer	recover
recouer'd	recovered
recoueraunce	recoveraunce
recouerd	recovered
recouered	recovered
recouerie	recovery
recouering	recovering
recouers	recovers
recouery	recovery
recours	recourse
recov'ry	recovery
recover'd	recovered
recoverd	recovered
recoverie	recovery
recoyl'd	recoiled
recoyle	recoil
recoyles	recoils
recoyling	recoiling
recoyued	recoyved
recōfort	recomfort
recōforted	recomforted
recōpence	recompense
recōpenced	recompensed
recōpting	recounting
recōsultation	reconsultation
recreacion	recreation
recreaciō	recreation
recreacyon	recreation
recreat	recreate
recreaunt	recreant
rectifi'd	rectified
rectifie	rectify
rectisie	rectify
recule	recoil
reculyng	reculing
recur'd	recured
recurelesse	recureless
recusancie	recusancy
recyte	recite
recyted	recited
recyteth	reciteth
red-breast	redbreast
red-breasts	redbreasts
red-brest	redbreast
red-caps	redcaps
red-fac'd	red-faced
red-hair'd	redhaired
red-hot	redhot
redd	red
redde	red
reddines	readiness
reddy	ready
reddye	ready
redeem'd	redeemed
redeem'st	redeemest
redeemd	redeemed
redeeme	redeem
redeemes	redeems
redeliuer	redeliver
redeliuered	redelivered
redeliuerie	redelivery
redely	readily
redeme	redeem
redemed	redeemed
redemer	redeemer
redemes	redeems
redeming	redeeming
redempcyon	redemption
redemptyon	redemption
redevivd	redeviud
redevnt	redeunt
rediculous	ridiculous
redie	ready
rediest	readiest
redily	readily
redinesse	readiness
rediviu'd	redivive
rednesse	redness
redownd	redound
redownds	redounds
redowne	redound
redres	redress
redress'd	redressed
redresse	redress
redrest	redressed
reduc'd	reduced
reduc't	reduced
redus'd	reduced
redy	ready
redye	ready
redyly	readily
redynes	readiness
redéeme	redeem
redéeming	redeeming
reede	read
reedes	redes
reedifie	re-edify
reedified	reaedified
reeke	reek
reekes	reeks
reel'd	reeled
reeld	reeled
reele	reel
reeles	reels
reenforce	reinforce
reere	rear
refell	refel
refer'd	referred
referd	referred
referr	refer
referr'd	referred
referre	refer
referrence	reference
reffrainyng	reffraining
refin'd	refined
refind	refined
refinde	refined
reflexe	reflex
reflexion	reflection
reflyctyng	reflycting
reform'd	reformed
reformacion	reformation
reformacyon	reformation
reformd	reformed
reforme	reform
reformes	reforms
refourme	reform
refourmed	reformed
refractarie	refractory
refractione	refraction
refractiue	refractive
refrain'd	refrained
refraine	refrain
refraines	refrains
refrayn	refrain
refraynde	refrained
refrayne	refrain
refrayned	refrained
refraynes	refrains
refraynyng	refraining
refresh'd	refreshed
refresh't	refreshed
refreshe	refresh
refresht	refreshed
refresshed	refreshed
reft'st	reftest
refus'd	refused
refus'de	refused
refus't	refused
refusall	refusal
refusd	refused
refusde	refused
refused'st	refusedest
refusyng	refusing
regain'd	regained
regaine	regain
regaines	regains
regall	regal
regarde	regard
regardes	regards
regardfull	regardful
regardles	regardless
regardlesly	regardlessly
regardlesse	regardless
regardyng	regarding
regencie	regency
reges	regoes
regester	register
regestred	registered
regione	region
registred	registered
registring	registering
regiue	regive
regreete	regreet
regreetes	regreets
regresse	regress
reguardant	regardant
reguarde	regard
reguarded	regarded
reguardlesse	regardless
reguards	regards
reguler	regular
regvlvs	regulus
rehearce	rehearse
rehearsall	rehearsal
rehearst	rehearsed
rehersal	rehearsal
rehersall	rehearsal
rehersals	rehearsals
reherse	rehearse
rehersed	rehearsed
reheytynge	reheyting
reiect	reject
reiecte	reject
reiected	rejected
reiecteth	rejects
reiecting	rejecting
reiects	rejects
reign'd	reigned
reigne	reign
reignes	reigns
rein'd	reined
reind	reined
reines	reins
reinforme	reinform
reioice	rejoice
reioin'd	rejoined
reioinders	rejoinders
reioyc'd	rejoiced
reioyc'st	reioycest
reioyce	rejoice
reioyced	rejoiced
reioyceth	rejoices
reioycing	rejoicing
reioycinge	rejoicing
reioyn'd	rejoined
reioynder	rejoinder
reioynders	rejoinders
reioyning	rejoining
reioyse	rejoice
reioysed	rejoiced
reioyseth	rejoiceth
reioyst	rejoiced
reioysyng	rejoicing
reioysynge	rejoicing
reiunction	rejunction
rejoyc'd	rejoiced
rejoyce	rejoice
rejoycer	rejoicer
rejoyces	rejoices
rejoyceth	rejoiceth
rejoycing	rejoicing
rejoyne	rejoin
rekening	reckoning
rekenyng	reckoning
rekon	reckon
rekoned	reckoned
relacion	relation
relacyon	relation
relaps	relapse
relatiues	relatives
relauue	relawe
releace	release
releal'd	relealed
releas'd	released
releasd	released
releasde	released
releasment	releasement
releast	released
releef	relief
releefe	relief
releeu'd	relieved
releeue	relieve
releeued	relieved
releeuer	releever
releeues	relieves
releeuing	relieving
releev'd	relieved
releeve	relieve
releeved	relieved
releeves	relieves
releeving	relieving
relefe	relief
releife	relief
releiu'd	relieved
releiue	relieve
releiv'd	relieved
releive	relieve
releives	relieves
relentles	relentless
relentlesse	relentless
releuare	relevare
releuauit	relevauit
releue	releve
releuedest	relevedest
releyue	relieve
relēt	relent
relick	relic
relicke	relic
relickes	relics
relicks	relics
relide	relied
relie	rely
reliefe	relief
reliefes	reliefs
relieu'd	relieved
relieu'st	relievest
relieud	relieved
relieue	relieve
relieued	relieved
relieues	relieves
relieuing	relieving
reliev'd	relieved
religiouslie	religiously
religiō	religion
religyon	religion
relikes	relics
relinquish'd	relinquished
relique	relic
reliques	relics
relish'd	relished
relisht	relished
reliued	relived
relligion	religion
relligion-masked	religion-masked
relligious	religious
rellish	relish
rellishes	relishes
rellisheth	relisheth
rellishing	relishing
reloue	relove
relye	rely
relyes	relies
relygion	religion
relygyon	religion
relygyouse	religious
relynge	reling
relyques	relics
relyued	relyved
reléefe	relief
reléeue	relieve
reléeuing	relieving
rem	remembering
remain'd	remained
remaind	remained
remainde	remained
remaine	remain
remaines	remains
remainyng	remaining
remark'd	remarked
remark't	remarked
remarke	remark
remarkeable	remarkable
remayn	remain
remayn'd	remained
remaynd	remained
remaynde	remained
remayne	remain
remayned	remained
remaynes	remains
remayneth	remaineth
remayning	remaining
remayns	remains
remaynyng	remaining
remaynynge	remaining
remābre	remember
remedie	remedy
remediles	remediless
remedilesse	remediless
remedye	remedy
remedyed	remedied
remember'd	remembered
remember'st	rememberest
rememberance	remembrance
rememberd	remembered
remembraunce	remembrance
remembraūce	remembrance
remembrāce	remembrance
remembre	remember
remembred	remembered
remembreth	remember
remembring	remembering
remercie	remercy
remēber	remember
remēber-stand	remember-stand
remēbrance	remembrance
remēbrāce	remembrance
remēbred	remembered
remidie	remedy
reminiscion	reministion
remisnes	remissness
remisse	remiss
remissione	remission
remissnes	remissness
remitt	remit
remitte	remit
remnaunt	remnant
remo'vd	remo'ud
remoat	remote
remoon'd	remooned
remoou'd	removed
remooue	remove
remooued	removed
remooueles	remooveles
remooues	removes
remoouing	removing
remoov'd	removed
remoove	remove
remooving	removing
remorce	remorse
remorcefull	remorseful
remorceles	remorseless
remorcelesse	remorceless
remorsefull	remorseful
remorselesse	remorseless
remorsles	remorseless
remorsless	remorseless
remorslesse	remorseless
remou'd	removed
remoue	remove
remoueables	removeables
remoued	removed
remoues	removes
remoueth	removeth
remouing	removing
remouisse	removisse
remov	remove
remov'd	removed
remov'de	remou'de
removall	removal
removd	removed
remyssyon	remission
remyt	remit
rend'ring	rendering
rende	rend
render'd	rendered
renderd	rendered
rendes	rends
rendevous	rendezvous
rendouow	rendovow
rendre	render
rendred	rendered
rendring	rendering
rendynge	rending
renew'd	renewed
renewd	renewed
renewe	renew
renewes	renews
renne	run
renoume	renown
renoumed	renowned
renoun'd	renowned
renounc'd	renounced
renounc't	renounced
renound	renowned
renoune	renown
renouned	renowned
renovvned	renowned
renowed	renowned
renowined	renowned
renowm'd	renowned
renowmd	renowned
renowme	renown
renowmed	renowned
renown'd	renowned
renownce	renounce
renownd	renowned
renowne	renown
renownes	renowns
rente	rend
rentes	rents
rentyng	renting
rentynge	renting
renue	renew
renued	renewed
renues	renews
renuing	renewing
reobtaine	reobtain
repai'd	repaid
repaide	repayed
repaie	repay
repaiment	repayment
repaimēt	repayment
repair'd	repaired
repaird	repaired
repaire	repair
repaires	repairs
reparacyons	reparations
reparatiō	reparation
reparing	repairing
repasse	repass
repaste	repast
repastes	repasts
repay'st	repayest
repayd	repaid
repayde	repaid
repaye	repay
repayr'd	repaired
repayre	repair
repayred	repaired
repayres	repairs
repayreth	repaireth
repayring	repairing
repeal'd	repealed
repeald	repealed
repeale	repeal
repeall	repeal
repeat'st	repeatest
repeate	repeat
repeates	repeats
repeld	repelled
repell	repel
repell'd	repelled
repell's	repel's
repentaunce	repentance
repentāt	repentant
repercussiue	repercussive
repeticion	repetition
repētance	repentance
repin'd	repined
repitition	repartition
repleate	replete
replenisht	replenished
repli'd	replied
replid'st	replidest
replide	replied
replie	reply
reply'd	replied
replye	reply
replyed	replied
replyes	replies
report'st	reportest
reporte	report
reportes	reports
reportst	reportest
reportyd	reported
reportynge	reporting
repos'd	reposed
reposd	reposed
reposde	reposed
repossesse	repossess
reprecussiue	reprecussive
repreeue	repreeve
reprehende	reprehend
reprehensiue	reprehensive
reprehention	reprehension
repreiue	reprieve
representst	representest
represse	repress
represt	repressed
repriefe	reprieve
reprieu'd	reprieved
reprieue	reprieve
reprieued	reprieved
repriev'd	reprieved
repriue	reprieve
repriued	reprieved
repriv'd	reprieved
reprive	reprieve
reproachfull	reproachful
reproch	reproach
reproche	reproach
reproches	reproaches
reprocheth	reproacheth
reprochfull	reproachful
reprofe	reproof
reproofe	reproof
reproofes	reproofs
reproou'd	reproved
reprooue	reprove
reproouelesse	reproovelesse
reproouers	reprovers
reproouest	reproovest
reproouing	reproving
reprou'd	reproved
reproue	reprove
reproueable	reprovable
reproued	reproved
reproues	reproves
reprouing	reproving
reprouynge	reproving
reprov'd	reproved
reproveable	reprovable
republicke	republic
republique	republic
republiques	republics
repugnaunts	repugnants
repugne	repugn
repul'st	repulest
repuls'd	repulsed
repulsiue	repulsive
repulst	repulsed
reputatiō	reputation
repyne	repine
repyning	repining
requeste	request
requestes	requests
requier	require
requight	requite
requir'd	required
requir'st	requirest
requird	required
requirde	require
requireth	requires
requisit	requisite
requitall	requital
requiteful'st	requitefulest
requyre	require
requyred	required
requyres	requires
requyreth	requireth
requyte	requit
rere	rear
rere-mice	rear-mice
rere-mise	rear-mise
rere-mouse	reremouse
rere-ward	rearward
rereiued	rereived
rereward	rearward
rerū	rerum
resayle	resail
rescew	rescue
rescissorie	rescissory
rescu'd	rescued
rescude	rescue
reseaue	reseave
resembl'st	resemblest
reseru'd	reserved
reseruation	reservation
reseruations	reservations
reserud	reserved
reserue	reserve
reserued	reserved
reseruednesse	reservedness
reserues	reserves
reseruest	reservest
reseruing	reserving
reserv'd	reserved
reservd	reserved
reservde	reserude
reservednesse	reservedness
reseue	reseve
reseued	reseved
resēbling	resembling
residēces	residences
resign'd	resigned
resignd	resigned
resigne	resign
resignement	resignment
resin'd	resigned
resinde	resigned
resined	resigned
resistaunce	resistance
resiste	resist
resistiue	resistive
resistles	resistless
resistlesse	resistless
resistyng	resisting
reskew	rescue
reskewd	rescued
reskue	rescue
reskued	rescued
reskuing	rescuing
reslect	reflect
resolu'd	resolved
resolu'st	resolvest
resolud	resolved
resolude	resolved
resolue	resolve
resolued	resolved
resoluedly	resolvedly
resolues	resolves
resoluing	resolving
resolusion	resolution
resolutiō	resolution
resolv	resolve
resolv'd	resolved
resolvd	resolved
resolve'd	resolveed
resoly'd	resolyed
reson	reason's
resonably	reasonably
resorte	resort
resortyd	resorted
resoue	resove
resounde	resound
resoundes	resounds
resoūded	resounded
resownd	resound
respect'st	respectest
respecte	respect
respectes	respects
respectfull	respectful
respectiue	respective
respectiuely	respectively
respectiuenesse	respectiveness
respectles	respectless
respectlesse	respectless
respit	respite
responde	respond
responsiue	responsive
respyte	respite
restauracion	restauration
restauracyon	restauration
reste	rest
restes	rests
restethe	resteth
restfull	restful
restie	resty
restinge	resting
restles	restless
restlesse	restless
restor'd	restored
restoratiue	restorative
restoratiues	restoratives
restord	restored
restorde	restored
restoritie	restority
restorynge	restoring
restrain'd	restrained
restrain'st	restrainest
restraind	restrained
restraine	restrain
restraines	restrains
restrayn'd	restrained
restraynd	restrained
restraynde	restrained
restrayne	restrain
restrayned	restrained
restraynes	restrains
restrian'd	restrianed
restyng	resting
restynge	resting
resusing	refusing
resygne	resign
resyst	resist
resyste	resist
ret	rest
retaild	retailed
retaile	retail
retailes	retails
retain'd	retained
retaind	retained
retaine	retain
retaine's	retain's
retaines	retains
retayle	retail
retayne	retain
retayner	retainer
retayners	retainers
retaynes	retains
retayneth	retaineth
retchlesse	retchless
retein	retain
reteine	retain
reteineth	retaineth
retentiue	retentive
reteyne	retain
rethorick	rhetoric
rethoricke	rhetoric
rethoricks	rhetorics
rethorike	rhetoric
rethorique	rhetoric
rethoritian	rethorician
retinew	retinue
retir'd	retired
retird	retired
retirde	retired
retirednesse	retiredness
retiremēt	retirement
retiremēts	retirements
retorick	rhetoric
retoricke	rhetoric
retorne	return
retorned	returned
retorte	retort
retourn	return
retourn'd	returned
retourne	return
retourned	returned
retournes	returns
retourneth	returneth
retourning	returning
retourninge	returning
retractiue	retractive
retrainyng	retraining
retrait	retreat
retraite	retreat
retreate	retreat
retreates	retreats
retriu'd	retrieved
retriue	retrieve
retriv'd	retrieved
retrive	retrieve
retriving	retrieving
return'd	returned
return'st	returnest
returnd	returned
returnde	returned
returne	return
returne's	return's
returnes	returns
returnst	returnest
retyr'd	retired
retyre	retire
retyred	retired
retyred-nerues	retired-nerves
retyrement	retirement
retyres	retires
retyring	retiring
retyringe	retiring
reu'rend	reverend
reue	reve
reuea'ld	revea'ld
reueal	reveal
reueal'd	revealed
reueal't	reveal't
reueald	revealed
reuealde	revealde
reueale	reveal
reueale't	reveale't
reuealed	revealed
reuealedst	revealedst
reuealer	revealer
reueales	reveals
reuealing	revealing
reueals	reveals
reueile	reveil
reuel	revel
reuel'd	revealed
reuelation	revelation
reueld	reveld
reuele	revel
reueled	revealed
reueler	reveller
reueling	revelling
reuell	revel
reuell's	revell's
reuell-rout	revelrout
reueller	reveller
reuellers	revellers
reuelles	revelles
reuelling	revelling
reuells	revels
reuels	revels
reuelynge	revelling
reuen	reven
reuendg	revendg
reuendge	revenge
reuenew	revenue
reuenewe	revenewe
reuenewes	revenues
reuenews	revenues
reueng	revenge
reueng'd	revenged
reueng'de	reveng'de
reuengd	revenged
reuengde	revenged
reuenge	revenge
reuenged	revenged
reuengefull	revengeful
reuengelesse	revengeless
reuengement	revengement
reuenger	revenger
reuengers	revengers
reuenges	revenges
reuengeth	revengeth
reuengethy	revengethy
reuengfull	revengeful
reuenging	revenging
reuenglesse	revenglesse
reuengs	revengs
reuengyng	revenging
reuennew	revennew
reuennewe	revennewe
reuennewes	revennewes
reuennue	revenue
reuennues	revenues
reuenue	revenue
reuenues	revenues
reuer	rever
reuerance	reverance
reuerberate	reverberate
reuerberated	reverberated
reuerberating	reverberating
reuerenc'd	reverenced
reuerenc't	reverenced
reuerence	reverence
reuerenced	reverenced
reuerences	reverences
reuerend	reverend
reuerenda	reverenda
reuerende	reverend
reuerendissimus	reverendissimus
reuerendly	reverendly
reuerenre	reverenre
reuerent	reverend
reuerentior	reverentior
reuerently	reverently
reuerere	reverere
reuereuce	revereuce
reuereud	revereud
reuerēce	reverence
reuerēt	reverend
reuerētly	reverently
reuers'd	reversed
reuerse	reverse
reuersed	reversed
reuersion	reversion
reuersions	reversions
reuerso	reverso
reuerst	reversed
reuert	revert
reuerted	reverted
reuertere	revertere
reuet	revet
reueuerend	reveuerend
reuew'd	reviewed
reuēgd	revenged
reuēge	revenge
reui'de	revi'de
reuied	revied
reuies	revies
reuil'd	reviled
reuil'st	revilest
reuild	reviled
reuilde	reviled
reuile	revile
reuiled	reviled
reuiles	reviles
reuiling	reviling
reuilings	revilings
reuin'd	?
reuinew	revinew
reuish	revish
reuisit	revisit
reuisite	revisit
reuit	revit
reuiu'd	revived
reuiu'de	reviu'de
reuiu'st	revivest
reuiuall	revival
reuiude	reviude
reuiue	revive
reuiued	revived
reuiues	revives
reuiuing	reviving
reuocantur	revocantur
reuocari	revocari
reuocetur	revocetur
reuok'd	revoked
reuok't	revoked
reuoke	revoke
reuokes	revokes
reuoking	revoking
reuolotions	revolotions
reuolt	revolt
reuolte	revolt
reuolted	revolted
reuolts	revolts
reuoltyng	revolting
reuolue	revolve
reuolues	revolves
reuoluit	revoluit
reuolusions	revolusions
reuolution	revolution
reuolutions	revolutions
reuoult	revoult
reuyle	revile
reuyled	reviled
reuyue	revyue
reuyued	revived
reuyues	revyues
reveal'd	revealed
reveald	revealed
reveale	reveal
reveales	reveals
revel'd	revealed
reveling	revelling
revell	revel
revell'd	revelled
revelled	reveled
revelling	reveling
revells	revels
revenew	revenue
revenew'd	revenewed
revenewes	revenues
reveng	revenge
reveng'd	revenged
revengd	revenged
revengde	revenged
revengefull	revengeful
revengelesse	revengeless
revengfull	revengeful
revennues	revenues
reveren'd	reverened
reverenc'd	reverenced
reverend'st	reverendest
revers'd	reversed
reverst	reversed
revertion	reversion
revil'd	reviled
revish'd	revished
revisite	revisit
reviu'd	revived
reviud	revived
reviue	revive
reviues	revives
reviv'd	revived
reviv'st	revivest
revivde	reviude
revok'd	revoked
revok't	revoked
revolue	revolve
revvardes	rewards
rewarde	reward
rewardes	rewards
rewd	rued
rewe	rew
rewed	rued
rewme	rheum
reygne	reign
reygnes	reigns
reyne	rein
reyned	reined
reynes	reins
reyns	reins
reyse	raise
rēcompencē	recompense
rēder	render
rēquitall	requital
rēt	rend
rhadamanthvs	rhadamanthus
rhethorick	rhetoric
rhetoricall	rhetorical
rhetorick	rhetoric
rhetoricke	rhetoric
rhetoricks	rhetorics
rhetorike	rhetoric
rhetorique	rhetoric
rheumatick	rheumatic
rheumatique	rheumatic
rheume	rheum
rheumes	rheums
rhumaticke	rheumatic
rhumes	rheums
rhym'd	rhymed
rib'd	ribbed
ribalde	ribald
ribaldrie	ribaldry
riband	ribband
ribaudred	ribald
ribauld	ribald
ribauldry	ribaldry
ribb	rib
ribb'd	ribbed
ribban	ribband
ribband	ribbon
ribbandes	ribbands
ribbands	ribbons
ribbe	rib
ribbes	ribs
ribbs	ribs
ribons	ribbons
rich-mens	rich-men's
rich-mē	richmen
rich-towne	rich-town
riche	rich
richely	richly
richlie	richly
richmōd	richmond
richnes	richness
richnesse	richness
richs	riches
richt	riched
rid'st	ridest
ridd	rid
ridde	rid
riddell	riddle
riddes	rids
ridiculouse	ridiculous
ridle	riddle
ridle's	riddle's
ridles	riddles
ridling	riddling
rie	rye
ries	rises
riffe	riff
rifl'd	rifled
rifles	riffes
rig'd	riged
rigd	rigged
rigg	rig
rigg'd	rigged
rigg'st	riggest
rigge	rig
right-worshipfull	right-worshipful
righte	right
righteousnes	righteousness
righteousnesse	righteousness
rightes	rights
rightfull	rightful
rigidnesse	rigidness
rigor	rigour
rime	rhyme
rimers	rhymers
rimes	rhymes
riming	rhyming
rinc'd	rinsed
rinde	rind
ring'd	ringed
ring-doue	ringdove
ring-doues	ringdoves
ring-doves	ringdoves
ring-leader	ringleader
ring-leaders	ringleaders
ring-tayl	ringtail
ring-worme	ringworm
ringd	ringed
ringe	ring
ringes	rings
ringeth	ring
ringinge	ringing
riote	riot
riott	riot
riotted	rioted
riotter	rioter
riotts	riots
rioua	riova
rip'd	riped
ripen'd	ripened
ripenes	ripeness
ripenesse	ripeness
ripness	ripeness
ripp'd	ripped
rippe	rip
ript	ripped
ris'd	rised
risinge	rising
risvs	risus
ritch	rich
ritcher	richer
ritches	riches
ritchly	richly
rithme	rhythm
riu'd	rived
riual'd	rivaled
riuald	rivald
riuale	rival
riualem	rivalem
riualis	rivalis
riuall	rival
riuall-ship	rivalship
riuall-shippe	rivalship
riualles	rivals
riualls	rivals
riuallshippe	rivallshippe
riualltooke	rivalltooke
riuals	rivals
riue	rive
riueld	riveled
riueled	riveled
riuell'd	riveled
riuels	rivels
riuen	riven
riuer	river
riuer-side	riverside
riuers	rivers
riuet	rivet
riueted	riveted
riuets	rivets
riuin	rivin
riuo	rivo
riuolets	rivulets
riuos	rivos
riv.	riu.
rival'd	rivalled
rivall	rival
rivall-ship	rivalship
rivalled	rivaled
rivalls	rivals
rivel'd	riveled
riveld	riveled
rivelled	riveled
rivetted	riveted
rivolet	rivulet
rivolets	rivulets
rize	rise
rizing	rising
roab	robe
roab'd	robed
roabe	robe
roabes	robes
roabs	robes
road-way	roadway
roade	road
roague	rogue
roague's	rogue's
roagues	rogues
roame	roam
roamyng	roaming
roape	rope
roapes	ropes
roar'd	roared
roard	roared
roare	roar
roares	roars
roaring-boyes	roaring-bois
roaryng	roaring
roast-meate	roast-meat
roaste	roast
roaue	roave
roauing	roving
rob'd	robed
rob'st	robbest
robb	rob
robb'd	robbed
robb'st	robbest
robbe	rob
robberie	robbery
robbes	robs
robd	robbed
robde	robbed
robst	robbest
robvr	robur
rock'd	rocked
rocke	rock
rockeing	rocking
rockes	rocks
rockie	rocky
rockis	rocks
rockt	rocked
rodd	rod
rodde	rod
roddes	rods
rodds	rods
rodes	roads
roebucke	roebuck
rogauit	rogavit
roguerie	roguery
rogyng	roging
roial	royal
roialest	royalest
roiall	royal
roiallie	royally
roially	royally
roialtie	royalty
roialty	royalty
rol'd	rolled
rold	rolled
roling	rolling
roll'd	rolled
rolle	roll
rolles	rolls
rollyng	rolling
rollynge	rolling
romage	rummage
romaine	roman
romaines	romans
romains	romans
romane	roman
romanes	romans
romantick	romantic
romayns	romans
romās	roman
rombling	rambling
roming	roaming
romoue	romove
romoued	romoved
rompe	romp
romvlvs	romulus
romysh	romish
romyshe	romish
rong	rung
ronnceual	ronnceval
ronne	run
ronning	running
roobes	robes
roode	rood
roodes	roods
roof'd	roofed
roofe	roof
roofe's	roof's
roofes	roofs
rooke	rook
rookes	rooks
roome	room
roome's	room's
roomes	rooms
roote	root
rootes	roots
rop'd	roped
rope-maker	ropemaker
rope-makers	ropemakers
rope-ripe	roperipe
ror'd	roared
rore	roar
roring	roaring
roring-tawnyfac'd	roring-tawnyfaced
rorings	roarings
roryng	roaring
ros-marine	rosmarine
roscivs	roscius
rose-cheek'd	rose-cheeked
rose-clap	roseclap
rose-leaues	rose-leaves
rose-like	roselike
rose-lipp'd	rose-lipped
rose-mary	rosemary
rose-water	rosewater
roseall	roseal
roseat	roseate
rosemarie	rosemary
rosie	rosy
rosie-colour'd	rosy-coloured
rosie-crosse	rosy-cross
rosie-finger'd	rosy-fingered
rosse	rose
rost-meat	roastmeat
roste	roast
rosted	roasted
rosting	roasting
rostmeat	roastmeat
rosy-finger'd	rosy-fingered
rosye	rosy
rot-gut	rotgut
rott	rot
rotte	rot
rotten'st	rottenest
rottenes	rottenness
rottennes	rottenness
rottennesse	rottenness
rottē	rotten
rottēfysh	rottenfysh
rouans	rovans
roue	rove
rouelets	rovelets
rouer	rover
rouere	rovere
rouerence	roverence
rouers	rovers
rouerst	roverst
roues	roves
rough-cast	roughcast
rough-hewn	roughhewn
roughe	rough
roughnes	roughness
roughnesse	roughness
rouing	roving
roul	roll
roul'd	rolled
rould	rolled
roule	roll
roules	rolls
rouling	ruling
rouling-wheel	ruling-wheel
roume	room
roun	room
roun'd	rouned
round-about	roundabout
round-backe	round-back
round-packt	round-packed
rounde	round
roundelaie	roundelay
roundelaies	roundelays
roundelayes	roundelays
roundell	roundel
roundes	rounds
roundlie	roundly
roundnes	roundness
roundyng	rounding
rous'd	roused
rousde	roused
route	rout
routes	routs
rouude	rowde
rouyng	roving
rouynge	roving
rouz'd	roused
rouze	rouse
rouzed	roused
roūd	round
rov'd	roved
rovvley	rowley
row'd	rowed
rowe	row
rowell'd	roweled
rowells	rowels
rowes	rows
rowgh	rough
rowl	roll
rowl'd	rolled
rowl'st	rowlest
rowld	rolled
rowle	roll
rowled	rolled
rowlers	rulers
rowles	rolls
rowleth	rolleth
rowlie	rowly
rowling	rolling
rowlyng	rolling
rowme	room
rownd	round
rownde	round
rowndes	rounds
rowsde	roused
rowse	rouse
rowses	rouses
rowsing	rousing
rowst	rowest
rowt	rout
rowte	rout
rowted	routed
rowtes	routs
rowz'd	roused
rowze	rouse
rowzes	rouses
royal'st	royalest
royalise	royalize
royall	royal
royall-exchange	royal-exchange
royall-mistris	royal-mistress
royallest	royalest
royalliz'd	royallized
royallize	royalise
royallty	royalty
royaltie	royalty
royaltye	royalty
royaltyes	royalties
royles	roils
royst	roist
roysters	roisters
roysting	roisting
rōne	run
rōning	running
ru'st	ruest
rub'd	rubbed
rubarbatiue	rubarbative
rubb	rub
rubb'd	rubbed
rubbe	rub
rubbes	rubs
rubbinge	rubbing
rubd	rubbed
rubie	ruby
rubish	rubbish
rubricke	rubric
ruby-colourd	ruby-coloured
rubyes	rubies
ructyng	ructing
ruddie	ruddy
ruddockes	ruddocks
rudelie	rudely
rudelye	rudely
rudenes	rudeness
rudenesse	rudeness
rudevnciuile	rudeuncivile
ruefull	rueful
rues	rves
ruet	rvet
ruffe	ruff
ruffelers	rufflers
ruffes	ruffs
ruffin	ruffian
ruffins	ruffians
rufflyng	ruffling
rufled	ruffled
rufling	ruffling
ruflyng	ruffling
ruful	rueful
rufull	rueful
rufully	ruefully
rugg	rug
rugg'd	rugged
rugge	rug
ruggid	rugged
ruggown'd	ruggowned
rui'd	rvied
ruice	rvice
ruin'd	ruined
ruin'de	rvin'de
ruinam	rvinam
ruinas	rvinas
ruinated	rvinated
ruinates	rvinates
ruinating	rvinating
ruind	ruined
ruinde	rvinde
ruine	ruin
ruine-threatning	ruin-threatening
ruines	ruins
ruistie	rvistie
ruit	rvit
ruiue	ruin
rul'd	ruled
rul'st	rulest
ruld	ruled
rulde	ruled
rulethe	ruleth
rull'd	rulled
rumbl'd	rumbled
rumblyng	rumbling
rumblynge	rumbling
rume	rheum
rumor'd	rumoured
rumors	rumours
rumour'd	rumoured
rumous	rumours
rumpes	rumps
rumpgall'd	rumpgalled
run'd	runed
run'st	runnest
run-a-way	runaway
run-away	runaway
run-awayes	runaways
run-aways	runaways
runawaies	runaways
rundelaies	roundelays
rundelay	roundelay
rundlet	roundlet
rundlets	roundlet
runn	run
runn'st	runnest
runnagate	runagate
runnagates	runagates
runnaway	runaway
runne	run
runne-away	runaway
runne-awayes	runaways
runnes	runs
runnē	runnen
runns	runs
runnyng	running
runnynge	running
runst	runnest
rurall	rural
rush'd	rushed
rush't	rushed
rushe	rush
rusheth	rushes
rusht	rushed
russetting	russeting
russhyng	rushing
russiā	russian
ruste	rust
rusticall	rustical
rusticitie	rusticity
rustick	rustic
rusticke	rustic
rustie	rusty
rustinesse	rustiness
rustique	rustic
rustye	rusty
ruthe	ruth
rutheles	ruthless
ruthfull	ruthful
ruthles	ruthless
ruthlesse	ruthless
rutte	rut
rutts	ruts
ruyn	ruin
ruyne	ruin
ruynes	ruins
ruynous	ruinous
rūne	run
rvdyerd	rudyerd
rvf	ruf
rvfvs	rufus
rvle	rule
rvmor	rumor
rvtland	rutland
rvuers	ruuers
rybbes	ribs
rych	rich
ryche	rich
ryches	riches
ryd	rid
rydden	ridden
ryde	ride
ryden	riden
rydes	rides
ryding	riding
rye-straw	ryestraw
ryfe	rife
ryg'd	ryged
ryght	right
ryghte	right
ryghteous	righteous
ryghteouse	righteous
ryghteousnes	righteousness
ryghteousnesse	righteousness
ryghtes	rights
ryghtlye	rightly
ryghts	rights
rygorous	rigorous
rygour	rigour
ryme	rhyme
rymes	rhymes
rynde	rind
ryng	ring
rynge	ring
rynges	rings
ryngyng	ringing
ryot	riot
ryotous	riotous
ryots	riots
rype	ripe
ryper	riper
rypes	ripes
ryse	rise
rysen	risen
rysest	risest
ryseth	riseth
rysing	rising
rysyng	rising
rytche	rich
rytches	riches
ryte	rite
rytes	rites
ryual	ryval
ryuall	ryvall
ryue	ryve
ryuels	ryvels
ryuer	river
ryuers	ryvers
ryues	ryves
réede	reed
réedes	reeds
réeke	reek
réeles	reels
s'blood	'sblood
s'death	'sdeath
s'euer	soever
s'foot	'sfoot
s'foote	'sfoot
s'footeyou'l	s'footeyov'l
s'fut	'sfoot
s'lid	'slid
s'life	'slife
s'light	'slight
s'rah	sirrah
s'reaued	s'reaved
sa'	save
sabboth	sabbath
sabinvs	sabinus
sac	sanc
sachell	satchel
sachels	satchels
saci'd	sacied
sacietie	satiety
saciety	satiety
sack'd	sacked
sack-full	sackful
sackcloath	sackcloth
sacke	sack
sacke-full	sackful
sackes	sacks
sackt	sacked
sacrafice	sacrifice
sacrafiz'd	sacrafized
sacrafyce	sacrifice
sacramentall	sacramental
sacramētals	sacramentals
sacrapāt	sacrapant
sacrefyce	sacrifice
sacrfice	sacrifice
sacrific'd	sacrificed
sacrifie	sacrify
sacrifisde	sacrificed
sacrifise	sacrifice
sacrifised	sacrificed
sacrifising	sacrificing
sacrifiz'd	sacrificed
sacrifize	sacrifice
sacrifizing	sacrificing
sacrifyce	sacrifice
sacrifyces	sacrifices
sacrifycing	sacrificing
sacriledg	sacrilege
sacriledge	sacrilege
sacriligious	sacrilegious
sacrvm	sacrum
sacryfice	sacrifice
sacryficed	sacrificed
sacryfyce	sacrifice
sacryfyces	sacrifices
sadd	sad
sadde	sad
saddels	saddles
saddle-bow	saddlebow
saddnesse	sadness
sadell	saddle
sadl'd	saddled
sadle	saddle
sadled	saddled
sadlers	saddlers
sadles	saddles
sadlie	sadly
sadlye	sadly
sadnes	sadness
sadnesse	sadness
saduces	saducees
saed	said
saeua	saeva
saeuis	saevis
saeuit	saevit
saf't	saved
safe-guardes	safeguards
safegard	safeguard
safegarde	safeguard
safelie	safely
safelye	safely
safetie	safety
saffron'd	saffroned
saffron-cheeke	saffron-cheek
saftety	safety
saftie	safety
safty	safety
sai'd	said
sai'st	sayest
said'st	saidst
saide	said
saidest	saidst
saie	say
saied	said
saieng	saying
saies	says
saiest	sayest
saieth	sayeth
sail'd	sailed
sail'st	sailest
sail-swel'd	sail-swelled
saild	sailed
saile	sail
saile-stretcht	sail-stretched
saile-swell'd	sail-swelled
sailers	sailors
sailes	sails
sain'd	sained
sainct	saint
saincte	saint
sainctes	saints
saincts	saints
saine	sane
saing	saying
saint-like	saintlike
saintes	saints
saist	sayest
saith	sayeth
saithe	sayeth
saiuts	saints
saiyng	saying
salarie	salary
sale-wit	salewit
salets	salads
salick	salic
salique	salic
salisbury-plain	salisburyplain
salisbvrie	salisburie
saliuia	salivia
sall	shall
sallad	salad
sallad-eating	salad-eating
sallade	salad
sallades	salads
sallads	salads
sallary	salary
sallats	salads
sallet	salad
sallieng	sallying
sallowe	sallow
sallyes	sallies
salmō	salmon
salt-fish	saltfish
salt-peeter	saltpeter
salte	salt
saltnes	saltness
saltnesse	saltness
saltpeeter	saltpeter
salu'd	salved
saluacyon	salvation
saluage	salvage
saluation	salvation
saluations	salvations
saluatiō	salvation
saluatory	salvatory
salue	salve
salued	salved
salues	salves
saluē	saluen
saluing	salving
salutacion	salutation
salutacions	salutations
salutatiō	salutation
salutatiōs	salutations
salvs	salus
salvst	salust
samething	something
samine	same
samplar	sampler
sanctifi'd	sanctified
sanctifie	sanctify
sanctifyed	sanctified
sanctitie	sanctity
sanctuar'd	sanctuared
sanctuarie	sanctuary
sanctuary'd	sanctuaried
sancturie	sanctuary
sand-bag	sandbag
sand-bagge	sandbag
sand-bags	sandbags
sand-heate	sand-hate
sande	sand
sandes	sands
sandie	sandy
sandynge	sanding
sanguin	sanguine
sanguin'd	sanguined
sanke	sank
sanqvinivs	sanqvinius
sap'd	saped
sap-les	sapless
saphyres	sapphires
saples	sapless
saplesse	sapless
sappe	sap
sappie	sappy
sappye	sappy
sapyence	sapience
sarcenet	sarsenet
sargeants	sergeants
sargiants	sergeants
sarjants	sergeants
sarjeants	sergeants
saruants	servants
sarued	served
sasafras	sassafras
sassa-fras	sassafras
sat'st	sattest
satchell	satchel
saterdaie	saturday
saterday	saturday
satest	sattest
sathan's	satan's
sathā	sathan
satietie	satiety
satifaction	satisfaction
satine	satin
satiricall	satirical
satirs	satires
satis-fide	satisfied
satis-fie	satisfy
satisfacton	satisfaction
satisfi'd	satisfied
satisfi'de	satisfied
satisfide	satisfied
satisfie	satisfy
satisfiyng	satisfying
satisfy'd	satisfied
satisfye	satisfy
satisfyed	satisfied
satrivs	satrius
satsfi'd	satsfied
sattans	satans
satte	sat
satten	satin
sattin	satin
saturns	satur's
satvrne	saturne
satvrne's	saturne's
satvrnes	saturnes
satvrnia	saturnia
satvrnivs	saturnius
satyr'd	satyred
satyre	satire
satyres	satires
satyricall	satyrical
satyrically	satirically
satyricke	satyric
satyrist	satirist
satyrists	satirists
satysfye	satisfy
satysfyed	satisfied
sau'd	saved
sau'de	saved
sau'dst	savedst
sau'st	savest
saua	sava
sauadge	savage
sauadgely	savadgely
sauadges	savages
sauadgest	savadgest
sauage	savage
sauage-spirited	savage-spirited
sauagely	savagely
sauages	savages
sauc'd	sauced
sauce-box	saucebox
saucer-eyde	saucer-eyed
saucie	saucy
saucinesse	sauciness
saue	save
saue's	save's
saue-gard	safeguard
saued	saved
sauedest	savedest
sauedst	savedst
sauedyst	savedyst
sauegard	safeguard
sauegarde	safeguard
saueguard	saveguard
sauely	savely
sauer	saver
sauers	savers
sauery	savoury
saues	saves
sauete	savete
saueth	saveth
saui	savi
sauicola	savicola
sauier	savier
sauil	savil
sauil.	savil.
sauill	savill
sauin	savin
sauin-tree	savin-tree
sauing	saving
sauingst	savingst
sauiolina	saviolina
sauior	saviour
sauiour	saviour
sauioure	saviour
sauiours	saviours
sault	salt
saunders	sanders
sauns	sans
sauo	savo
sauor	savour
sauore	savour
sauorest	savorest
sauorie	savoury
sauoring	savouring
sauorly	savourly
sauors	savours
sauory	savoury
sauour	savour
sauour'd	savoured
sauoureth	savoureth
sauouring	savouring
sauourly	savourly
sauours	savours
sauout	savout
sauoy	savoy
sauoye	savoye
sauoyes	savoy's
sause	sauce
sauuete	sawete
sauyng	saving
sauynge	saving
sav'd	saved
sav'de	saved
sav.	sau.
savd'st	saudest
savegard	safeguard
savor	savour
savory	savoury
savv	saw
saw'd	sawed
saw'st	sawest
saw-dust	sawdust
sawce	sauce
sawce-box	saucebox
sawce-boxe	saucebox
sawced	sauced
sawcer	sauncer
sawces	sauces
sawcie	saucy
sawcilie	saucily
sawcily	saucily
sawciness	sauciness
sawcinesse	sauciness
sawcy	saucy
sawcye	saucy
sawe	saw
sawes	saws
sawne	sawn
sawsie	saucy
sawst	sawest
saxō	saxon
say'd	said
say'st	sayest
sayd	said
sayd'st	saidst
sayde	said
saydest	saidst
saydst	saidst
saye	say
sayed	said
sayenge	saying
sayes	says
sayinges	sayings
sayl	sail
sayl'd	sailed
sayld	sailed
sayle	sail
sayle-wing'd	sail-winged
sayle-yeards	sail-yards
sayled	sailed
sayler	sailor
saylers	sailors
sayles	sails
saylest	sailest
sayling	sailing
saylinge	sailing
sayls	sails
saylye	saily
saylyng	sailing
sayne	say
sayned	feigned
sayng	saying
saynge	saying
saynt	saint
saynte	faint
sayntes	saints
sayst	sayest
sayth	say
sayth'd	saythed
saythe	say
sāmons	sammons
scab'd	scabbed
scabb'd	scabbed
scabbe	scab
scabberd	scabbard
scabbes	scabs
scaene	scene
scal'd	scaled
scald'st	scaldest
scaldes	scalds
scaldyng	scalding
scaleing	scaling
scall'd	scalled
scalpe	scalp
scan'd	scanned
scand	scanned
scandal'd	scandalled
scandale	scandal
scandales	scandals
scandaliz'd	scandalized
scandalize	scandalise
scandalizing	scandalising
scandall	scandal
scandalls	scandals
scandalons	scandalous
scanne	scan
scante	scant
scap'd	escaped
scap'st	scapest
scap't	scapaed
scapethe	scapeth
scaping	escaping
scapt	escaped
scar'd	scared
scar-crow	scarecrow
scar-crowes	scarecrows
scarce-seene	scarce-seen
scarcly	scarcely
scarcrow	scarecrow
scarcrow-like	scarecrow-like
scard	scared
scarfe	scarf
scarfed	scarved
scarfes	scarves
scarletted	scarleted
scarre-crow	scarecrow
scarre-crowe	scarecrow
scarre-crowes	scarecrows
scarres	scars
scarrified	scarified
scarrs	scars
scarse	scarce
scarsely	scarcely
scarses	scarces
scarsitie	scarcity
scarsity	scarcity
scarsitye	scarcity
scarsly	scarcely
scat'red	scattered
scatered	scattered
scatt'red	scattered
scatter'd	scattered
scatter'st	scatterest
scatter-good	scattergood
scatterd	scattered
scattred	scattered
scattredst	scatteredst
scattring	scattering
scauen-score	scaven-score
scauenger	scavenger
scauengers	scavengers
scauinger	scavinger
scauingers	scavengers
sceane	scene
sceanes	scenes
scedule	schedule
scencelesse	senseless
scenicall	scenical
scepter	sceptre
scepter's	sceptre's
scepters	sceptres
sceptick	sceptic
scepticks	sceptics
sceptr'd	sceptred
sceuo.	scevo.
sceuol.	scevol.
sceuola	scevola
sceuola.	scevola.
sceuolous	scevolous
scheue	scheve
schismaticall	schismatical
schismaticke	schismatic
schismatike	schismatic
schisme	schism
scholar-like	scholarlike
scholards	scholars
scholares	scholars
scholaritie	scholarity
scholasticall	scholastical
scholastique	scholastic
scholde	should
schole	school
schole-boyes	school-boys
schole-craft	school-craft
schole-maister	schoolmaster
scholemaister	schoolmaster
scholemaster	schoolmaster
scholemasters	schoolmasters
scholer	scholar
scholers	scholars
scholiaste	scholiast
schollar	scholar
schollars	scholars
schollarship	scholarship
scholler	scholar
scholler-like	scholarlike
schollers	scholars
schollership	scholarship
school'd	schooled
school-boy	schoolboy
school-maister	schoolmaster
school-master	schoolmaster
schoold	schooled
schoole	school
schoole-boy	schoolboy
schoole-boyes	school-boys
schoole-defences	school-defences
schoole-fellowes	schoolfellows
schoole-learning	school-learning
schoole-like	school-like
schoole-maister	schoolmaster
schoole-master	schoolmaster
schoole-men	schoolmen
schoole-name	school-name
schoole-points	school-points
schoole-tradition	school-tradition
schoole-tricks	school-tricks
schooleboies	schoolboys
schooleboyes	schoolboys
schoolemaister	schoolmaster
schoolemaisters	schoolmasters
schoolemaster	schoolmaster
schoolemasters	schoolmasters
schoolemen	schoolmen
schoolemens	schoolmen's
schoolemistresse	schoolmistress
schooles	schools
schorched	scorched
schream'd	schreamed
schreich-owles	schreichowles
schrich-owles	schrichowles
scicilian	sicilian
scientiall	sciential
sciēce	science
scilence	silence
sciruy	scurvy
scissers	scissors
scited	sited
scithian	scythian
scithians	scythians
scituate	situate
scituation	situation
sclaunderous	slanderous
sclauonians	sclavonians
sclender	slender
sco'd	scoed
scoff'd	scoffed
scoffe	scoff
scoffes	scoffs
scofs	scoffs
scoft	scoffed
scolde	scold
scoldes	scolds
scollers	scholars
scoope	scoop
scoopes	scoops
scoopyng	scooping
scor'd	scored
scorce	scorse
scorch'd	scorched
scorch't	scorched
scorcht	scorched
scorn'd	scorned
scorn'dst	scornedst
scorn'st	scornest
scornd	scorned
scorne	scorn
scorneful	scornful
scornefull	scornful
scornefully	scornfully
scorners	scorner's
scornes	scorns
scornesull	scornful
scornfull	scornful
scornfvl	scornful
scornst	scornest
scortch	scorch
scortched	scorched
scortches	scorches
scortching	scorching
scosfing	scoffing
scot-free	scotfree
scould	scold
scoulde	scold
scoulded	scolded
scoulding	scolding
scoulds	scolds
scoundrell	scoundrel
scoundrells	scoundrels
scour'd	scoured
scoure	scour
scoures	scours
scourg'd	scourged
scourgd	scourged
scourge-sticke	scourge-stick
scourgeth	scourges
scouring-sticke	scouring-stick
scourynges	scourings
scoutes	scouts
scowers	scours
scowle	scowl
scowr'd	scoured
scowrd	scoured
scowre	scour
scowred	scoured
scowring	scouring
scowring-sticke	scouring-stick
scowring-sticks	scouring-sticks
scō	scon
scracht	scratched
scrap'd	scraped
scrap't	scraped
scrappes	scraps
scrapps	scraps
scrapt	scrapped
scratch'd	scratched
scratche	scratch
scratcht	scratched
scrāble	scramble
screech-owl	screechowl
screech-owle	screechowl
screene	screen
screenes	screens
screw'd	screwed
screwes	screws
scrible	scribble
scribler	scribbler
scribling	scribbling
scriblings	scribblings
scribūt	scribunt
scrich-owle	scrichowl
scrich-owles	scritch-owls
scrichowle	scrichowl
scrippe	scrip
scritch-howles	scritch-howls
scritch-owle	screechowl
scritch-owles	scritch-owls
scriue.	scrive.
scriuenars	scrivenars
scriuener	scrivener
scriueners	scriveners
scriuenes	scrivenes
scrivner	scriuner
scrole	scroll
scroles	scrolls
scrolles	scrolls
scrowle	scroll
scrowles	scrolls
scru'd	screwed
scrub'd	scrubbed
scrupule	scruple
scrupulouse	scrupulous
scrupulousnesse	scrupulousness
scrutinie	scrutiny
scrybe	scribe
scrybes	scribes
scrypture	scripture
scu	scum
scudde	scud
scuddyng	scudding
scufflyng	scuffling
sculk'd	skulked
sculles	skulls
sculs	skulls
scumme	scum
scundyng	scunding
scurg'd	scourged
scurge	scourge
scurges	scourges
scurrilitie	scurrility
scurrulous	scurrilous
scuruey	scurvy
scuruie	scurvy
scuruily	scurvily
scuruy	scurvy
scuruy-grasse	scurvygrass
scuruye	scurvy
scurvey	scurvy
scurvie	scurvy
scurvilie	scurvily
scutchin	scutcheon
scutchins	scutcheons
scutchion	scutcheon
scutchions	scutcheons
scyence	science
scythe's	scyth's
sdaine	disdain
sdeath	'sdeath
se'd	seed
se'ing	seeing
se'n-night	sevennight
se'nnight	sevennight
se'nnight's	sevennight's
se'nnights	sevennights
sea-borne	seaborn
sea-boy	seaboy
sea-calfe	sea-calf
sea-captaine	sea-captain
sea-coal	seacoal
sea-coale	seacoal
sea-coales	sea-coals
sea-coast	seacoast
sea-cole	seacoal
sea-diuell	sea-divell
sea-enuiron'd	sea-enuironed
sea-faring	seafaring
sea-gods	seagods
sea-greene	seagreen
sea-like	sealike
sea-maid's	seamaid's
sea-man	seaman
sea-mans	seamans
sea-mark	seamark
sea-marke	seamark
sea-markes	seamarks
sea-men	seamen
sea-nimphs	sea-nymphs
sea-salt	seasalt
sea-sick	seasick
sea-sicke	seasick
sea-side	seaside
sea-thrift	seathrift
sea-tost	sea-tossed
seace	seance
sead	seed
seaes	seas
seafarer	sea-farer
seake	seek
seal'd	sealed
seald	sealed
seale	seal
seale-cutter	seal-cutter
seales	seals
seam'd	seamed
seame	seam
seame-rent	seam-rent
seames	seams
seaming	seeming
seamstresse	seamstress
sear'd	seared
sear-cloth	searcloth
sear-cloths	sear-clothes
search'd	searched
search't	searched
searche	search
searcheth	searches
searcht	searched
seard	seared
seare	sear
seare-cloth	searcloth
seares	sears
seas'd	seized
seasd	seized
seasde	seized
sease	seize
seased	seized
seaseth	seizeth
seasicke	seasick
seasing	seizing
season'd	seasoned
seasō	season
seasure	seizure
seat'st	seatest
seate	seat
seates	seats
seaue	seave
seauen	seaven
seauen-fold	sevenfold
seauen-fould	sevenfold
seauen-night	sevennight
seauen-sold	seven-sold
seauenfold	sevenfold
seauenight	seavenight
seauenteene	seaventeene
seauenteenth	seaventeenth
seauenth	seaventh
seauentie	seaventie
seauingers	seavingers
seavens	sevens
seaz'd	seized
seaze	seize
seazed	seized
seazes	seizes
seazeth	seizeth
seazing	seizing
secōd	second
secōde	seconde
secrecie	secrecy
secreetly	secretly
secrefie	secrecy
secresie	secrecy
secresies	secrecies
secresy	secrecy
secret'st	secretest
secretarie	secretary
secretaries	secretary's
secrete	secret
secretely	secretly
secretes	secrets
secretlie	secretly
secretnes	secretness
secretnesse	secretness
secretorie	secretory
secretst	secretest
secrett	secret
secrēt	secret
secte	sect
sectes	sects
seculer	secular
secur'd	secured
securd	secured
securelie	securely
securenesse	secureness
securitie	security
secvnda	secunda
secvndi	secundi
secvndvs	secundus
sed	said
sedicious	seditious
seditiō	sedition
seduc'd	seduced
seduc't	seduced
sedue'd	sedueed
see'st	seest
seeble	feeble
seed-pearle	seed-pearl
seede	seed
seedes	seeds
seeemes	seems
seeene	seen
seege	siege
seek'st	seekest
seeke	seek
seekes	seeks
seeketh	seeks
seekst	seekest
seeld	seeled
seeldome	seldom
seele	seel
seelie	seely
seem'd	seemed
seem'dst	seemedst
seem'st	seemest
seemd	seemed
seemde	seemed
seeme	seem
seeme's	seem's
seeme-good	seem-good
seemely	seemly
seemes	seems
seemē	seem
seemēd	seemed
seemst	seemest
seemyng	seeming
seem̄es	seems
seene	seen
seenē	sennon
seeret	secret
seese	cheese
seeste	seest
seete	feet
seeth	sees
seeths	seethes
seeuen	seeven
seeuola	seevola
seevs	seeus
seē	seem
seēne	seen
seianv's	seianu's
seianvs	seianus
seige	siege
seiges	sieges
seigned	signed
seigniour	seignior
seing	sing
seinge	sing
seis'd	seized
seisde	seized
seise	seize
seised	seized
seiseth	seizeth
seisure	seizure
seiz	seize
seiz'd	seized
seizd	seized
seke	seek
seker	seeker
sekes	seels
seketh	seeketh
sel	sell
sel-away	sell-away
sel-smocke	sell-smock
seldome	seldom
seldome's	seldom's
sele	seal
seleueus	seleveus
self-conceitednesse	self-conceitedness
self-love	selflove
self-misued	self-misused
self-same	selfsame
self-wil	selfwill
self-will'd	self-willed
selfe	self
selfe's	self's
selfe-aduantage	self-advantage
selfe-affecting	self-affecting
selfe-affliction	self-affliction
selfe-bloud	self-blood
selfe-bred	self-bred
selfe-conceiued	self-conceived
selfe-cruell	self-cruel
selfe-decree	self-decree
selfe-defence	self-defence
selfe-destruction	self-destruction
selfe-diuided	self-divided
selfe-diuision	self-division
selfe-fame	self-fame
selfe-flatterie	self-flattery
selfe-fondnesse	self-fondness
selfe-forsaken	self-forsaken
selfe-fortunes	self-fortunes
selfe-guilty	self-guilty
selfe-hindring	self-hindering
selfe-humour	self-humour
selfe-hurting	self-hurting
selfe-liues	self-lives
selfe-lou'd	self-loved
selfe-loue	selflove
selfe-louing	self-loving
selfe-louing-foole	selfe-loving-foole
selfe-lov'd	self-loved
selfe-lover	self-lover
selfe-loving	self-loving
selfe-mistrust	self-mistrust
selfe-murther	self-murder
selfe-opinion	self-opinion
selfe-opinionate	self-opinionate
selfe-peece	self-piece
selfe-pitty	self-pity
selfe-pleasing	self-pleasing
selfe-respects	self-respects
selfe-same	selfsame
selfe-strangled	self-strangled
selfe-succour	self-succour
selfe-vnworthinesse	self-unworthiness
selfe-wild	self-willed
selfe-will	self-will
selfe-will'd	self-willed
selfe-wronging	self-wronging
selfes	selves
selfesame	selfsame
selfwilled	self-willed
selicitie	felicity
selicity	felicity
selie	silly
selles	sells
sellinge	selling
sellye	selly
sellynge	selling
sels	sells
selue	self
selued	selved
selues	selves
selus	selves
selvs	selves
semblaunces	semblances
semblāt	semblant
seme	seem
semed	seemed
semely	seemly
semes	seems
semeth	seemeth
semi-circle	semicircle
semi-circled	semicircled
semi-gods	semigods
seminarie	seminary
seming	seeming
semiquauer	semiquaver
semitar	scimitar
semitarie	cemetery
semitary	cemetery
sempiternall	sempiternal
sempstresse	sempstress
semstress	seamstress
semy-quauer	semy-quaver
senat	senate
senatour	senator
senatours	senators
senats	senates
senc'd	sensed
senc't	sensed
sence	sense
sence-bereauing	sence-bereaving
senceles	senseless
sencelesly	senselessly
senceless	senseless
sencelesse	senseless
sences	senses
sencible	sensible
sencibly	sensibly
sencitiue	sencitive
send'st	sendest
send-a	send
sende	send
sendes	sends
sendeth	sends
sendst	sendest
sendynges	sendings
sene	seen
seneschall	seneschal
seneshall	seneschal
senight	sevennight
sennight	sevennight
sens	since
senseles	senseless
senselesly	senselessly
senselesse	senseless
senservnt	senserunt
sensitiue	sensitive
sensiue	sensive
sensles	senseless
sensless	senseless
senslesse	senseless
sensualitie	sensuality
sensuall	sensual
sensynge	sensing
sent'st	sentest
sentance	sentence
sente	sent
sented	scented
sentenc'd	sentenced
sentencde	sentenced
sentēses	sentences
sentinell	sentinel
sentinells	sentinels
sentst	sentest
separacyon	separation
sepeliuit	sepelivit
seperable	separable
seperate	separate
seperated	separated
seperates	separates
seperating	separating
seperation	separation
seperations	separations
seperats	separates
septers	scepters
sepulcher'd	sepulchered
sepulchring	sepulchering
sequele	sequel
sequell	sequel
sequestred	sequestered
sequēce	sequence
sequutor	secutor
ser-reuerence	ser-reverence
seraphique	seraphic
serch	search
serche	search
serched	searched
sercher	searcher
serchers	searchers
serches	searches
serching	searching
serenarvnt	serenarunt
serenitie	serenity
sereuingmen	serevingmen
sergants	sergeants
sergivs	sergius
seriants	sergeants
serieant	sergeant
seriouslie	seriously
seriousnes	seriousness
seriousnesse	seriousness
serjant	segeant
serjants	sergeants
serjeants	sergeants
sermone	sermon
sern'd	serened
serpent-like	serpentlike
serpente	serpent
serpentes	serpents
serpēt	serpent
serpētes	serpents
serre	serrae
sertorivs	sertorius
seru	servants
seru'd	served
seru'st	servest
seruant	servant
seruant's	servant's
seruant-like	servant-like
seruante	servant
seruantes	servants
seruants	servants
seruaunt	servant
seruaunte	servant
seruauntes	servants
seruaunts	servants
seruaūt	servant
seruaūtes	servants
seruāt	seruamt
serud	served
serude	served
serue	serve
serued	served
seruent	servent
serues	serves
seruest	servest
serueth	serveth
seruice	service
seruiceable	serviceable
seruices	services
seruile	servile
seruilely	servilely
seruilitie	servility
seruility	servility
seruill	servile
seruing	serving
seruing-man	servingman
seruing-men	servingmen
seruing-womans	serving-woman's
seruingman	servingman
seruingmans	servingmans
seruingmen	servingmen
seruises	services
seruitor	servitor
seruitors	servitors
seruitour	servitor
seruitours	servitors
seruitude	servitude
seruiues	seruives
seruyce	service
seruyng	serving
serv	serve
serv'd	served
serv'st	servest
serv.	seru.
servante	servant
servd	served
servent	servient
servicē	servicem
serving-man	servingman
serving-men	servingmen
servitours	servitors
servivs	servius
servvs	serws
sess'd	sessed
sessiō	session
sestercies	sesterces
set'st	settest
set-on	seton
set-out	setout
set-vp	setup
sethyng	seething
sethynge	seething
setle	settle
setled	settled
setles	settles
setlest	settlest
setling	settling
setst	settest
sett	set
sett'st	settest
sette	set
setteled	settled
settes	sets
setteth	sets
settis	sets
settl'd	settled
settle-braine	settle-brain
setts	sets
settyng	setting
settynge	setting
seu'rall	several
seu'ring	severing
seuant	sevant
seueare	seveare
seueere	seveere
seueerest	seveerest
seueld	seveld
seuen	seven
seuen-fold	sevenfold
seuen-night	sevennight
seuen-shares	seven-shares
seuenfold	sevenfold
seuenight	sevennight
seuennight	sevennight
seuenscore	sevenscore
seuent	sevent
seuenteene	seventeene
seuenteenth	seventeenth
seuentene	seventene
seuenth	seventh
seuenth-night	seventh-night
seuentie	seventie
seuentimes-heat	seventimes-heat
seuenty	seventy
seuenty-seuen	seventy-seven
seuer	sever
seuer'd	severed
seuer'em	sever'em
seueral	several
seuerall	several
seuerallie	severally
seuerally	severally
seuerance	severance
seuerd	severed
seuerde	severde
seuere	severe
seuered	severed
seuerelie	severely
seuerely	severely
seuerenesse	severeness
seuerer	severer
seuerest	severest
seueri	severi
seueriores	severiores
seueritie	severity
seuerity	severity
seuerne	severne
seuerns	severns
seuero	severo
seuers	severs
seuerus	severus
seuē	seven
seuēnight	sevennight
seuēth	seventh
seuil	sevil
seuo	sevo
seurall	several
seure	sever
sev'ral	several
sev'rall	several
seven-fold	sevenfold
seven-night	sevennight
sevenight	sevennight
sever'd	severed
severall	several
severall-colour'd	several-coloured
severd	severed
severitie	severity
severvs	severus
sew'd	sewed
sewe	sew
sewes	sews
sewyng	sewing
sexe	sex
sexten	sexton
sextvs	sextus
seyes	says
seyng	sing
seyst	sayest
seyz'd	seized
seyze	seize
seyzed	seized
sēd	send
sēmpyternall	sempyternall
sēpster	sempster
sfoote	sfoot
sforza'es	sforza's
sh'	she
sha'd	shaed
sha't	shalt
shacke	shack
shackels	shackles
shackle-soule	shackle-soul
shaddow	shadow
shaddow'd	shadowed
shaddowe	shadow
shaddowed	shadowed
shaddowes	shadows
shaddoweth	shadoweth
shaddows	shadows
shadelesse	shadeless
shadie	shady
shadovves	shadows
shadow'd	shadowed
shadow-like	shadowlike
shadowe	shadow
shadowes	shadows
shadowie	shadowy
shafalus	cephalus
shafte	shaft
shaftes	shafts
shag-rag	shagrag
shag-ragge	shagrag
shag-ruffe	shag-ruff
shagg	shag
shagge	shag
shagge-hair'd	shag-haired
shagge-haire	shag-hair
shaine	shame
shaire	share
shak'd	shaked
shak'st	shakest
shak-spear	shakspear
shake-speare	shakespeare
shaketh	shakes
shakles	shackles
shakrvvel	shakrwel
shakt	shaked
shakte	shaked
shakyng	shaking
shal	shall
shal's	shall's
shal't	shalt
shalbe	shall
shalbee	shalbe
shall-be	shall
shallbe	shall
shalle	shall
shallenge	challenge
shallowe	shallow
shallowes	shallows
shalmes	shaums
shalte	shalt
sham'd	shamed
sham'st	shamest
shamd	shamed
shamde	shamed
shame-fac'd	shamefaced
shame-fac't	shamefaced
shame-faced	shamefaced
shamefac'd	shamefaced
shamefac't	shamefaced
shamefac'tnesse	shamefacedness
shamefastnes	shamefastness
shamefastnesse	shamefastness
shamefull	shameful
shamefullie	shamefully
shameles	shameless
shamelesly	shamelessly
shamelesse	shameless
shamfac'd	shamfaced
shamfull	shameful
shamoyes	shamoys
shancks	shanks
shanke	shank
shankes	shanks
shap'd	shaped
shap't	shaped
shapeles	shapeless
shapt	shaped
shar'd	shared
shard	shared
shared'st	sharedest
sharke	shark
sharkes	sharks
sharkvvel	sharkwel
sharp'd	sharped
sharp'st	sharpest
sharpe	sharp
sharpe-witted	sharp-witted
sharpely	sharply
sharpen'd	sharpened
sharpenes	sharpness
sharpenesse	sharpness
sharpes	sharps
sharpned	sharpened
sharpnes	sharpness
sharpnesse	sharpness
sharpning	sharpening
shaterynge	shatering
shatter'd	shattered
shattred	shattered
shau'd	shaved
shau'n	shaven
shaue	shave
shaued	shaved
shaueling	shaveling
shauelynges	shavelings
shauen	shaved
shauenig	shavenig
shauer	shaver
shauers	shavers
shaues	shaves
shauileir	shavileir
shauing	shaving
shauings	shavings
shav'd	shaved
shav'm.	shau'm.
she'd	she
she'le	she'll
shead	shed
sheading	shedding
sheafe	sheaf
sheafes	sheaves
sheapheard	shepherd
sheapheards	shepherds
sheare	shear
sheares	shears
sheath'd	sheathed
sheaue	sheave
sheaues	sheaves
shed'st	sheddest
shedd	shed
shedde	shed
sheding	shedding
shedst	sheddest
shedynge	shedding
shee	she
shee'd	sheeed
shee's	she's
shee-deuils	shee-devils
shee-diuell	shee-divell
shee-wolfe	she-wolf
sheed	she
sheel'd	sheeled
sheeld	shield
sheeld-boies	sheeldboies
sheeldes	shields
sheeliues	sheelives
sheeloued	sheeloved
sheem'st	sheemest
sheene	sheen
sheep-biter	sheepbiter
sheep-cote	sheepcote
sheep-hook	sheephook
sheep-hooke	sheephook
sheep-shearing	sheepshearing
sheep-skin	sheepskin
sheep-skins	sheepskins
sheep-walkes	sheep-walks
sheepe	sheep
sheepe-biter	sheepbiter
sheepe-coate	sheepcoat
sheepe-cote	sheepcote
sheepe-hearde	shepherd
sheepe-hooke	sheephook
sheepe-hookes	sheephooks
sheepe-shearing	sheepshearing
sheepe-skin	sheepskin
sheepe-skins	sheepskins
sheepe-spirited	sheep-spirited
sheepe-walkes	sheep-walks
sheepeheard	shepherd
sheepeheardes	shepherds
sheepeheards	shepherds
sheepeherdes	shepherds
sheepes	sheeps
sheepes-face	sheeps-face
sheepes-head	sheehead
sheepes-heads	sheeps-heads
sheepeskin	sheepskin
sheepheard	shepherd
sheepheardes	shepherds
sheepheardesse	shepherdess
sheepheards	shepherds
sheephooke	sheephook
sheeps-kin	sheepskin
sheere	shear
shees	she's
sheete	sheet
sheetes	sheets
sheild	shield
sheildes	shields
sheilds	shields
shel-fish	shellfish
shelde	shield
shelds	shields
shelfe	shelf
shelfes	shelves
shell-fish	shellfish
shelles	shells
sheloues	sheloves
shels	shells
shelter'd	sheltered
sheltred	sheltered
shelues	shelves
shente	shent
shentle-man	gentleman
shentleman	gentleman
shentlemen	gentlemen
shep-herd	shepherd
shep-herds	shepherds
shepe	sheep
shepeheards	shepherds
shepes	sheeps
shephard	shepherd
shephards	shepherds
shepheard	shepherd
shephearde	shepherd
shepheardes	shepherds
shepheardess	shepherdess
shepheardesse	shepherdess
shepheardesses	shepherdess's
shepheards	shepherd's
shepherde	shepherd
shepherdes	shepherdess
shepherdesse	shepherdess
shephooke	shephook
sheppards	shepherds
sherif	sheriff
sherife	sheriff
sherifes	sheriffs
sheriffe	sheriff
sheriffes	sheriffs
sheriues	sherives
sheryng	shearing
shetes	sheets
sheuering	shevering
sheuoiliero	shevoiliero
sheuoiliers	shevoiliers
shevv	show
shevve	show
shevved	showed
shevvn	shown
shevvs	shows
shew	show
shew'd	showed
shew'n	shown
shew'st	shewest
shew-lane	show-lane
shewd	showed
shewde	showed
shewe	show
shewed	showed
shewen	shown
shewers	showers
shewes	shows
sheweth	shows
shewing	showing
shewn	shown
shewne	shown
shews	shows
shewst	showest
shewyng	showing
shēe	shene
shielde	shield
shieldes	shields
shiere	shire
shifte	shift
shiftes	shifts
shiftlesse	shiftless
shild	shield
shillinges	shillings
shin'd	shined
shin'st	shinest
shin-bones	shinbones
shind	shined
shinne	shin
shinnes	shins
shinyng	shining
ship'd	shipped
ship-board	shipboard
ship-boorde	shipboard
ship-boy	shipboy
ship-boyes	ship-bois
ship-man	shipman
ship-racke	shipwreck
ship-wrack	shipwreck
ship-wrack'd	shipwrecked
ship-wrack's	shipwreck's
ship-wracke	shipwreck
ship-wracks	shipwracks
ship-wrackt	shipwrecked
shipboord	shipboard
shipp	ship
shipp'd	shipped
shippe	ship
shippes	ships
shipps	ships
shipt	shipped
shipwrack'd	shipwrecked
shipwrack't	shipwrecked
shipwrackd	shipwrecked
shipwracke	shipwreck
shipwrackes	shipwracks
shipwracking	shipwracked
shipwrackt	shipwracked
shipwrake	shipwreck
shirife	sheriff
shiriffe	sheriff
shirte	shirt
shittle-cock	shuttlecock
shittle-cockes	shittle-cocks
shittlecocke	shuttlecock
shityng	shiting
shiualries	shivalries
shiue	shive
shiuer	shiver
shiuer'd	shivered
shiuerd	shiverd
shiuered	shivered
shiuering	shivering
shiuers	shivers
shiueryng	shivering
shīmering	shimmering
sho'd	shoed
shoald	shoaled
shoale	shoal
shoales	shoals
shoar	shore
shoare	shore
shoares	shores
shocke	shock
shockes	shocks
shoe-maker	shoemaker
shoe-makers	shoemakers
shoke	shook
shold	should
shold'st	shouldst
sholde	should
sholders	shoulders
sholdest	shouldst
sholdst	shouldst
shole	shoal
sholes	shoal
shomaker	shoemaker
shonld	should
shonne	shun
shoo'd	shooed
shoo-maker	shoemaker
shoo-makers	shoemakers
shoo-strings	shoestrings
shoo-tyes	shoo-ties
shooe	shoe
shooe-clouts	shoe-clouts
shooe-leather	shoe-leather
shooe-maker	shoemaker
shooe-makers	shoemakers
shooe-soles	shoe-soles
shooe-thred	shoe-thread
shooe-ties	shoe-ties
shooe-tyes	shoe-ties
shooemaker	shoemaker
shooemakers	shoemakers
shooes	shoes
shooing-horne	shooinghorn
shooke	shook
shooked	shook
shoold	should
shoomaker	shoemaker
shoomakers	shoemakers
shoon	shone
shoore	shore
shoos	shoes
shoostrings	shoestrings
shoot'st	shootest
shoote	shoot
shootes	shoots
shop-board	shopboard
shop-booke	shop-book
shop-bookes	shop-books
shop-boord	shopboard
shop-keeper	shopkeeper
shop-keepers	shopkeepers
shop-looke	shop-look
shop-windowes	shop-windows
shope	shaped
shopp	shop
shoppe	shop
shoppes	shops
shopps	shops
shorne	shorn
short'st	shortest
short-cloak'd	short-cloaked
short-hand	shorthand
short-heel'd	short-heeled
short-heeles	short-heals
short-hose	shorthose
short-leg'd	short-leged
short-liu'd	short-lived
short-liv'd	short-lived
short-yard	shortyard
shorte	short
shortely	shortly
shortēed	shortened
shortlie	shortly
shortlye	shortly
shortned	shortened
shortnes	shortness
shortnesse	shortness
shortneth	shorteneth
shortning	shortening
shot'st	shottest
shot-clogge	shot-clog
shot-free	shotfree
shot-proofe	shot-proof
shot-sharkes	shot-sharks
shott	shot
shotte	shot
shotter'd	shottered
shou'd	shoved
shou'dst	shouldst
shoud	should
shoudst	shouldst
shoue	shove
shoue-groat	shove-groat
shoued	shoved
shouelboord	shovelboord
shoueld	shoveld
shouell	shovel
shouell-board	shovel-board
shouels	shovels
shouelst	shovelst
shoul'd	should
should'st	shouldst
shoulde	should
shouldest	shouldst
shouldiers	shoulders
shouldred	shouldered
shoulst	shouldst
shoure	shower
shoute	shout
shoutes	shouts
shouyng	shoving
shov'd	shoved
shovells	shovels
shovld	should
shovts	shouts
shovve	show
shovves	shows
shovvres	showers
show'd	showed
show'n	shown
show'st	showest
show-lane	showlane
showd	showed
showe	show
showen	shown
showes	shows
showlders	shoulders
showne	shown
showr	shower
showr'd	showered
showre	shower
showred	showered
showres	showers
showring	showering
showrs	showers
showrynge	showering
showst	showest
showt	shout
showte	shout
showted	shouted
showtes	shouts
showting	shouting
showts	shouts
shranke	shrank
shredde	shred
shreek	shriek
shreek'd	shrieked
shreeke	shriek
shreekes	shrieks
shreeking	shrieking
shreekings	shriekings
shreeks	shrieks
shreeue	shreeve
shreik'd	shreiked
shreualtie	shrievalty
shreud	shrewd
shreude	shrewd
shreudly	shrewdly
shrew'd	shrewed
shrewd-braine	shrewd-brain
shrewde	shrewd
shrewdnes	shrewdness
shrewe	shrew
shrewes	shrews
shrewishnesse	shrewishness
shrickyng	shricking
shriekes	shrieks
shrieue	shrieve
shrieues	shrieves
shrik'd	shriked
shrike	shriek
shrikes	shrieks
shriking	shrieking
shril	shrill
shrilnes	shrillness
shriltong'd	shriltonged
shrimpes	shrimps
shrin'd	shrined
shrincke	shrink
shrink'st	shrinkest
shrinke	shrink
shrinkes	shrinks
shrinkst	shrinkest
shriu'd	shrived
shriue	shrive
shriuel'd	shrivelled
shriueld	shriveld
shriues	shrives
shriuing	shriving
shrivelled	shriveled
shronke	shrunk
shroude	shroud
shroudes	shrouds
shroue	shrove
shroue-tuesdaies	shrove-tuesdays
shroue-tuesday	shrovetuesday
shrouetide	shrovetide
shrouetuesday	shrovetuesday
shrouetyde	shrovetyde
shrouing	shroving
shrove-tide	shrovetide
shrovvd	shroud
shrovvde	shroud
shrow'd	shrow
shrowde	shroud
shrowded	shrouded
shrowdes	shrowds
shrowdyng	shrouding
shrowe	shrow
shrowes	shrows
shrubbe	shrub
shrubbes	shrubs
shrug'st	shruggest
shrugg	shrug
shrugg'd	shrugged
shrugge	shrug
shruggs	shrugs
shruncke	shrunk
shrunk-vp	shrunk-up
shrunke	shrunk
shrunke-vp	shrunke-up
shrykyng	shryking
shrynke	shrink
shrynkyng	shrynking
shu'd	shued
shu'dst	shouldst
shud	should
shud'st	shudest
shuddring	shuddering
shudst	shouldst
shufle	shuffle
shufled	shuffled
shufling	shuffling
shuld	should
shulde	should
shulders	shoulders
shuldest	shouldst
shuldst	shouldst
shun'd	shunned
shun-field	shunfield
shund	shunned
shunn	shun
shunn'd	shunned
shunne	shun
shunnes	shuns
shunns	shuns
shure	sure
shurt	shirt
shutt	shut
shutte	shut
shuttle-cock	shuttlecock
shuttle-cocks	shuttlecocks
shv.	shu.
shvn-field	shun-field
shvn.	shun.
shvnfield	shunfield
shweet	sweet
shyes	shies
shyft	shift
shyfte	shift
shyllynges	shillings
shynde	shined
shyne	shine
shyned	shined
shynes	shines
shyneth	shineth
shynge	shing
shyning	shining
shynyng	shining
shynynge	shining
shyp	ship
shyppe	ship
shyppes	ships
shyps	ships
shyre	shire
shyuer'd	shyvered
shyuered	shyvered
shyuering	shyvering
shyueringe	shyveringe
shyueryng	shyvering
shyuerynge	shyvering
shée	she
shée's	she's
shéep	sheep
shéepe	sheep
shéepes	sheeps
shées	she's
shéete	sheet
shéetes	sheets
siballaes	siballa's
sibbe	sib
sich	such
sick-bed	sickbed
sick-fall'n	sick-fallen
sicke	sick
sicke-mans	sick-man's
sicke-minded	sick-minded
sicke-womans	sick-woman's
sickely	sickly
sickenes	sickness
sickenesse	sickness
sicklenes	fickleness
sicklesse	sickless
sicklie	sickly
sickned	sickened
sicknes	sickness
sicknesse	sickness
siconian	siconjan
sicophants	sycophants
siddowe	siddow
side-wayes	sideways
side-ways	sideways
sids	sides
siedge	siege
sield	sealed
sierceness	fierceness
sieue	sieve
sieze	seize
siezes	seizes
sifte	sift
sigh'd	sighed
sigh'st	sighest
sighe	sigh
sighes	sighs
sighst	sighest
sighte	sight
sightes	sights
sightlesse	sightless
sign'd	signed
sign-post	signpost
signall	signal
signd	signed
signe	sign
signe-post	signpost
signe-posts	sign-posts
signes	signs
signeury	signory
significatiō	signification
signifie	signify
signifieng	signifying
signifieth	signifies
signifing	signifying
signifiyng	signifying
signify'd	signified
signiorie	signiory
signisie	signify
signories	seignories
sil'd	siled
sil-uer	silver
silanvs	silanus
sildom	seldom
sildome	seldom
silenc'd	silenced
silenc'st	silencest
silenc't	silenced
silente	silent
silēce	silence
silēces	silences
silivs	silius
silk-worm	silkworm
silk-worme	silkworm
silk-worms	silkworms
silke	silk
silke-lace	silk-lace
silke-stockings	silk-stockings
silke-worme	silkworm
silke-wormes	silkworms
silkes	silks
silkewormes	silkworms
silkē	silken
silkworme	silkworm
sill'd	silled
sillables	syllables
sillie	silly
silling	shilling
siluan	sylvan
siluane	sylvan
siluer	silver
siluer'd	silvered
siluer-beakers	silver-beakers
siluer-brightnesse	silver-brightness
siluer-brooke	silver-brook
siluer-droppes	silver-drops
siluer-falling	silver-falling
siluer-feather'd	silver-feathered
siluer-footed	silver-footed
siluer-hair'd	silver-haired
siluer-handed	silver-handed
siluer-street	silver-street
siluer-streete	silver-street
siluer-tongu'd	silver-tongued
siluian	silvian
silv.	silu.
silver-hair'd	silver-haired
simbole	symbol
simbolisde	symbolised
similies	similes
simonie	simony
simpathie	sympathy
simpathise	sympathise
simpathize	sympathise
simpathy	sympathy
simpathye	sympathy
simplenesse	simpleness
simplicitie	simplicity
simplie	simply
simpring	simpering
simpringly	simperingly
sin'd	sinned
sin-lesse	sinless
sinagogue	synagogue
sinagogues	synagogues
sinamon	cinnamon
sinceerely	sincerely
sincer	sincere
sincerelie	sincerely
sincerenesse	sincereness
sinceritie	sincerity
sinck	sink
sinck'st	sinckest
sincke	sink
sinckes	sinks
sincking	sinking
sincks	sinks
sindg'd	singed
sindge	sing
sindged	singed
sinely	finely
sinest	sinnest
sinewes	sinews
sinewie	sinewy
sinewiz'd	sinewized
sinfull	sinful
sinfull'st	sinfullest
sinfullie	sinfully
sinfulnes	sinfulness
sinfulnesse	sinfulness
sing'd	singed
sing'st	singest
singes	sings
singinge	singing
singl'd	singled
single-loues	single-loves
singlenesse	singleness
singst	singest
singularitie	singularity
singuler	singular
singyng	singing
sinke	sink
sinkes	sinks
sinlesse	sinless
sinn	sin
sinn'd	sinned
sinn's	sin's
sinn'st	sinnest
sinnd	sinned
sinne	sin
sinneful	sinful
sinnefull	sinful
sinnefully	sinfully
sinnen	sin
sinnes	sins
sinnewes	sinews
sinnews	sinews
sinnē	sin
sinns	sins
sinod	synod
sinowes	sinews
sippe	sip
sir-name	surname
sirah	sirrah
sires	sire's
sirha	sirrah
sirie	syria
sirnam'd	surnamed
sirname	surname
sirnamed	surnamed
sirnames	surnames
sirra	sirrah
sirre	sir
sirreuerence	sirreverence
sirrha	sirrah
sirringe	sirring
sirrop	syrup
sirrup	syrup
sirupe	syrup
sise	size
sister-hood	sisterhood
sit'st	sittest
sithe	sith
sithens	since
sithēce	since
sitst	sittest
sitt	sit
sitt'st	sittest
sitte	sit
sittes	sits
sitts	sits
sittyng	sitting
siue	sive
siuell	sivell
siuer	siver
siues	sives
siuill	sivill
six'd	sixed
six-or-seven-times-honoured	six-or-seven-times-honor'd
six-pence	sixpence
six-penny	sixpenny
six-peny	sixpenny
six-score	sixscore
sixe-pence	sixpence
sixe-penny	sixpenny
sixepence	sixpence
sixtly	sixthly
siz'd	sized
sizzars	scissors
skal'd	scaled
skalding	scalding
skale	scale
skaled	scaled
skales	scales
skante	scant
skape	scape
skar'd	scared
skarce	scarce
skarcely	scarcely
skarfe	scarf
skarfs	skarves
skarlets	scarlets
skarsitie	scarcity
skauenger	skavenger
skaunce	skance
skeane	skean
skeine	skein
skermish	skirmish
skew'd-eyde	skewed-eyed
skie	sky
skie-colour	sky-colour
skie-coullor'd	skie-coullored
skil	skill
skil'd	skilled
skild	skilled
skilfull	skilful
skill'd	skilled
skill-inriched	skill-enriched
skilles	skills
skillfull	skilful
skillfull'st	skillfullest
skillfully	skilfully
skils	skills
skimd	skimmed
skin'd	skined
skin-coate	skin-coat
skin-full	skinful
skinn'd	skinned
skinne	skin
skinne's	skin's
skinnes	skins
skinns	skins
skip-lacke	skip-lack
skipp'd	skipped
skippe	skip
skipt	skipped
skirmishe	skirmish
skirte	skirt
skirtes	skirts
skoffe	scoff
skonce	sconce
skonces	sconces
skorched	scorched
skore	score
skorn'd	scorned
skorne	scorn
skorning	scorning
skornst	scornest
skotfrée	scotfree
skourg'd	scourged
skouts	scouts
skowte	scout
skreeking	shrieking
skreen'd	screened
skreene	skreen
skru'd	skrued
skudded	scudded
skulk'd	skulked
skulke	skulk
skulkes	skulks
skulles	skulls
skuls	skulls
skumm'd	skummed
skye	sky
skyes	skies
skyll	skill
skyn	skin
skynne	skin
skyns	skins
skyrmish	skirmish
skyrmishing	skirmishing
slacke	slack
slackenesse	slackness
slackes	slacks
slackned	slackened
slacknes	slackness
slacknesse	slackness
slackt	slacked
slaie	slay
slaies	slays
slain'd	stained
slaine	slain
slaine-murder	slain-murder
slaines	slains
slak'd	slaked
slam'd	slammed
slamyng	slamming
sland'red	slandered
slander'd	slandered
slandring	slandering
slandrous	slanderous
slap'd	slapped
slash'd	slashed
slasht	slashed
slatter'd	slattered
slau'd	slaved
slau'ry	slavery
slaue	slave
slaue's	slave's
slaue-borne	slave-borne
slaue-like	slavelike
slaue-pander	slave-pander
slaued	slaved
slauelike	slavelike
slauelyke	slavelyke
slauer	slaver
slauer'd	slavered
slauereth	slaver
slauerie	slavery
slaueries	slaveries
slauering	slavering
slauery	slavery
slauerye	slavery
slaues	slaves
slaught'red	slaughtered
slaughter'd	slaughtered
slaughter-house	slaughterhouse
slaughter-man	slaughterman
slaughterd	slaughtered
slaughtred	slaughtered
slaughtring	slaughtering
slauish	slavish
slaunder	slander
slaundered	slandered
slaundering	slandering
slaunderous	slanderous
slaunders	slanders
slaundred	slandered
slauonian	slavonian
slauonians	slavonians
slauter'd	slautered
slav'd	slaved
slave-like	slavelike
slaverie	slavery
slavs	slaus
slaw	slavum
slaye	slay
slayes	slays
slayn	slain
slayne	slain
slayue	slayve
slāderer	slanderer
slea	slay
sleack'd	sleacked
sleape	sleep
sleapeth	sleepeth
sleaping	sleeping
sleave	sleeve
sledg'd	sledged
sleek'd	sleeked
sleek-brow'd	sleek-browed
sleekd	sleeked
sleeke	sleek
sleep'd	sleeped
sleep'st	sleepest
sleepe	sleep
sleepes	sleeps
sleepie	sleepy
sleepinesse	sleepiness
sleeplesse	sleepless
sleepst	sleepest
sleept	slept
sleete	fleet
sleeue	sleeve
sleeues	sleeves
sleightes	sleights
sleightly	slightly
slendre	slender
slendrest	slenderest
slep'd	slept
slepe	sleep
slepers	sleepers
slepeth	sleepeth
slepp'd	slept
slept'st	sleptest
slepynge	sleeping
sleue	sleve
sleues	sleves
slew'st	slewest
slewe	slew
slewst	slewest
sley	slay
sleyght	sleight
sleyghte	sleight
sleyghts	sleights
slēder	slender
slēderly	slenderly
sli'd	slied
slic'd	sliced
slicke	slick
slidd	slid
slidde	slid
slie	sly
slieghtly	slightly
slight'st	slightest
slightes	slights
slightnesse	slightness
slimie	slimy
slinge	sling
slinke	slink
slip'd	slipped
slip-shod	slipshod
slip-shood	slipshood
slipp	slip
slipp'd	slipped
slippe	slip
slipperie	slippery
slippes	slips
slippry	slippery
slipps	slips
slipt	slipped
slitt	slit
sloath	sloth
sloathfull	slothful
slocke	slock
slomber	slumber
sloope	sloop
sloppe	slop
slopps	slops
slopt	slopped
slothe	sloth
slothfull	slothful
slothfulnesse	slothfulness
slouen	sloven
slouenlie	slovenly
slouenly	slovenly
slouenrie	slovenry
slouenry	slovenry
slouens	slovens
sloughes	sloughs
slouinly	slovinly
slouthfull	slothful
slouthfulnesse	slothfulness
slow's	slow
slow-jaw'd	slow-jawed
slow-pac'd	slow-paced
slowe	slow
slowely	slowly
slowes	slows
slowlie	slowly
slownesse	slowness
slubber'd	slubbered
sluc'd	sluice
sluce	sluice
sluce-passages	sluice-passages
sluces	sluices
slue	slew
slugge	slug
sluggishe	sluggish
sluggishnesse	sluggishness
sluggysh	sluggish
slumberlesse	slumberless
slumbred	slumbered
slumbreth	slumbereth
slumbring	slumbering
slunke	slunk
slurgynge	slurging
slurre	slur
slūbers	slumbers
slyde	slide
slyding	sliding
slydyng	sliding
slye	sly
slyes	slies
slyeth	slayeth
slylye	slyly
slyme	slime
slyng	sling
slyp	slip
slyppe	slip
slyppers	slippers
slyppyng	slypping
slysyng	slysing
slyuyng	slyving
sléep	sleep
sléepe	sleep
sléepes	sleeps
sléepeth	sleepeth
sléepie	sleepy
sléeping	sleeping
sléeps	sleeps
sléeue	sleeve
sléeues	sleeves
smacke	smack
smal	small
smal-shank	small-shank
smal-shanke	small-shank
smal-shankes	small-shanks
smale	small
smale-shankes	small-shanks
smale-time	small-time
smalest	smallest
small'st	smallest
small-shanke	small-shank
small-shankes	small-shanks
small-shot	smallshot
smallnesse	smallness
smalness	smallness
smalnesse	smallness
smart-tongu'd	smart-tongued
smarte	smart
smartes	smarts
smear'd	smeared
smeares	smears
smeer'd	smeared
smeld	smelled
smell'd	smelled
smell'st	smellest
smell-smocke	smell-smock
smelles	smells
smellyng	smelling
smels	smells
smight	smite
smil'd	smiled
smil'st	smilest
smild	smiled
smilde	smiled
smiledst	smiledest
smileing	smiling
smirke	smirk
smith-field	smithfield
smithes	smith's
smithie	smithy
smitt	smit
smoak	smoke
smoak'd	smoked
smoake	smoke
smoakes	smokes
smoakie	smoky
smoaking	smoking
smoakt	smoked
smoaky	smoky
smoaky-bearded	smoky-bearded
smocke	smock
smocke-dowry	smock-dowry
smocke-faces	smock-faces
smocke-leather	smock-leather
smockes	smocks
smok'd	smoked
smokie	smoky
smokinesse	smokiness
smoks	smocks
smokyng	smoking
smoldryng	smouldering
smolthryng	smolthring
smooke	smoke
smooth'd	smoothed
smooth'd-cheeke	smoothed-cheek
smooth'st	smoothest
smooth-chin'd	smooth-chined
smooth-fac'd	smooth-faced
smooth-skinn'd	smooth-skinned
smooth-tounged	smooth-tongued
smoothd	smoothed
smoothe	smooth
smoother'd	smothered
smoothered	smothered
smoothering	smothering
smoothes	smooths
smoothnes	smoothness
smoothnesse	smoothness
smot	smote
smoth	smooth
smoth'd	smoothed
smothe	smooth
smother'd	smothered
smother'st	smotherest
smotherd	smothered
smotheryng	smothering
smothly	smoothly
smothr'd	smothered
smothred	smothered
smothring	smothering
smouldring	smouldering
smoutheryng	smouthering
smug'd	smuged
smugge	smug
smutch'd	smutched
smyle	smile
smyled	smiled
smyles	smiles
smyling	smiling
smylyng	smiling
smyte	smite
smytten	smitten
snaggye	snaggy
snaile	snail
snaile-like	snail-like
snailes	snails
snake-hair'd	snake-haired
snakie	snaky
snakysh	snakish
snap'd	snaped
snap-sacke	snapsack
snapp'd	snapped
snappishlie	snappishly
snapsacke	snapsack
snapt	snapped
snar	snare
snar'd	snared
snarl'd	snarled
snarle	snarl
snarles	snarls
snatch'd	snatched
snatch't	snatched
snatche	snatch
snatcheth	snatches
snatcht	snatched
snatchyng	snatching
snayle	snail
snayles	snails
sneak'd	sneaked
sneak'st	sneakest
sneake	sneak
sneakes	sneaks
sneaking'st	sneakingest
sneakt	sneaked
sneek'd	sneeked
sneere	sneer
snekyng	sneking
snicke	snick
snicke-vp	snicke-up
snickvp	snickup
snip'd	snipe
snippe	snip
snipt-taffeta	snipt-taffata
sniueling	sniveling
snivels	snivel
snoar'd	snored
snoaring	snoring
snorte	snort
snotte	snot
snottie	snotty
snoute	snout
snovv	snow
snow'd	snowed
snow-ball	snowball
snow-balls	snowballs
snow-fill'd	snow-filled
snowe	snow
snowe-white	snowwhite
snowes	snows
snowie	snowy
snowt	snout
snriue	snrive
snuf	snuff
snuffe	snuff
snuffes	snuffs
snufft	snuffed
snufling	snuffling
snufs	snuffs
snéeze	sneeze
so-e're	soever
so-so	soso
soader'd	soadered
soak'd	soaked
soake	soak
soakt	soaked
soape	soap
soape-boyler	soap-boiler
soar'd	soared
soard	soared
soare	soar
soares	soars
soaue	soave
sob'd	sobbed
sobbes	sobs
sobbynge	sobbing
soberlie	soberly
sobernes	soberness
sobernesse	soberness
sobre	sober
sobrietie	sobriety
soche	such
societie	society
socke	sock
sockes	socks
socoure	succour
sodain	sudden
sodaine	sudden
sodainely	suddenly
sodainlie	suddenly
sodainly	suddenly
sodainnes	suddenness
sodayn	sudden
sodayne	sudden
sodaynely	suddenly
sodaynly	suddenly
soddaine	sudden
soddainely	suddenly
soddenly	suddenly
sodein	sudden
sodeine	sudden
sodeinlie	suddenly
sodeinly	suddenly
soden	sudden
sodenly	suddenly
soder	solder
sodeyn	sudden
sodeyne	sudden
sodeynly	suddenly
sodēly	suddenly
sodomiticall	sodomitical
sodomitrie	sodomitry
sodomye	sodomy
sodomytes	sodomites
sodred	soldered
soe	so
soe'er	soever
soe're	soever
soeuer	soever
soeuerich	soeverich
soft-flesh'd	soft-fleshed
soft-foot'd	soft-footed
soft-hearted	softhearted
soft-natur'd	soft-natured
soft-soul'd	soft-souled
soft-splen'd	soft-splened
soft-toucht	soft-touched
softe	soft
softely	softly
softlie	softly
softned	softened
softnes	softness
softnesse	softness
softning	softening
soggie	soggy
soil'd	soiled
soild	soiled
soile	soil
soiles	soils
soiorne	sojourn
soiorning	sojourning
soiour'd	soioured
soiourn'd	sojourned
soiourne	sojourn
soiourned	sojourned
soiourning	sojourning
sojourn'd	sojourned
sojourne	sojourn
sok'd	soaked
soke	soak
soked	soaked
soking	soaking
sokyng	soaking
sol'd	soled
solac'd	solaced
solaecisme	solecism
sold'st	soldest
soldans	sultans
solde	sold
solder'st	solderest
soldier-like	soldierlike
soldiors	soldiers
soldiour	soldier
soldiours	soldiers
soldred	soldered
solecisme	solecism
solelie	solely
solem	solemn
solemlie	solemnly
solemly	solemny
solemne	solemn
solemnely	solemnly
solemnitie	solemnity
solemniz'd	solemnized
solemnizd	solemnized
solempne	solemn
solempnitie	solemnity
solempnity	solemnity
solempnize	solemnize
solempnized	solemnized
solempnyte	solemnity
solicitatiō	solicitation
solicite	solicit
soliciters	solicitors
solicites	solicits
solicitour	solicitor
solidares	solidars
solide	solid
solidst	solidest
solinvs	solinus
solitarie	solitary
solitarines	solitariness
solitarinesse	solitariness
sollace	solace
sollemne	solemn
sollemnity	solemnity
sollemnize	solemnize
sollemnly	solemnly
sollicit	solicit
sollicitation	solicitation
sollicite	solicit
sollicited	solicited
sollicites	solicits
solliciting	soliciting
sollicitings	solicitings
sollicitor	solicitor
sollicitor-ship	solicitor-ship
sollicitous	solicitous
sollicits	solicits
sollid	solid
sollitary	solitary
sollitude	solitude
soloecisme	solecism
solucyon	solution
solue	solve
solv'd	solved
solvs	solus
soly	solely
solytary	solitary
som	some
som-body	somebody
som-thing	something
som-what	somewhat
sombodie	somebody
sombody	somebody
some-bodies	somebodies
some-body	somebody
some-deale	somedeal
some-thing	something
some-times	sometimes
some-what	somewhat
some-where	somewhere
somedeale	somedeal
somenesse	someness
somer	summer
somer-field	summer-field
somer-fields	summer-fields
somes	sums
somethinge	something
somethinges	somethings
sometime-childe	sometime-child
sometimes-ouer-does	sometimes-over-does
sometims	sometimes
someting	something
sometyme	sometime
sometymes	sometimes
somevvhat	somewhat
somevvhere	somewhere
sommer	summer
sommer-fields	summer-fields
sommer-nights	summer-nights
sommers	summer's
sommes	sums
sommon	summon
sommoned	summoned
sommons	summons
somthing	something
somthinge	something
somtime	sometime
somtimes	sometime
somtyme	sometime
somtymes	sometimes
somvvhat	somewhat
somvvhere	somewhere
somwhat	somewhat
somwhere	somewhere
son-in-laws	sons-in-law
sonday	sunday
sonder	sunder
sondry	sundry
sone	soon
soner	sooner
sones	sons
sonest	soonest
sonet	sonnet
sonets	sonnets
sonetts	sonnets
songe	song
songes	songs
sonke	sunk
sonlesse	sonless
sonn	son
sonn's	son's
sonne	son
sonne's	son's
sonne-lesse	sonless
sonnes	sons
sonnetts	sonnets
sonnē	son
sonns	sons
sonnye	sonny
sons'	sons
soo	so
soole	fool
sools	fools
soon'st	soonest
soone	soon
soones	soon
soong	song
soonke	sunk
soonmention'd	soonmentioned
soonne	soon
soore	sore
soorth	forth
soote	soot
soote-ball	soot-ball
sooth'd	soothed
sooth-sayer	soothsayer
soothes	sooths
sootie	sooty
sop'd	sopped
sope	soap
sope-boyler	soap-boiler
sophisme	sophism
sophismes	sophisms
sophisticall	sophistical
sophistick	sophistic
sophisticke	sophistic
sophistrie	sophistry
sophysters	sophisters
soppe	sop
soppes	sops
sorc'd	source
sorce	source
sorceres	sorceress
sorceresse	sorceress
sorcerie	sorcery
sorcerye	sorcery
sorces	sources
sorde	ford
sorie	sorry
sorne	sorn
sorow	sorrow
sorowe	sorrow
sorowes	sorrows
sorowful	sorrowful
sorowfull	sorrowful
sorowfully	sorrowful
sorows	sorrows
sorrell	sorrel
sorrell-sops	sorrel-sops
sorrie	sorry
sorrow'd	sorrowed
sorrow-clowded	sorrow-clouded
sorrowe	sorrow
sorrowe's	sorrow's
sorrowes	sorrows
sorrowfull	sorrowful
sorrye	sorry
sorte	sort
sortes	sorts
sorth	forth
sortune	fortune
sory	sorry
sorye	sorry
sostly	softly
soth	sooth
sothe	sooth
sothern	southern
sothsayers	soothsayers
sott	sot
sotte	sot
sottishlie	sottishly
sottishnes	sottishness
sottishnesse	sottishness
sou'raigne	sovereign
sou'raignes	sovereigns
sou'raigntie	sovereignty
sou'raignty	sovereignty
souc'st	soucest
souc't	soused
soudainely	suddenly
soue	soon
souer	sooner
soueragine	soveragine
soueragne	soveragne
souerai	soverai
soueraign	sovereign
soueraigne	sovereign
soueraigne's	sovereign's
soueraignes	sovereigns
soueraignetie	sovereignty
soueraignety	sovereignty
soueraignnesse	soveraignnesse
soueraigns	sovereigns
soueraigntest	soveraigntest
soueraigntie	sovereignty
soueraignties	sovereignties
soueraignty	sovereignty
soueraigue	soveraigue
souerain	sovereign
soueraine	sovereign
soueraines	sovereigns
soueraingtie	soveraingtie
soueraintie	sovereignty
souerainty	sovereignty
soueranity	soveranity
soueraygne	sovereign
souereigne	sovereign
souereignes	sovereigns
souereigntie	sovereignty
souerein	sovereign
souereine	sovereign
souereines	sovereigns
souerignes	soverignes
souetaignes	sovetaignes
sought'st	soughtest
soul'd	souled
sould	should
souldan	sultan
souldans	souldan's
soulde	sold
souldiar	soldier
souldiars	soldiers
souldier	soldier
souldier's	soldier's
souldier-beggar	soldier-beggar
souldierlike	soldierlike
souldiers	soldiers
souldiery	soldiery
souldior	soldier
souldiors	soldiers
souldiour	soldier
souldiours	soldiers
souldyer	soldier
souldyers	soldiers
soule	soul
soule's	soul's
soule-bound	soul-bound
soule-choaking	soul-choking
soule-expiring	soul-expiring
soule-frighting	soul-frighting
soule-infecting	soul-infecting
soule-lesse	soulless
soule-mouth'd	soul-mouthed
soule-searching	soul-searching
soule-sick	soul-sick
soule-stayning	soul-staining
soule-sweet	soul-sweet
soule-terrifying	soul-terrifying
soule-warming	soul-warming
soule-wishing	soul-wishing
soules	souls
soulē	soul
soull	soul
soultry	sultry
soundation	foundation
sounde	sound
soundes	sounds
soundlie	soundly
soundnes	soundness
soundnesse	soundness
soundry	sundry
soundyng	sounding
soupe	soup
soupes	soups
soure	sour
soure-fac'd	sour-faced
sourse	source
sous'd	soused
soust	soused
south-east	southeast
south-side	southside
south-warke	south-work
south-west	southwest
southe	south
southerne	southern
southsaiers	souters
southsayer	soothsayer
southsayinges	soothsayings
souud	sowd
souz'd	souzed
soūd	found
sove	soon
soveraign	sovereign
soveraigne	sovereign
soveraignes	sovereigns
soveraignety	sovereignty
soveraignity	sovereignty
soveraigns	sovereigns
soveraigntie	sovereignty
soveraigntie's	sovereignty's
soveraignties	sovereignties
soveraignty	sovereignty
soverain	sovereign
soveraine	sovereign
soverainty	sovereignty
sovereign'st	sovereignest
sovereigntie	sovereignty
sovl.	soul.
sovldan	souldan
sovldiers	souldiers
sovrana	sourana
sow'd	sowed
sow'r	sour
sow-gelder	sowgelder
sowce	souse
sowe	sow
sowen	sown
sower	sour
sowernesse	sourness
sowers	sower's
sowes	sows
sowl	soul
sowl'd	soul
sowle	soul
sowles	souls
sown'd	sowned
sownd	sound
sownde	sound
sowndes	sounds
sownding	sounding
sowndly	soundly
sownds	sounds
sowne	sown
sowr	sour
sowr'd	soured
sowre	sour
sowrebrow'd	sowrebrowed
sowrely	sourly
sowrenes	sourness
sowrenesse	courness
sowres	sours
sowring	souring
sows	sovus
sows'd	soused
sowse	souse
sowsed	soused
sowst	soused
sowsyng	sousing
sowyng	sowing
soyl	soil
soyl'd	soiled
soyld	soiled
soyle	soil
soyled	soiled
soyles	soils
sōme	some
sōmer	summer
sōmes	sums
sōne	son
sōwhat	somewhat
sp'rit	spirit
sp'rite	sprite
spadoue	spadove
spaines	spain's
spak	spoke
spakst	spakest
spangl'd	spangled
spangles	spangle's
spaniell	spaniel
spaniells	spaniels
spanishe	spanish
spanne	span
spanniell	spaniel
spanyshe	spanish
spar'd	spared
spar'de	spared
spar'st	sparest
sparckes	sparks
sparckle	sparkle
sparckled	sparkled
sparckles	sparkles
sparckling	sparkling
sparcles	sparkles
spard	spared
spareth	spares
sparē	spare
sparke	spark
sparkeling	sparkling
sparkes	sparks
sparkl'd	sparkled
sparklyng	sparkling
sparow	sparrow
sparrow-hawke	sparrow-hawk
sparrowes	sparrows
spartane	spartan
sparyng	sparing
spatious	spacious
spatiously	spaciously
spattred	spattered
spauento	spavento
spauin	spavin
spavve	spawe
spawn'd	spawned
spawne	spawn
spāgled	spangled
speach	speech
speache	speech
speaches	speeches
spead	speed
speade	speed
speak'st	speakest
speak-a	speak
speake	speak
speake's	speak's
speakes	speaks
speaketh	speaks
speakē	speak
speakst	speakest
speakyng	speaking
speakynge	speaking
speare	spear
speares	spears
speche	speech
speches	speeches
speciall	special
speciallie	specially
specialls	specials
specifie	specify
specifique	specific
speckl'd	speckled
specktacl'd	specktacled
spectatours	spectators
speculatiue	speculative
specvlamvr	speculamur
specyall	special
spedde	sped
spede	speed
spedely	speedily
spedie	speedy
spedily	speedily
spedy	speedy
spedye	speedy
speeche	speech
speechles	speechless
speechlesse	speechless
speed'st	speedest
speede	speed
speedelie	speedily
speedely	speedily
speedelye	speedily
speedes	speeds
speedie	speedy
speedilie	speedily
speedilye	speedily
speedinesse	speediness
speedlesse	speedless
speedye	speedy
speedyly	speedily
speek	speak
speeke	speak
spek	speak
speke	speak
spekeste	speakest
speketh	speaketh
spekynge	speaking
spel	spell
spell'd	spelled
spelles	spells
spels	spells
spend'st	spendest
spend-thrift	spendthrift
spend-thrifts	spendthrifts
spende	spend
spendes	spends
spendst	spendest
spendynge	spending
spente	spent
speres	spears
sperit	spirit
sperits	spirits
sperr	spar
sperst	dispersed
spew'd	spewed
spewd	spewed
spewes	spews
spēd	spend
spēt	spent
sphaere	sphere
sphaere-like	sphere-like
sphaeres	spheres
sphaericall	spherical
sphear	sphere
sphear'd	sphered
spheare	sphere
spheare-like	sphere-like
spheares	spheres
sphears	spheres
spheeres	spheres
spher'd	sphered
sphericall	spherical
sphers	spheres
spi'd	spied
spiall	espial
spials	espials
spic'd	spiced
spic'd-conscienc'd	spiced-conscienced
spic't	spiced
spicerie	spicery
spicke	spick
spide	spied
spider-like	spiderlike
spie	spy
spiggot	spigot
spiggots	spigots
spight	spite
spight-weavers	spite-weavers
spightful	spiteful
spightfull	spiteful
spightfully	spitefully
spights	spites
spil'd	spiled
spild	spilled
spill'd	spilled
spilte	spilled
spinie	spiny
spinne	spin
spinnes	spins
spinye	spiny
spirite	spirit
spirites	spirits
spiritlesse	spiritless
spiritt	spirit
spiritted	spirited
spiritts	spirits
spirituall	spiritual
spirrits	spirits
spirytuall	spiritual
spite-swolne	spite-swollen
spitefull	spiteful
spitefulnesse	spitefulness
spitt	spit
spitte	spit
spitts	spits
splay-foot	splayfoot
splay-foote	splaifoot
splay-footed	splayfooted
spleane	spleen
spleene	spleen
spleenefull	spleenful
spleenes	spleens
splenatiue	splenative
splendāt	splendant
splenderous	splendorous
splendor	splendour
splendrous	splendorous
splene	spleen
splenes	spleens
split'st	splittest
spléen	spleen
spléene	spleen
spléens	spleens
spoak	spoke
spoake	spoke
spoakes	spokes
spoil'd	spoiled
spoild	spoiled
spoile	spoil
spoiles	spoils
spoke-shaues	spoke-shaves
spokes-man	spokesman
spokes-men	spokesmen
spokē	spoken
spoliauit	spoliavit
spongie	spongy
sponne	spun
spooke	spook
spoon'd	spooned
spoone	spoon
spoone-full	spoonful
spoone-meat	spoon-meat
spoone-meate	spoon-meat
spoonefull	spoonful
spoonefulles	spoonfuls
spoonefulls	spoonfuls
spoonefuls	spoonfuls
spoones	spoons
spoonfull	spoonful
spoonne	spoon
sport'st	sportest
sport-royall	sport-royal
sporte	sport
sportes	sports
sportfull	sportful
sportiue	sportive
sportiue-action	sportive-action
sportiuenesse	sportiveness
sporvs	sporus
spose	suppose
spotles	spotless
spotlesse	spotless
spott	spot
spotte	spot
spottes	spots
spotts	spots
spourn'd	spourned
spousall	spousal
spoute	spout
spoutes	spouts
spoutyng	spouting
spowse	spouse
spowting	spouting
spoyl	spoil
spoyl'd	spoiled
spoyld	spoilt
spoyle	spoil
spoyled	spoiled
spoyler	spoiler
spoyles	spoils
spoyleth	spoileth
spoyling	spoiling
spoylyng	spoiling
spoylynge	spoiling
sprain'd	sprained
spraind	sprained
sprang'st	sprangest
sprange	sprang
sprauling	sprawling
sprawl'st	sprawlest
sprawle	sprawl
sprawlyng	sprawling
spraye	spray
sprayes	sprays
spreade	spread
spreades	spreads
spreadst	spreadest
spred	spread
spredde	spread
spredding	spreading
sprede	spread
spreding	spreading
spreds	spreads
sprent	sprented
sprigge	sprig
spriggs	sprigs
sprightes	sprights
sprightfull	sprightful
sprinckle	sprinkle
sprinckled	sprinkled
sprinckles	sprinkles
sprinckling	sprinkling
spring'd	springed
spring-head	springhead
spring-lockes	spring-locks
spring-tide	springtide
spring-time	springtime
spring-tyde	springtide
springinge	springing
springyng	springing
sprit	spirit
spritefull	spriteful
sprits	spirits
sprong	sprung
spronge	sprung
sproong	sprung
sproute	sprout
sprowting	sprouting
spryng	spring
sprynge	spring
sprynges	springs
spryngs	springs
sprynklynge	sprynkling
spryte	sprite
spued	spewed
spues	spews
spung'd	sponged
spunge	sponge
spunges	sponges
spungy	spongy
spungy-liuerd	spungy-liverd
spunne	spun
spur'd	spurred
spur-royall	spur-royal
spur-royalls	spur-royals
spur-royals	spurroyals
spurd	spurred
spurn'd	spurned
spurn'st	spurnest
spurnd	spurned
spurne	spurn
spurnes	spurns
spurr'd	spurred
spurre	spur
spurres	spurs
spurrs	spurs
spv.	spu.
spvrrier	spurrier
spy'd	spied
spy'st	spiest
spy-all	spial
spyall	espial
spyce	spice
spyces	spices
spyde	spied
spyder	spider
spyders	spiders
spye	spy
spyed	spied
spyes	spies
spyght	spite
spyll	spill
spyre	spire
spyrite	spirit
spyrits	spirits
spyrituall	spiritual
spyrtyng	spyrting
spyrytes	sprites
spyrytuall	spiritual
spyte	spite
spytefull	spiteful
spéech	speech
spéeche	speech
spéeches	speeches
spéed	speed
spéede	speed
spéedely	speedily
spéedie	speedy
spéedily	speedily
spéedy	speedy
squabling	squabbling
squallid	squalid
squandred	squandered
squar'd	squared
squeake	squeak
squeakes	squeaks
squeamishnesse	squeamishness
squeas'd	squeezed
squeased	squeezed
squeeking	squeaking
squeeks	squeaks
squees'd	squeezed
squeez'd	squeezed
squelch'd	squelched
squemish	squeamish
squeze	squeeze
squiers	squires
squinancie	squinancy
squint-eide	squinteide
squinte	squint
squirell	squirrel
squirrell	squirrel
squirrells	squirrels
squirrill	squirrel
squirrill-limb'd	squirrill-limbed
squirte	squirt
squitter-booke	squitter-book
squiz'd	squeezed
squyre	squire
squéese	squeeze
sr	sir
sraight	straight
srowns	frowns
srō	from
ssaues	ssaves
stab'd	stabbed
stab'd-through	stabbed-through
stab'st	stabbedst
stabb	stab
stabb'd	stabbed
stabbe	stab
stabbes	stabs
stabbīg	stabbing
stabd	stabbed
stabilitie	stability
stable-roome	stable-room
stablenesse	stableness
stablish	establish
stablishe	establish
stablished	established
stablisht	established
stablyshe	stablish
stacke	stack
stackes	stacks
staf	staff
staffe	staff
staffe-speeches	staff-speeches
stag'ring	staggering
stager'd	stagered
stagg	stag
stagge	stag
stagger'd	staggered
staggerd	staggered
stagges	stags
staggred	staggered
staggring	staggering
staggryng	staggering
staggrynge	staggering
staggs	stags
stagring	staggering
stai'd	stayed
stai'st	stayest
staid	stayed
staide	stayed
staidst	staidest
staie	stay
staied	stayed
staiednesse	staidness
staiers	stairs
staies	stays
staiest	stayest
staieth	stayeth
staile	stale
stain'd	stained
staind	stained
stainde	stained
staine	stain
stair'd	staired
staire	stair
staire-case	staircase
staire-foote	stair-foot
staire-head	stairhead
staires	stairs
staist	stayest
staiyng	staiing
stak'd	staked
stal'd	staled
stalion	stallion
stalk'd	stalked
stalke	stalk
stalkes	stalks
stall'd	stalled
stalles	stalls
stameringe	stammering
stammer'd	stammered
stamp'd	stamped
stamp't	stamped
stampe	stamp
stampes	stamps
stampt	stamped
stanch	staunch
stanchless	staunchless
stand'st	standest
standard-bearer	standardbearer
standardes	standards
standdynge	standing
stande	stand
standerd	standard
standered	standard
standes	stands
standethe	standeth
standing-pooles	standing-pools
standinge	standing
standis	stands
standst	standest
standyng	standing
standynge	standing
stanke	stank
star'd	stared
star'st	starest
star-board	starboard
star-bright	starbright
star-chamber	starchamber
star-chamber'd	star-chambered
star-cross'd	star-crossed
star-crost	star-crossed
star-crown'd	star-crowned
star-faire	star-fair
star-gaze	stargaze
star-gazer	stargazer
star-gazers	stargazers
star-light	starlight
star-like	starlike
star-lyght	starlight
starch'd	starched
starch't	starched
starcht	starched
starck	stark
starcke	stark
starcros'd	starcrosed
stard'st	stardest
stark-nak'd	stark-naked
starke	stark
starke-naked	stark-naked
starn'd	starned
starr	star
starr'd	starred
starr's	star's
starre	star
starre-bespangled	star-bespangled
starre-bright	starbright
starre-chamber	starchamber
starre-cross'd	star-crossed
starre-crost	star-crossed
starre-made	star-made
starre-marke	star-mark
starre-spangled	starspangled
starres	stars
starrie	starry
starrs	stars
starrye	starry
start'st	startest
start-up	startup
start-vp	startup
starte	start
startes	starts
startl'd	startled
startvps	startups
startyng	starting
startynge	starting
staru	starum
staru'd	starved
staru'de	starved
starud	starved
starue	starve
starued	starved
starueling	starveling
staruelinges	starvelings
staruelings	starvelings
staruen	starven
starues	starves
staruing	starving
starv'd	starved
starv'dem	staru'dem
staryng	staring
state-aduice	state-advice
state-bawde	state-bawd
state-businesse	state-business
state-coniuring	state-conjuring
state-tricke	state-trick
state-wheele	state-wheel
state-woing	state-wooing
statefull	stateful
statelie	stately
statelinesse	stateliness
statelye	stately
states-man	statesman
states-men	statesmen
statē	statem
statilivs	statilius
stativs	statius
statlye	stately
statsmen	statesmen
statuarie	statuary
statvte	statute
statvte-band	statute-band
stau'd	staved
stauce	stance
staud	staved
staue	stave
staues	staves
staunce	stance
staunche	staunch
staūched	staunched
stav'd	staved
stay'd	stayed
stay'st	stayest
staya	staia
stayd	stayed
stayde	stayed
stayder	staider
staye	stay
stayes	stays
stayeth	stays
stayles	stails
stayn'd	stained
staynd	stained
staynde	stained
stayne	stain
stayned	stained
staynes	stains
stayning	staining
stayre	stair
stayre-hed	stairhead
stayres	stairs
staythe	staithe
stād	stand
stādeth	stands
stāding	standing
stāds	stands
stāpe	stamp
steade	stead
steakes	steaks
steal'st	stealest
steale	steal
steales	steals
stealst	stealest
stealthes	stealths
stealyng	stealing
steam'd	steamed
steame	steam
stear	steer
stear'd	steered
steare	steer
steares	steers
stearing	steering
stearne	stern
sted	stead
steddie	steady
steddily	steadily
steddinesse	steadiness
steddy	steady
steddye	steady
stede	stead
stedes	steads
stedfast	steadfast
stedfastly	steadfastly
stedfastnes	steadfastness
stedfastnesse	steadfastness
stedie	steady
stedily	steadily
steede	steed
steedes	steeds
steel'd	steeled
steeld	steeled
steele	steel
steele-bard	steel-bard
steele-crests	steel-crests
steele-like	steel-like
steelie	steely
steeme	steam
steemes	steems
steep'd	steeped
steep-down	steepdown
steepe	steep
steepes	steeps
steepie	steepy
steepinesse	steepiness
steept	steeped
steer'd	steered
steere	steer
steeres	steers
steers-man	steersman
steeuen	steeven
stelth	stealth
stelthe	stealth
stemm'd	stemmed
stemme	stem
stemmes	stems
stemms	stems
stenche	stench
stencht	stenched
stentor	stentour
stentors	stentours
step'd	stepped
step-children	stepchildren
step-dame	stepdame
step-mother	stepmother
step-mothers	stepmothers
step-sons	stepsons
stepdames	stepdame's
steple	steeple
stepp	step
stepp'd	stepped
steppe	step
steppes	steps
stept	stepped
stept-vp	stept-up
ster	stre
sterage	steerage
stere	steer
steril	sterile
sterilitie	sterility
sterlyng	sterling
stern'st	sternest
sterne	stern
sterne-borne	stern-borne
sternely	sternly
sternenes	sternness
sterre	star
sterres	stars
stert	start
sterting	starting
steru'd	starved
sterud	starved
sterue	starve
steruing	starving
sterve	starve
sterving	starving
steuen	steven
steuinus	stevinus
stew'd	stewed
stew-mony	stew-money
stewarde	steward
stewe-instructed	stew-instructed
stewes	stews
stewyng	stewing
steyne	stein
steyned	stained
stich'd	stich
stick'st	stickest
sticke	stick
stickes	sticks
stickst	stickest
stie	sty
stif	stiff
stifeling	stifling
stiffe	stiff
stiffely	stiffly
stiffenecked	stiffnecked
stiffeneckt	stiffnecked
stiffenesse	stiffness
stiffle	stifle
stiffned	stiffened
stifl'd	stifled
stifly	stiffly
stifneckt	stiffnecked
stigmaticall	stigmatical
stigmaticke	stigmatic
stigmaticks	stigmatics
stil	still
stil'd	styled
stil'st	stillest
stild	styled
stile-a	stile
stiled	styled
stiles	stile
stiling	styling
still'd	stilled
still-born	stillborn
still-lesse	still-less
still-rowling	still-rolling
still-seru'd	still-serued
still-stand	stillstand
still-vndone	still-undone
still-vnweand	still-unweand
stilld	stilled
stille	still
stilles	stills
stilnes	stillness
stilnesse	stillness
stinck	stink
stinck-belching	stink-belching
stincke	stink
stinckes	stinks
stincking	stinking
stincks	stinks
stinge	sting
stinges	stings
stinglesse	stingless
stink'st	stinkest
stinke	stink
stinkes	stinks
stinkyng	stinking
stinte	stint
stintlesse	stintless
stipendary	stipendiary
stir'd	stirred
stird	stirred
stird'st	stirdest
stire	stir
stirop	stirrup
stirr	stir
stirr'd	stirred
stirr'st	stirrest
stirrd	stirred
stirre	stir
stirre's	stir's
stirres	stirs
stirrop	stirrup
stirrops	stirrups
stirrs	stirs
stirryng	stirring
stitch'd	stitched
stitcht	stitched
stitchvveli	stitchweli
stitchvvell	stitchwell
stiuing	stiving
stock'd	stocked
stock't	stocked
stock-affaires	stock-affairs
stock-fish	stockfish
stockadoes	stoccadoes
stocke	stock
stocke-fishes	stock-fishes
stockes	stocks
stockinges	stockings
stockins	stockings
stockt	stocked
stode	stood
stoicall	stoical
stoick	stoic
stoicke	stoic
stoicks	stoics
stoique	stoic
stol'n	stolen
stol'st	stolest
stollen	stolen
stoln	stolen
stolne	stolen
stomaches	stomachs
stomack	stomach
stomack'd	stomached
stomack's	stomach's
stomack't	stomached
stomacke	stomach
stomacke's	stomach's
stomacked	stomached
stomackes	stomachs
stomacks	stomachs
stomak	stomach
stomak's	stomach's
stomake	stomach
stomaked	stomached
stomakes	stomachs
stomaks	stomachs
stombled	stumbled
ston'd	stoned
stond	stand
stonde	stand
stone-bow	stonebow
stone-cutter	stonecutter
stone-hors	stone-horse
stone-walls	stonewalls
stong	stung
stonie	stony
stony-hearted	stonyhearted
stony-stratford	stonystratford
stonye	stony
stood'st	stoodst
stoode	stood
stoodest	stoodst
stool'd	stooled
stool-ball	stoolball
stoole	stool
stooles	stools
stoones	stones
stoong	stung
stoop'd	stooped
stoope	stoop
stoopes	stoops
stoopt	stooped
stop'd	stopped
stop'st	stoppest
stop't	stopped
stopp	stop
stopp'd	stopped
stoppe	stop
stoppes	stops
stopping-sticke	stopping-stick
stopt	stopped
stopte	stopped
stoptvp	stoptup
stor'd	stored
stor'de	stored
stord	stored
storde	stored
store-house	storehouse
store-houses	storehouses
storie	storey
storie's	story's
storkes	storks
storkes-bill	storks-bill
storm'd	stormed
stormd	stormed
storme	storm
storme's	storm's
storme-like	stormlike
stormes	storms
stormie	stormy
stormye	stormy
storye	story
storyes	stories
stoue	stove
stouer	stover
stoues	stoves
stounde	stound
stoup'd	stooped
stoup'st	stoupest
stoupe	stoop
stoupes	stoops
stouping	stooping
stoupt	stooped
stoute	stout
stoutely	stoutly
stoutnes	stoutness
stoutnesse	stoutness
stow'd	stowed
stowe	stow
stown'd	stowned
stownd	stound
stowpe	stoup
stowt	stout
stowte	stout
stowtlie	stoutly
stowtly	stoutly
stoycall	stoical
stradle	straddle
stradling	straddling
stragglynge	straggling
stragle	straggle
stragled	straggled
stragler	straggler
straglers	stragglers
stragling	straggling
strai'd	strayed
straid	strayed
straie	stray
straied	strayed
straies	strays
straight-way	straightway
straighte	straight
straightes	straights
straightned	straightened
straightnesse	straightness
straightwaies	straightways
straightwaye	straightway
strain'd	strained
straind	strained
straine	strain
straines	strains
strainge	straying
strainger	stranger
strait-way	straightway
straite	strait
straites	straits
straitwaies	straightways
straitway	straightway
strande	strand
strang	strange
strangelie	strangely
strangely-cruell	strangely-cruel
strangely-shap'd	strangely-shaped
strangenes	strangeness
strangenesse	strangeness
strangl'd	strangled
strangly	strangely
strangnes	strangeness
strangness	strangeness
strangnesse	strangeness
strapadoes	strappadoes
strappado'd	strappadoed
strappl'd	strappled
stratageme	stratagem
stratagemes	stratagems
stratagemme	stratagem
strauagant	stravagant
straue	strave
straung	strange
straunge	strange
straungely	strangely
straungenes	strangeness
straunger	stranger
straungers	strangers
straungest	strangest
strauunge	strawnge
straūge	strange
straūger	stranger
straūgers	strangers
straw'd	strawed
straw-berrie	strawberry
straw-colour'd	straw-coloured
straw-deuices	straw-devices
straw-deuises	straw-devises
strawberie	strawberry
strawberies	strawberries
strawbery	strawberry
strawe	straw
strawes	straws
stray'd	strayed
strayd	strayed
straye	stray
strayeng	straying
strayes	strays
strayght	straight
strayghtly	straightly
strayghtway	straightway
strayn'd	strained
straynd	strained
straynde	strained
strayne	strain
strayner	strainer
strayt	strait
straytes	straits
strāge	strange
strāger	stranger
strāgled	strangled
streake	streak
streakes	streaks
stream'd	streamed
streame	stream
streames	streams
streamyng	streaming
streatch	stretch
streate	street
streates	streets
streching	stretching
strecth'd	strecthed
street-doores	street-doors
streete	street
streetes	streets
stregthen'd	stregthened
streight	straight
streight-lac'd	straitlaced
streighten	straighten
streighter	straighter
streightest	straightest
streightn'd	straighteneth
streights	straights
streightway	straightway
streine	strain
streines	strains
streit	strait
strengh	strength
strenght	strength
strenghth	strength
strength'd	strengthened
strength'ned	strengthened
strengthe	strength
strengthed	strengthened
strengthen'd	strengthened
strengthend	strengthened
strengthes	strength's
strengthē	strengthen
strengthles	strengthless
strengthlesse	strengthless
strengthn'd	strengthened
strengthned	strengthened
strengthners	strengthens
strengthneth	strengtheneth
strengthning	strengthening
strenth	strength
strenyng	strening
stresse	stress
stretch'd	stretched
stretch't	stretched
stretche	stretch
stretcht	stretched
stretes	streets
strew'd	strewed
strew'st	strewest
strewd	strewed
strewe	strew
strewes	strews
streyght	straight
streyghtly	streightly
strēgth	strength
strēgthneth	strengtheneth
strēgthning	strengthening
strickes	strikes
stricknesse	strictness
strickt	strict
strickter	stricter
stricktest	strictest
stricktly	strictly
strict'st	strictest
stricte	strict
strictlie	strictly
strictnes	strictness
strictnesse	strictness
stridd	strid
strife-full	strifeful
strik	strike
strik'st	strikest
striken	stricken
strikinge	striking
strikt	strict
string'd	stringed
stringe	string
stringes	strings
stringlesse	stringless
strip'd	striped
stripp	strip
stripp'd	stripped
strippe	strip
strippes	strips
strippling	stripling
stript	stripped
striu'd	strived
striu'st	strivest
striue	strive
striued	strived
striuer	striver
striues	strives
striuest	strivest
striueth	striveth
striuing	striving
striuingly	strivingly
striv'd	strived
striv'st	strivest
stroak	stroke
stroak'd	stroked
stroake	stroke
stroakes	strokes
stroaking	stroking
stroaks	strokes
stroakt	stroked
strodl'd	strodled
strok'd	stroked
strond	strand
strong'st	strongest
strong-lin'd	strong-lined
stronge	strong
strongely	strongly
stronglie	strongly
stronglye	strongly
strooke	struck
stroue	strove
strouen	stroven
stroutes	strouts
strow'd	strowed
strowd	strewed
strowe	strow
strowes	strews
strowling	strolling
stroyes	stroys
strōg	strong
strōger	stronger
strōgest	strongest
struck'st	struckest
strucke	struck
struggl'd	struggled
strugle	struggle
strugled	struggled
strugleth	struggleth
strugling	struggling
struglings	strugglings
strumpetted	strumpeted
strūper	strumper
strūpet	strumpet
strycken	stricken
stryfe	strife
stryke	strike
stryken	stricken
strykes	strikes
strykyng	striking
stryng	string
strynge	string
strynges	strings
stryngs	strings
strype	stripe
strypes	stripes
stryue	strive
stryues	stryves
stryuing	striving
stréet	street
stréete	street
stréetes	streets
stréets	streets
sttiue	sttive
stubberne	stubborn
stubbernesse	stubborness
stubborn-hearted	stubbornhearted
stubborne	stubborn
stubbornely	stubbornly
stubbornes	stubborns
stubbornesse	stubborness
stubbornnesse	stubbornness
stubburne	stubborn
stuck'st	stuckest
stucke	stuck
studdie	study
studdied	studied
studdies	studies
studdy	study
studdying	studying
studentes	students
studie	study
studie's	study's
studient	student
studiers	studies
studye	study
studyed	studied
studyes	studies
stuff'd	stuffed
stuff't	stuffed
stuffe	stuff
stuffes	stuffs
stufft	stuffed
stuffyd	stuffed
stuffyng	stuffing
stuft	stuffed
stultorūplena	stultorumplena
stumbl'd	stumbled
stumpe	stump
stumpes	stumps
stumpssear'd	stumpsseared
stuncke	stunk
stund	stunned
stunke	stunk
stupid'st	stupidest
stupide	stupid
stupiditie	stupidity
stupifie	stupify
stur	stir
stur'd	stured
sturdie	sturdy
sturdye	sturdy
sture	stur
sturre	stir
sturrer	stirrer
sturres	stirs
sturring	stirring
stvdents	students
stvdley	studley
stycke	stick
styckes	sticks
styed	stied
styffe	stiff
styflyng	styfling
styl	still
styl'd	styled
styll	still
stynge	sting
styngyng	stynging
stynke	stink
stynkyng	stinking
stynkynge	stinking
stynt	stint
stynts	stints
styr	stir
styrre	stir
styrred	stirred
styrring	stirring
styrryng	stirring
stéed	steed
stéede	steed
stéedes	steeds
stéel	steel
stéele	steel
stéeple	steeple
su	sum
su'd	sued
su'de	sued
sua	sva
suae	svae
suaggerer	svaggerer
suam	svam
suamisce	svamisce
suarum	svarum
suatcht	svatcht
suauia	suavia
sub-prior	subprior
sub-urbs	suburbs
subborn'd	suborned
subborne	suborn
subburbs	suburbs
subcribe	subscribe
subdew	subdue
subdew'd	subdued
subdewd	subdued
subdewed	subdued
subdewing	subduing
subdiuided	subdivided
subdiuision	subdivision
subdu'd	subdued
subdude	subdued
subdueing	subduing
subiect	subject
subiect'st	subject
subiecte	subject
subiected	subjected
subiectes	subjects
subiecting	subjecting
subiection	subjection
subiections	subjections
subiects	subjects
subleuabo	sublevabo
sublim'd	sublimed
subliuatories	sublivatories
sublsm'd	sublsmed
sublunarie	sublunary
submisiue	submisive
submisse	submiss
submissely	submissly
submissiue	submissive
submissiuely	submissively
submit'st	submitest
submitt	submit
submyt	submit
submytted	submitted
suborn'd	suborned
suborne	suborn
subscri'd	subscried
subscrib'd	subscribed
subsedy	subsidy
subsidie	subsidy
subsign'd	subsigned
substancyallye	substantially
substantiall	substantial
substantiue	substantive
substantiues	substantives
substaunce	substance
substaūce	substance
substituts	substitutes
subt'ly	subtly
subtell	subtle
subteltie	subtlety
subtelties	subtleties
subtelty	subtlety
subterraneall	subterraneal
subtil	subtle
subtile	subtle
subtiler	subtler
subtilest	subtlest
subtill	subtle
subtiller	subtler
subtillest	subtlest
subtillie	subtilly
subtilly	subtly
subtiltie	subtlety
subtilties	subtleties
subtilty	subtlety
subtily	subtly
subtletie	subtlety
subtyle	subtle
subuersion	subversion
subuert	subvert
subuerted	subverted
subuerter	subverter
subuerting	subverting
subuertion	subversion
subuerts	subverts
suburbe	suburb
suburbe-roarers	suburb-roarers
suburbes	suburbs
suburbian	suburban
subvrbes	suburbs
subvrbs	suburbs
succ'ring	succouring
succed	succeed
succede	succeed
succeded	succeeded
succedes	succeeds
succeding	succeeding
succeede	succeed
succeedes	succeeds
succes	success
succesful	successful
succesfull	successful
succesfully	successfully
successe	success
successefull	successful
successfull	successful
successiue	successive
successiuely	successively
successour	successor
successours	successors
succor	succour
succour'd	succoured
succourd	succoured
succoure	succour
succourlesse	succourless
succéed	succeed
succéede	succeed
succéeding	succeeding
suceed	succeed
suceeded	succeeded
suceeding	succeeding
sucesse	success
such-as	suchas
such-like	suchlike
suche	such
suck'd	sucked
suck'dst	suckedst
suck'st	suckest
suck't	sucked
sucke	suck
suckes	sucks
sucking-childe	sucking-child
suckl'd	suckled
sucklinge	suckling
suckst	suckest
suckt	sucked
suckyng	sucking
sudaine	sudden
sudainly	suddenly
suddain	sudden
suddaine	sudden
suddainely	suddenly
suddainly	suddenly
suddayne	sudden
suddaynely	suddenly
suddein	sudden
suddeine	sudden
suddeinly	suddenly
sudden'st	suddenest
suddenlie	suddenly
suddenlye	suddenly
suddennes	suddenness
suddennesse	suddenness
suddes	suds
suddeyn	sudden
sude	sued
sudenly	suddenly
sue'd	sued
sueceeds	sveceeds
sueh	sveh
suell	svell
suer	sure
suer-aymd	sver-aymd
suerely	surely
suerly	surly
suertie	surety
suerties	sureties
suerty	surety
suet	svet
suff'rance	sufferance
suff'red	suffered
suff'ring	suffering
suff'rings	sufferings
suffer'd	suffered
suffer'st	sufferest
sufferage	suffrage
sufferaunce	sufferance
sufferd	suffered
suffereth	suffers
sufferst	sufferest
sufferyng	suffering
sufficent	sufficient
sufficiencie	sufficiency
sufficiente	sufficient
sufficientlie	sufficiently
sufficiēt	sufficient
suffis'd	sufficed
suffisaunce	suffisance
suffise	suffice
suffised	sufficed
suffiseth	sufficeth
suffiz'd	sufficed
suffize	suffice
suffized	sufficed
suffizes	suffics
suffolkes	suffolks
suffrance	sufferance
suffrances	sufferances
suffre	suffer
suffred	suffered
suffredst	sufferdst
suffrers	sufferers
suffrest	sufferest
suffreth	suffers
suffring	suffering
suffrings	sufferings
suffryng	suffering
suffyce	suffice
suffyciently	sufficiently
suffyseth	sufficeth
sufycientlye	sufficiently
sugar-candie	sugarcandy
sugar-candy	sugarcandy
sugar-plum	sugarplum
suger	sugar
suger-candie	sugarcandy
suger-candy	sugarcandy
suger-plumbs	sugarplumbs
suger-plums	sugar-plums
sugered	sugared
suggestyons	suggestions
sugred	sugared
sui	svi
suippe	svippe
suire	svire
suit-broker	svit-broker
suite	suit
suiter	suitor
suiters	suitors
suites	suits
suitours	suitors
suject	subject
sullein	sullen
sullennes	sullenness
sullennesse	sullenness
sulli'd	sullied
sullie	sully
sully'd	sullied
sullye	sully
sullyed	sullied
sullyes	sullies
sulpher	sulphur
sulpherous	sulphurous
sulphure	sulphur
sulphureitie	sulphureity
sulphures	sulphurs
sulphurious	sulphurous
sultane	sultan
sultrie	sultry
sum'd	summed
sumd	summed
sume	fume
sumers	summers
summ	sum
summ'd	summed
summe	sum
summes	sums
summon'd	summoned
summond	summoned
summs	sums
sumpteous	sumptuous
sumpter-cloath	sumpter-cloth
sumptiously	sumptuously
sumptuouse	sumptuous
sumtyme	sometime
sumwhat	somewhat
sun-beam	sunbeam
sun-beame	sunbeam
sun-beames	sunbeam
sun-beams	sunbeams
sun-burn'd	sunburned
sun-burning	sunburning
sun-burnt	sunburnt
sun-dial	sundial
sun-grac'd	sun-graced
sun-like	sunlike
sun-rise	sunrise
sun-rysing	sunrising
sun-set	sunset
sun-setting	sunsetting
sun-shine	sunshine
sun-tan'd	sun-taned
sunck	sunk
sunck-eyde	sunk-eyed
suncke	sunk
sundaies	sundays
sunder'd	sundered
sundred	sundered
sundrie	sundry
sundrye	sundry
sune	soon
sunerall	funeral
sung'st	sungest
sunk-ey'd	sunk-eyed
sunke	sunk
sunn	sun's
sunne	sun
sunne's	sun's
sunne-beam'd	sunne-beamed
sunne-beame	sunbeam
sunne-beames	sunbeams
sunne-burnt	sunburnt
sunne-diall	sundial
sunne-like	sunlike
sunne-set	sunset
sunne-shine	sunshine
sunnes	suns
sunneshine	sunshine
sunneshines	sunshines
sunnie	sunny
suo	svo
suoring	svoring
suos	svos
suosque	svosque
suowe	svowe
sup'd	supped
supected	suspected
super-excellent	superexcellent
super-intendent	superintendent
super-serviceable	superserviceable
superbe	superb
supererogatorie	supererogatory
superficiall	superficial
superfiuous	superfivous
superfluitie	superfluity
superinduc'd	superinduced
superioritie	superiority
superiour	superior
superiours	superiors
superlatiue	superlative
superlatiuely	superlatively
supernall	supernal
supernaturall	supernatural
superscrib'd	superscribed
supersticion	superstition
supersticious	superstitious
superstitiouslie	superstitiously
superstycyons	superstitions
superstycyouse	superstitious
superstycyōs	superstitions
superv.	superu.
supicions	supitions
supicious	suspicious
supition	suspicion
supitious	suspicious
supose	suppose
supp'd	supped
suppe	sup
supper-time	suppertime
supperlesse	supperless
supperstition	superstition
suppleuit	supplevit
suppli'd	supplied
supplicacions	supplications
supplide	supplied
supplie	supply
suppliments	supplements
supply'd	supplied
supplyant	suppliant
supplyde	supplied
supplye	supply
supplyed	supplied
supplyes	supplies
supplyment	supplement
supportacyon	supportation
supporte	support
supportes	supports
suppos'd	supposed
supposall	supposal
supposd	supposed
supposde	supposed
suppositorie	suppository
supposyng	supposing
suppres	suppress
suppressd	suppressed
suppresse	suppress
suppresseth	suppresses
supprest	suppressed
suppreste	suppressed
supprisde	supprised
supprise	surprise
suppriz'd	supprized
suprauisor	supravisor
supream	supreme
supreame	supreme
supreamest	supremest
supremacie	supremacy
supt	supped
sur-face	surface
sur-loine	surloin
sur-name	surname
surcharg'd	surcharged
surchargd	surcharged
surchargde	surcharge
sure-arm'd	sure-armed
surelie	surely
surelye	surely
surenes	sureness
surenesse	sureness
suretie	surety
suretiship	suretyship
suretyes	sureties
surfeite	surfeit
surfet	surfeit
surfet's	surfeit's
surfeted	surfeited
surfeting	surfeiting
surfets	surfeits
surfetted	surfeited
surfetting	surfeiting
surfit	surfeit
surfits	surfeits
surgeo	surgeon
surgerie	surgery
surgion	surgeon
surgions	surgeons
surgyng	surging
surie	fury
surlinesse	surliness
surloyne	surloin
surmiz'd	surmized
surmize	surmise
surmounte	surmount
surmountyng	surmounting
surmoūts	surmounts
surmyse	surmise
surnam'd	surnamed
surnamde	surnamed
surpasse	surpass
surpast	surpassed
surplussage	surplusage
surpresse	surpress
surpris'd	surprised
surprisall	surprisal
surprisd	surprised
surprisde	surprised
surpriz	surprise
surpriz'd	surprised
surprizall	surprisal
surprizals	surprisals
surprizd	surprised
surprizde	surprised
surprize	surprise
surprized	surprised
surprizes	surprises
surprizeth	surpriseth
surprizing	surprising
surquedrie	surquedry
surreioinders	surrejoinders
surrendred	surrendered
surrendring	surrendering
surreuerence	surreverence
surrowed	furrowed
surrows	furrows
suruai'd	surveyed
suruaie	survey
suruaies	surveys
suruay	survey
suruaye	survey
suruayes	surveys
suruaying	surveying
suruei'd	surveyed
surueied	surveyed
surueigh	survey
surueigh'd	surueighed
surueiour	surveyor
suruey	survey
surueyes	surveys
surueying	surveying
surueyors	surveyors
suruiew	surview
suruiu'd	survived
suruiu'st	suruivest
suruiuall	surival
suruiue	survive
suruiued	survived
suruiuers	survivers
suruiues	survives
suruiuing	surviving
suruiuor	survivor
suruyue	suruyve
survay	survey
survay'd	surveyed
surveigh	survey
surveigh'd	surveyed
surveighs	surveys
survey'd	surveyed
surveyd	surveyed
survis'd	survised
surviue	survive
surviues	survives
surviv'd	survived
surviv'st	survivest
suscitabilitie	suscitability
susficient	sufficient
suspect'st	suspectest
suspecte	suspect
suspectfull	suspectful
suspectinge	suspecting
suspectles	suspectless
suspectlesse	suspectless
suspectst	suspectest
suspectyng	suspecting
suspence	suspense
suspiciouslie	suspiciously
suspiciō	suspicion
suspition	suspicion
suspitions	suspicions
suspitious	suspicious
suspitiously	suspiciously
sustain'd	sustained
sustaind	sustained
sustaine	sustain
sustaines	sustains
sustance	substance
sustaynd	sustained
sustayne	sustain
sustayned	sustained
sustaynes	sustains
sustayning	sustaining
sustaynyng	sustaining
sustein	sustain
susteine	sustain
susteined	sustained
suster	sister
suster's	sister's
susteyne	sustain
susteyned	sustained
sustian	sustain
sustinance	sustenance
sutable	suitable
sutch	such
sute	suit
suteable	suitable
suted	suited
suter	suitor
suters	suitors
sutes	suits
suteth	suits
suting	suiting
sutor	suitor
sutors	suitors
suttle	subtle
suune	sun
suy	svy
suyter	svyter
suytor	svytor
sū	sum
sūdry	sundry
sūmer	summer
sūmer.	summer.
sūmon'd	summoned
sūmond	summoned
sūne	sun
sūtyme	suntyme
sv.	su.
svb	sub
svb.	sub.
svbitis	subitis
svbstantiall	substantial
svbtle	subtle
svccessorem	successorem
svch	such
sve	sue
svetonivs	svetonius
svffer	suffer
svgeon	sugeon
svl.	sul.
svlla	sulla
svlp	sulp
svlpitia	sulpitia
svlpitivs	sulpitius
svm	sum
svmmers	summers
svndry	sundry
svnne	sunne
svnt	sunt
svperat	superat
svpper	supper
svpposes	supposes
svr.	sur.
svrly	surly
svrly's	surly's
svsan	susan
svsanna	susanna
svssex	sussex
svvaine	swain
svvanstone	swanstone
svvayne	swain
svvear	swear
svveare	swear
svveat	sweat
svveet	sweet
svveete	sweet
svvere	swear
svvetes	swetes
svvift	swift
svvimme	swim
svvitches	switches
svvm	swm
svvord	sword
svvord-player	swordplayer
svvore	swore
svvorne	sworn
swadde	swad
swadled	swaddled
swadling	swaddling
swag-bellied	swagbellied
swag-belly	swagbelly
swage	suage
swagger'd	swaggered
swaggring	swaggering
swaggyng	swagging
swai'd	swayed
swaid	swayed
swaie	sway
swaied	swayed
swaies	sways
swaine	swain
swaines	swains
swal'd	swaled
swalloed	swallowed
swallow'd	swallowed
swallow-wing'd	swallow-winged
swallowd	swallowed
swallowe	swallow
swallowe'd	swalloweed
swallowes	swallows
swalow	swallow
swalowed	swallowed
swamme	swam
swan-like	swanlike
swan-plum'd	swan-plumed
swan-skin	swanskin
swanne	swan
swannes	swans
swanns	swans
swappe	swap
swarm'd	swarmed
swarme	swarm
swarmes	swarms
swarmyng	swarming
swarte	swart
swarthie	swarthy
swartie	swarty
swarue	swerve
swarued	swerved
swarues	swarves
swaruing	swerving
swaruyng	swerving
swath'd	swathed
swath-clowte	swath-clout
swath-clowtes	swath-clouts
swathling	swaddling
sway'd	swayed
sway'st	swayest
swayd	swayed
swaye	sway
swayes	sways
swayne	swain
swaynes	swains
swear'st	swearest
sweare	swear
sweares	swears
swearst	swearest
sweate	sweat
sweates	sweats
sweatie	sweaty
sweatty	sweaty
sweaue	sweave
sweeet	sweet
sweepe	sweep
sweepes	sweeps
sweet'st	sweetest
sweet-breath'd	sweet-breathed
sweet-brested	sweet-breasted
sweet-fac'd	sweet-faced
sweet-fat'd	sweet-fated
sweet-hart	sweetheart
sweet-heart	sweetheart
sweet-hearts	sweethearts
sweet-meates	sweetmeats
sweet-meats	sweetmeats
sweet-mouth'd	sweet-mouthed
sweet-natur'd	sweet-natured
sweet-voic'd	sweet-voiced
sweete	sweet
sweete-breads	sweetbreads
sweete-hart	sweet-hart
sweete-heart	sweetheart
sweete-hearts	sweethearts
sweete-meates	sweetmeats
sweete-tasting	sweet-tasting
sweetely	sweetly
sweeten'd	sweetened
sweetenes	sweetness
sweetenesse	sweetness
sweeter-natur'd	sweeter-natured
sweetes	sweets
sweetē	sweeten
sweetlie	sweetly
sweetn'd	sweetened
sweetned	sweetened
sweetnes	sweetness
sweetnesse	sweetness
sweetning	sweetening
swel	swell
swel'd	swelled
sweld	swelled
swell'd	swelled
swell'st	swellest
swelles	swells
swellinge	swelling
swellinges	swellings
swellyng	swelling
swels	swells
swelt	swelled
sweltring	sweltering
swepes	sweeps
swepte	swept
swepynge	sweping
swerd	sword
swerde	sword
swere	swear
sweres	swears
swering	swearing
sweru'd	swerved
swerue	swerve
swerued	swerved
swerues	swerves
swerueth	swerveth
swet	sweated
swete	sweet
swetely	sweetly
swetest	sweetest
swetly	sweetly
swetnes	sweetness
swetnesse	sweetness
swette	sweat
swetty	sweaty
swettynge	swetting
swetyng	sweating
sweuia	swevia
swich	such
swift-foote	swift-foot
swifte	swift
swifteste	swiftest
swiftnes	swiftness
swiftnesse	swiftness
swilles	swills
swils	swills
swim'st	swimmest
swime	swim
swimme	swim
swimmes	swims
swimms	swims
swinck	swink
swindge	swinge
swine-heards	swineherds
swine-herds	swineherds
swine-like	swinelike
swing'd	swinged
swinges	swings
swingyng	swinging
swinherds	swineherds
swinherds-wife	swineherds-wife
swist	swift
swoln	swollen
swolne	swollen
swomme	swom
swone	swoon
swoning	swooning
swoond	swooned
swoone	swoon
swoones	swoons
swoope-stake	swoop-stake
swoord	sword
swoorde	sword
swoordes	swords
swoords	swords
swor'st	sworest
sword-fish	swordfish
sword-man	swordman
sword-men	swordmen
sword-player	swordplayer
sworde	sword
swordes	swords
sworne	sworn
sworne-married	sworn-married
swoun	swoon
swoundes	swounds
swounding	swooning
swoundings	swoonings
swoune	swoon
swouned	swooned
swounes	swoons
swouning	swooning
swounings	swoonings
swouns	swoons
swownd	swoon
swowne	swown
swownes	swoons
swowning	swooning
swownings	swoonings
swumme	swum
swyft	swift
swyfte	swift
swym	swim
swymme	swim
swymming	swimming
swyne	swine
swyng	swing
swynge	swing
swéepe	sweep
swéeping	sweeping
swéet	sweet
swéete	sweet
swéetely	sweetly
swéeten	sweeten
swéeter	sweeter
swéetes	sweets
swéetest	sweetest
swéetly	sweetly
swéetnes	sweetness
swéetnesse	sweetness
sybillas	sybilla's
sybils	sybil's
sycke	sick
syckenes	sickness
syckenesse	sickness
sycophantes	sycophants
syde	side
sydes	sides
syghe	sighs
syghes	sighs
syghing	sighing
syght	sight
syghte	sight
sygne	sign
sygnes	signs
sygnyfyed	signified
sylence	silence
sylke	silk
syllanvs	syllanus
syllie	silly
syllogismes	syllogisms
syluan	sylvan
syluans	sylvans
syluer	silver
sylv.	sylu.
symbole	symbol
symboles	symbols
symetry	symmetry
symmetrie	symmetry
symony	simony
sympatheticall	sympathetical
sympathie	sympathy
sympathiz'd	sympathized
sympathize	sympathise
sympathizes	sympathises
symphonie	symphony
symple	simple
symples	simples
symplicity	simplicity
symply	simply
symptome	symptom
symptomes	symptoms
symtomes	symptoms
symylytude	similitude
syn	sin
synce	since
syncerelie	sincerely
synde	sind
synewes	sinews
synful	sinful
synfull	sinful
synfully	sinfully
syng	sing
synge	sing
synges	sings
syngeth	singeth
synging	singing
syngle	single
syngs	sings
synguler	singular
syngyng	singing
syngynge	singing
synke	sink
synne	sin
synned	sinned
synnefull	sinful
synner	sinner
synners	sinners
synnes	sins
syns	sins
syons	zions
syr	sir
syre	sire
syrens	sire's
syres	sires
syrop	syrup
syrops	syrups
syrrop	syrup
syrs	sirs
syse	size
syster	sister
systers	sisters
syt	fit
syth	sith
sythe	sith
syts	sits
sytt	fit
sytteth	sitteth
syttynge	sitting
sée	see
séede	seed
séedes	seeds
séeds	seeds
séeing	seeing
séek	seek
séeke	seek
séekes	seeks
séekest	seekest
séeketh	seeketh
séeking	seeking
séeks	seeks
séekst	seekest
séely	seely
séem	seem
séem'd	seemed
séemd	seemed
séemde	seemed
séeme	seem
séemed	seemed
séemely	seemly
séemes	seems
séemest	seemest
séemeth	seemeth
séeming	seeming
séemst	seemest
séen	seen
séene	seen
sées	sees
séest	seest
séeth	seeth
séethes	seethes
t'	the
t'abhorre	abhor
t'abide	abide
t'abound	abound
t'accompany	accompany
t'accomplish	accomplish
t'accomplishe	accomplish
t'account	account
t'achieve	achieve
t'acquaint	acquaint
t'acquant	acquaint
t'admire	admire
t'adorne	adorn
t'aduance	advance
t'aduaunce	advance
t'aduyse	advise
t'afflict	afflict
t'affright	affright
t'agree	agree
t'alledge	allege
t'appeare	appear
t'apply	apply
t'appose	appose
t'approoue	approve
t'approue	approve
t'approve	approve
t'ariue	arrive
t'arrest	arrest
t'arriue	arrive
t'as	it's
t'aske	ask
t'aspire	aspire
t'assaile	assail
t'assist	assist
t'assure	assure
t'atchiue	achieve
t'attaine	attain
t'auenge	avenge
t'augment	augment
t'auoid	avoid
t'auoide	avoid
t'auoyd	t'avoyd
t'auoyde	avoid
t'avert	avert
t'avoid	avoid
t'begins	begins
t'company	company
t'consume	consume
t'does	does
t'ecclipse	eclipse
t'effectuate	effectuate
t'embrace	embrace
t'en-slaue	t'en-slave
t'enchase	enchase
t'encounter	encounter
t'endite	endite
t'endure	endure
t'enforce	enforce
t'enioy	enjoy
t'enioye	enjoy
t'enjoy	enjoy
t'enrich	enrich
t'enriche	enrich
t'entreat	entreat
t'entrench	entrench
t'enuy	envy
t'erect	erect
t'escape	escape
t'esteeme	esteem
t'eternitie	eternity
t'except	except
t'excuse	excuse
t'expend	expend
t'expresse	express
t'exterior	exterior
t'extirpe	extirp
t'extoll	extol
t'faine	fine
t'had	had
t'hadst	hadst
t'has	has
t'hath	hath
t'haue	to-have
t'have	to-have
t'heads	heads
t'heare	hear
t'helpe	help
t'him	him
t'his	his
t'idolatrie	idolatry
t'illumine	illumine
t'imitate	imitate
t'impaire	impair
t'impostume	impostume
t'impresse	impress
t'incence	incense
t'increase	increase
t'indanger	endanger
t'indite	indite
t'ingage	engage
t'ingender	engender
t'inherite	inherit
t'inioy	enjoy
t'injoy	enjoy
t'inlarge	enlarge
t'instruct	instruct
t'inter	inter
t'intreate	entreat
t'inuade	invade
t'inueigh	inveigh
t'inuent	invent
t'inuest	invest
t'inuoke	invoke
t'lame	lame
t'lies	lies
t'lose	lose
t'n	n
t'night	night
t'nioy	t'njoy
t'obay	obey
t'obey	obey
t'oppresse	oppress
t'oppugne	oppugn
t'oth	oath
t'other	tother
t'ouerlooke	overlook
t'ouertake	overtake
t'out-weare	outwear
t'outlast	outlast
t'outliue	outlive
t'rough	rough
t'sales	sales
t'undo	undo
t'unvaile	unveil
t'us	us
t'vnclaspe	unclasp
t'vncloth	cloth
t'vncouer	uncover
t'vndermine	undermine
t'vndertake	undertake
t'vndoe	t'undoe
t'vndoo	undo
t'vnfold	unfold
t'vnhappy	unhappy
t'vnlock	unlock
t'vnlocke	unlock
t'vnloose	unloose
t'vnmaske	t'unmaske
t'vnpasse	t'unpasse
t'vnprison	unprison
t'vnstarch	unstarch
t'vpbraid	t'upbraid
t'vpbraide	upbraid
t'vphold	t'uphold
t'vse	use
t'was	was
t'wer	were
t'whole	whole
t'whom	whom
t'wilbe	will
t'will	will
t'wood	wood
t'wou'd	t'woved
t'woud	would
t'would	would
t'ye	the
t'yee	the
ta'en	taken
ta'ne	taken
tabacco	tobacco
tabacco-boxes	tobacco-boxes
table-booke	table-book
table-bookes	table-books
table-cloath	tablecloth
table-cloathes	tableclothes
table-cloaths	tableclothes
table-roome	table-room
table-talke	tabletalk
taciturnitie	taciturnity
tacitvs	tacitus
tack'd	tacked
tacke	tack
tackt	tacked
tacle	tackle
tacticks	tactics
taffata	taffeta
taffetie	taffety
tag-rag	tagrag
tagetyue	tagetyve
tagge	tag
tagvs	tagus
tail'd	tailed
tail-bush	tailbush
taile	tail
taile's	tail's
taile-bush	tail-bush
taile-bushes	tail-bushes
taile-lesse	tail-less
tailers	tailors
tailes	tails
tailour	tailor
tain'd	tained
taintlesse	taintless
taintst	taintest
tak	taken
tak'st	takest
take-a	take
takeing	taking
takē	taken
takinge	taking
takling	tackling
taks	takes
takst	takest
takyng	taking
takynge	taking
tal'st	talest
talēt	talon
talēts	talents
talk'd	talked
talk'st	talkest
talk't	talked
talkd	talked
talke	talk
talke'st	talkeest
talkes	talks
talketiue	talketive
talkinge	talking
talkst	talkest
talkt	talked
tallent	talent
tallents	talents
talles	tales
tallie	tally
tallons	talons
tallyes	tallies
tam'd	tamed
tamberlaine	tamberlain
tamelie	tamely
tamenesse	tameness
tamper'd	tampered
tampring	tampering
tan'd	taned
tanckerd	tankard
tancreds	tancred's
tand	tanned
tandē	tanden
tane	taken
tanke	tank
tankes	tanks
tann'd	tanned
tantalvs	tantalus
tantologie	tautology
tantonie	tantony
tap'd	tapped
tap-house	taphouse
tapestrie	tapestry
tapistry	tapestry
tappe	tap
tardie	tardy
tardinesse	tardiness
tare	tear
targetiers	targeteers
targette	target
targettiers	targeteers
tariance	tarriance
tarie	tarry
taried	tarried
tarieng	tarrying
tarieth	tarrieth
tarqvinivs	tarqvinius
tarras	terrace
tarre-paulin	tarpaulin
tarrie	tarry
tarter'd	tartered
tartes	tarts
tartnesse	tartness
tary	tarry
tarye	tarry
taryed	tarried
taryeth	tarrieth
tarying	tarrying
task'd	tasked
task't	tasked
taske	task
taskes	tasks
taskt	tasked
tassel'd	tasselled
tassell	tassel
tast	taste
tast's	tastes'
tastefull	tasteful
tastfull	tasteful
tastinges	tastings
tastless	tasteless
tasts	tastes
tat-tle	tattle
tatling	tattling
tatlynge	tattling
tatter'd	tattered
tatterd	tattered
tatterdemallion	tatterdemalion
tattr'd	tattered
tattred	tattered
taue	tave
tauera	tavera
taueren	taveren
tauern	tavern
tauern's	tavern's
tauern-rats	tavern-rats
tauern-tracers	tavern-tracers
tauerne	tavern
tauerne-foole	tavern-fool
tauerne-like	tavern-like
tauerne-roome	taverne-roome
tauernes	taverns
tauernhaunter	tavern-haunter
tauerns	taverns
tauero	tavero
taught'	taughtyou
taught'st	taughtest
taughte	taught
tauie	tavie
tauis	tavis
tauntes	taunts
tauntyng	taunting
tauoyde	tavoyde
tautologie	tautology
tauy	tavy
taverne	tavern
tavernes	taverns
tavrvs	taurus
tavvdries	tawdries
taw'd	tawed
tawney	tawny
tawnie	tawny
tawnie-coate	tawny-coat
tawnie-cote	tawny-cote
tawny-coate	tawny-coat
tax'd	taxed
tax't	taxed
taxe	tax
taxinges	taxings
taxt	taxed
tayl	tail
tayld	tailed
tayle	tail
tayle's	tail's
tayle-bush	tail-bush
tayler	tailor
taylers	tailors
tayles	tails
taylors	tailors
taylour	tailor
taylours	tailors
taynt	taint
taynted	tainted
taynts	taints
tayre	taire
tāburlain	tamburlain
teache	teach
teachyng	teaching
teachynge	teaching
teachynges	teachings
teadious	tedious
teales	teals
teame	term
tear'st	tearest
tear-stained	tearstained
teare	tear
teare-full	tear-full
teare-mouth	tear-mouth
teare-swolne	tear-swollen
teare-thyrsty	tear-thirsty
tearefull	tearful
tearelesse	tearless
teares	tears
tearfull	tearful
tearm	term
tearm'd	termed
tearm'st	termest
tearmd	termed
tearme	term
tearme-driuer	term-driver
tearme-time	termtime
tearmed	termed
tearmes	terms
tearmest	termest
tearming	terming
tearms	terms
teaster	taster
teasters	tasters
teastie	tasty
teasty	tasty
teatchiues	teatchives
teate	teat
teates	teats
teche	teach
techynge	teaching
tecnicvs	tecnicus
tedioue	tediove
tediousnes	tediousness
tediousnesse	tediousness
teem'd	teemed
teeme	teem
teemes	teems
teene	teen
teenes	teens
teer	teaer
teethe	teeth
teeths	teeth's
teickl'd	teickled
tel	tell
tel's	tell's
tel-clocke	tell-clock
tel-tale	telltale
tel-tales	telltales
tell'st	tellest
tell-a	tell
tell-tale	telltale
tell-tales	telltales
tell-troth	telltruth
tell-truth	telltruth
telles	tells
tellyng	telling
tels	tells
telst	tellest
teltale	telltale
telū	telum
temp'rance	temperance
temp'rate	temperate
temp'rature	temperature
temp'red	tempered
temp'ring	tempering
temper'd	tempered
temperality	temporality
temperall	temporal
temperat	temperate
temperatly	temperately
temperaunce	temperance
temperāce	temperance
temperd	tempered
tempest-threatned	tempest-threatened
tempestes	tempests
tempestious	tempestuous
tempestiuas	tempestivas
templers	templars
temporall	temporal
temporarie	temporary
tempred	tempered
tempring	tempering
tempt'st	temptest
temptacyon	temptation
tempte	tempt
temptes	tempts
temptresse	temptress
ten-fold	tenfold
ten-folde	tenfold
ten-penny	tenpenny
tenacitie	tenacity
tenant-able	tenantable
tenauntes	tenants
tenāt	tenant
tence	tense
tend'red	tendered
tend'st	tendest
tende	tend
tender'd	tendered
tender'st	tenderest
tender-natur'd	tender-natured
tender-reach'd	tender-reached
tenderd	tendered
tenderlie	tenderly
tendernes	tenderness
tendernesse	tenderness
tenderst	tenderest
tendes	tends
tendred	tendered
tendrest	tenderest
tendreth	tendereth
tendring	tendering
tenents	tenants
tenis	tennis
tenis-court	tennis-court
tennants	tenants
tennents	tenants
tennor	tenor
tenour	tenor
tente	tent
tenter-hooke	tenterhook
tenterhooke	tenterhook
tenterhookes	tenterhooks
tentes	tents
terentivs	terentius
terible	terrible
teritories	territories
term'd	termed
term-time	termtime
termagaunt	termagant
termd	termed
terme	term
terme-driuer	term-driver
terme-time	termtime
termes	terms
termn'd	termned
termst	termest
terrefie	terrify
terrestial	terrestrial
terrestiall	terrestrial
terrestriall	terrestrial
terriblenesse	terribleness
terrie	terry
terrifie	terrify
territorie	territory
terrour	terror
terrours	terrors
terryble	terrible
terrybly	terribly
terryblye	terribly
terrytories	territories
tertivs	tertius
teryng	tering
testamēt	testament
testie	testy
testifie	testify
testifye	testify
testimoniall	testimonial
testimonie	testimony
testimonis	testimonies
testyfye	testify
testyfyeth	testifieth
testymony	testimony
testymonye	testimony
teuill	tevill
tevcers	teucers
tevil	devil
tewsday	tuesday
teynter	teinter
tē	ten
tēd	tend
tēde	tend
tēder	tender
tēdeth	tendeth
tēp	temp
tēpesteous	tempestuous
tēpestious	tempestuous
tēple	temple
tēples	temples
tēporall	temporal
tēporally	temporally
tēptation	temptation
tēpted	tempted
tēptingly	temptingly
tēt	tent
tētation	tentation
tēts	tents
th	that
th'	the
th'abhorred	abhorred
th'abilities	abilities
th'ability	ability
th'able	able
th'abortiue	th'abortive
th'aboundance	abundance
th'abstracts	abstracts
th'abuse	abuse
th'accomplishment	accomplishment
th'accompt	accompt
th'account	account
th'acknowledgement	acknowledgement
th'acts	acts
th'adiacent	adjacent
th'aduantage	advantage
th'aduenter	adventure
th'aduerse	adverse
th'aduertisements	advertisements
th'adulterer	adulterer
th'adulteresse	adulteress
th'adulteries	adulteries
th'adultrate	adulterate
th'advancement	advancement
th'adventurous	adventurous
th'aeternall's	eternal's
th'affaires	affairs
th'affection	affection
th'affects	affects
th'affiance	affiance
th'afflicted	afflicted
th'affright	affright
th'aged	aged
th'alacritie	alacrity
th'alarm's	alarm's
th'albanian	albanian
th'alewiues	th'alewives
th'allarme	alarm
th'allarum	alarum
th'allegeance	allegiance
th'amased	amazed
th'amaz'd	amazed
th'amazed	amazed
th'ambassadour	ambassador
th'ambassage	ambassage
th'ambitious	ambitious
th'ancient	ancient
th'anguish	anguish
th'animall	animal
th'antartick	antarctic
th'appointed	appointed
th'apprehension	apprehension
th'approches	approaches
th'appropriate	appropriate
th'appurtenances	appurtenances
th'apt	apt
th'arcadians	arcadians
th'arme	arm
th'armes	arms
th'arrest	arrest
th'arriuall	arrival
th'arriue	arrive
th'arrivall	arrival
th'artick	arctic
th'ashes	ashes
th'aspirer	aspirer
th'assembled	assembled
th'assistant	assistant
th'assistants	assistants
th'astonish'd	astonished
th'athenian	athenian
th'attonement	atonement
th'audience	audience
th'aue	th'ave
th'augury	augury
th'authentique	authentic
th'authoritie	authority
th'authors	authors
th'avrelian	aurelian
th'ayre	the
th'bar	bar
th'bare	bare
th'beauteous	beauteous
th'best	best
th'better	better
th'bettering	bettering
th'bloudy	bloody
th'bottome	bottom
th'camp	camp
th'cares	cares
th'cause	cause
th'charge	charge
th'common	common
th'common-wealth	commonwealth
th'contrary	contrary
th'course	course
th'cruelst	cruelest
th'cunning	cunning
th'daies	days
th'dammage	damage
th'day	day
th'death	death
th'dore	door
th'eager	eager
th'eares	ears
th'early	early
th'earnest	earnest
th'earth	earth
th'earthly	earthly
th'east	east
th'effect	effect
th'effects	effects
th'effuse	effuse
th'elder	elder
th'eleuenth	th'eleventh
th'elysian	elysian
th'emperiall	imperial
th'emptie	empty
th'enamor'd	enamoured
th'enchantments	enchantments
th'enchaunting	enchanting
th'encounter	encounter
th'encountring	encountering
th'encouragement	encouragement
th'encroching	encroaching
th'ende	end
th'enemy	enemy
th'enioying	enjoying
th'ensealing	ensealing
th'entry	entry
th'erection	erection
th'euening	evening
th'euent	th'event
th'euents	th'events
th'euill	evil
th'evening	evening
th'exactest	exactest
th'example	example
th'examples	examples
th'execution	execution
th'expectation	expectation
th'exposition	exposition
th'expulsed	expulsed
th'extraction	extraction
th'extreme	extreme
th'extremitie	extremity
th'extremity	extremity
th'eyes	eyes
th'feilds	fields
th'fields	fields
th'foole	fool
th'foot	foot
th'fruite	fruit
th'full	full
th'game	game
th'gentry	gentry
th'glorious	glorious
th'good	good
th'graue	grave
th'habituate	habituate
th'had	had
th'hams	hams
th'hand	hand
th'handle	handle
th'hands	hands
th'happy	happy
th'hart	hart
th'haue	th'have
th'health	health
th'hearb	herb
th'hearing	hearing
th'heauen	heaven
th'heele	heel
th'heeles	heals
th'height	height
th'heire	heir
th'highest	highest
th'honest	honest
th'honors	honours
th'honoured	honoured
th'honours	honours
th'houre	hour
th'houres	hours
th'idle	idle
th'ignorance	ignorance
th'ignorant	ignorant
th'imaginarie	imaginary
th'imagination	imagination
th'imagining	imagining
th'immortals	immortals
th'imperiall	imperial
th'impiety	impiety
th'impostumation	impostumation
th'impregnable	impregnable
th'in-side	inside
th'inamorate	inamorate
th'incensed	incensed
th'inchantment	enchantment
th'inchaunted	enchanted
th'inchaunting	enchanting
th'incounter	encounter
th'incurable	incurable
th'indenture	indenture
th'indignitie	indignity
th'induction	induction
th'inductions	inductions
th'inequality	inequality
th'ineuitable	th'inevitable
th'infants	infants
th'infected	infected
th'infection	infection
th'infectious	infectious
th'infernall	infernal
th'infidell	infidel
th'infinitie	infinity
th'infliction	infliction
th'informers	informers
th'ingagement	engagement
th'inhabitantes	inhabitants
th'inhabitants	inhabitants
th'iniuries	injuries
th'iniustice	injustice
th'injoying	enjoying
th'injury	injury
th'innatiue	innative
th'innocent	innocent
th'inquiring	enquiring
th'inraged	enraged
th'insatiat	insatiate
th'inspired	inspired
th'instant	instant
th'intelligences	intelligences
th'intent	intent
th'interest	interest
th'interim	interim
th'intoxicating	intoxicating
th'intruder	intruder
th'intruders	intruders
th'inuading	invading
th'inuenomed	envenomed
th'inuention	invention
th'inuentory	inventory
th'inuiolable	inviolable
th'irish	irish
th'kissing	kissing
th'l	l
th'labour	labour
th'letters	letters
th'liuing	living
th'losse	loss
th'loue	love
th'manner	manner
th'meane	mean
th'meridian	meridian
th'mind	mind
th'mouth	mouth
th'obiect	object
th'oblation	oblation
th'observance	observance
th'occasion	occasion
th'occurrants	occurrants
th'offence	offence
th'offences	offences
th'offender	offender
th'offenders	offenders
th'offending	offending
th'offensiv'st	th'offensivest
th'offer	offer
th'office	office
th'officiall	official
th'oliue	th'olive
th'onely	only
th'open	open
th'opportunitie	opportunity
th'opportunity	opportunity
th'opposite	opposite
th'oppresions	oppressions
th'oppressed	oppressed
th'oppression	oppression
th'oracle	oracle
th'orientall	oriental
th'ouer-often	th'over-often
th'ounce	ounce
th'outlandish	outlandish
th'outward	outward
th'over	over
th'perfect	perfect
th'pleasures	pleasures
th'point	point
th'present	present
th'protection	protection
th'purpose	purpose
th'remembrance	remembrance
th'remnant	remnant
th'reputation	reputation
th'reuolution	revolution
th'reverend	reverend
th'rugged	rugged
th'sacred	sacred
th'sadle	saddle
th'safe	safe
th'scornes	scorns
th'sea	sea
th'sentence	sentence
th'shadow	shadow
th'sheriffs	sheriffs
th'shop	shop
th'sight	sight
th'signe	sign
th'siluer	silver
th'smalnesse	smallness
th'socket	socket
th'sparing	sparing
th'speech	speech
th'starres	stars
th'steepe	steep
th'streets	streets
th'successe	success
th'sweet	sweet
th'sword	sword
th'top	top
th'tother	tother
th'transform'd	transformed
th'transmutation	transmutation
th'ugliest	ugliest
th'unbanded	unbanded
th'unborne	unborn
th'unchanging	unchanging
th'uncharitable	uncharitable
th'unfortunat'st	th'unfortunatest
th'unhallowed	unhallowed
th'unhappie	unhappy
th'unhappinesse	unhappiness
th'unhappy	unhappy
th'unhous'd	housed
th'unkindness	unkindness
th'unpartiall	unpartial
th'unresisted	unresisted
th'untoward	untoward
th'untutor'd	untutored
th'unusuall	unusual
th'unwilling	unwilling
th'use	use
th'vertex	vertex
th'vertue	virtue
th'vgly	ugly
th'vnbated	unbated
th'vncertaine	th'uncertaine
th'vndaunted	th'undaunted
th'vnder	under
th'vndertaking	undertaking
th'vndoing	undoing
th'vndoubted	undoubted
th'vnequall	unequal
th'vnfortunate	th'unfortunate
th'vngainst	th'ungainst
th'vngentle	ungentle
th'vngratefull	th'ungratefull
th'vnited	united
th'vniuefsall	th'univefsall
th'vniuersall	universal
th'vniuerse	th'vniverse
th'vnkind	th'unkind
th'vnkindnesse	unkindness
th'vnlook'd-for	th'unlook'd-for
th'vnnaturall	unnatural
th'vnprofitable	unprofitable
th'vnrecouerable	unrecoverable
th'vnresisted	unresisted
th'vnrested	unrested
th'vnruly	unruly
th'vnsettled	unsettled
th'vnskilfull	unskilful
th'vnsober	unsober
th'vnstedfast	unsteadfast
th'vntimely	untimely
th'vntrussing	untrussing
th'vnwilling	unwilling
th'vnworthy	th'unworthy
th'vse	use
th'vsurped	usurped
th'vsurper	th'usurper
th'waning	waning
th'wanton	wanton
th'wart	wart
th'wast	wast
th'water	water
th'weather's	weather's
th'wedding	wedding
th'were	were
th'wert	wertenberg
th'white	white
th'whole	whole
th'wines	wines
th'world	world
th'worst	worst
th'wrong	wrong
th'y	y
tha	than
tha'st	thaest
thad'st	thadest
thaduaūcement	th'advancement
thae	thane
thaffaires	th'affairs
thai	they
thair	their
thames-streete	thames-street
thanck	thank
thancke	thank
thanckes	thanks
thancks	thanks
thank'd	thanked
thank't	thanked
thankd	thanked
thanke	thank
thanke-offring	thank-offering
thanke-worthy	thankworthy
thankeful	thankful
thankefull	thankful
thankefully	thankfully
thankefulnes	thankfulness
thankefulnesse	thankfulness
thankelesse	thankless
thankes	thanks
thankes-giuing	thanksgiving
thankesgiuing	thanksgiving
thankfull	thankful
thankfullnesse	thankfulness
thankfulnes	thankfulness
thankfulnesse	thankfulness
thankles	thankless
thanklesse	thankless
thanksgiuing	thanksgiving
thankt	thanked
thao'st	thaoest
thatch'd	thatched
thatch't	thatched
thatche	thatch
thatcht	thatched
thatt	that
thaue	thave
thauncient	ancient
thavma	thauma
thaw'd	thawed
thawe	thaw
thawes	thaws
thay	they
thā	than
thāk	thank
thāke	thank
thākfully	thankfully
thāks	thanks
the'aue	the'ave
the'd	theed
the'euill	the'evill
the'haue	the'have
the're	there
the-now-vnequall	the-now-unequall
theabortiue	theabortive
theame	theme
thear	there
theare	there
theater	theatre
theaters	theatres
thebane	theban
thebanes	thebans
thedosivs	thedosius
theee	there
theef	thief
theefe	thief
theefe's	thief's
theefe-whoorish	thief-whorish
theefs	thieves
theelou'd	theeloved
theere	there
theese	these
theeues	thieves
theeuing	thieving
theeuish	thievish
theeuishly	thievishly
theevery	thievery
theeves	thieves
theeving	thieving
theevish	thievish
theevs	theeus
thefe	thief
thefes	thieves
theffect	effect
thefte	theft
thei	they
thei'd	theied
thei's	they's
theie	they
theif	thief
theife	thief
theifes	thieves
theire	their
theis	these
theise	these
theiue	theive
theivs	theius
them-selues	themselves
themselfe	themselves
themselfes	themselves
themselu's	themselves
themselues	themselves
themselus	themselves
themselve	themselves
themselvs	themselves
themseves	themselves
then-a	thena
thencreasyng	thencreasing
thend	th'end
thende	th'end
thens	them
theocritvs	theocritus
theologie	theology
theoremes	theorems
theorick	theoric
theoricke	theoric
theorie	theory
theorique	theoric
theorye	theory
ther	there
therafter	thereafter
therat	thereat
therby	thereby
there-about	thereabout
there-from	therefrom
there-vpon	thereupon
there-with	therewith
there-withall	therewithal
thereaboutes	thereabouts
thererfore	therefore
theretoo	thereto
thereuppon	thereupon
therevnto	thereunto
therevpon	thereupon
therevppon	thereupon
therevvith	therewith
therewithall	therewithal
therewyth	therewith
therfor	therefore
therfore	therefore
therin	therein
therof	thereof
thers	the
therto	thereto
therunto	thereunto
therupon	thereupon
therupō	thereupon
theruppon	thereupon
thervnto	thereunto
thervpon	thereupon
thervvith	therewith
therwith	therewith
therwithal	therewithal
therwithall	therewithal
therwyth	therewith
theryn	therein
thes	these
thesevs	theseus
thessaloniās	thessalonians
thether	thither
theueries	theveries
theues	thieves
theuish	thevish
theves	thieves
thewes	thews
thexecution	th'execution
thextremitie	extremity
they'd	they
they'haue	they'have
they'l	they'll
they'r	they're
theyd	they
theyr	their
theyre	their
theyrs	theirs
theée	thee
thē	then
thēe	thee
thēē	thee
thēke	thenke
thēn	then
thēselues	themselves
thēterlude	thenterlude
thi	thy
thick-skin	thickskin
thick-skin'd	thick-skined
thick-skinn'd	thick-skinned
thicke	thick
thickned	thickened
thicknes	thickness
thicknesse	thickness
thief-stol'n	thief-stolen
thiefe	thief
thiefe-harb'ring	thief-harbouring
thiefe-like	thief-like
thiefes	thieves
thieft	theft
thier	their
thies	thighs
thieues	thieves
thieuing	thieving
thievs	thieus
thigh'd	thighed
thighe	thigh
thighes	thighs
thil-fauouredst	thil-favouredst
thimble-full	thimbleful
thin'st	thinest
thin-cheek'd	thin-cheeked
thin-fac'd	thin-faced
thinck	think
thincke	think
thinckes	thinks
thine's	thine
thinge	thing
thinges	things
thingis	things
think'st	thinkest
thinke	think
thinke's	think's
thinkes	thinks
thinkesvpon	thinkesupon
thinkinge	thinking
thinks't	thinkest
thinkst	thinkest
thinkyng	thinking
thinn	thin
thinne	thin
thinne-gutted	thin-gutted
thinnes	thinness
thinnesse	thinness
thintent	intent
thir	their
third-borough	thirdborough
thirle	thirl
thirste	thirst
thirstes	thirsts
thirstie	thirsty
thirteene-pence	thirteen-pence
thirteth	thirsteth
thisby	thisbe
thisne	thisbe
thīgs	things
thīke	think
tho	though
thoffence	th'offence
thogh	though
thoght	thought
thoghtes	thoughts
thoghts	thoughts
thombe	thumb
thombes	thumbs
thonder	thunder
thondring	thundering
thondryng	thundering
thonges	thongs
thonghts	thoughts
thorder	order
thorn-bush	thornbush
thorne	thorn
thornes	thorns
thornie	thorny
thornie-tooth'd	thorny-toothed
thorough-fare	thoroughfare
thoroughout	throughout
thorow	thorough
thorow-fare	thoroughfare
thorowe	thorough
thorowly	thoroughly
thos	those
thoses	those
thother	tother
thothers	tothers
thou'd'st	thou'dest
thouart	thovart
thoud'st	thoudest
thoughe	though
thought'st	thoughtest
thought-vitious	thought-vicious
thoughte	thought
thoughtes	thoughts
thoughtfull	thoughtful
thoughtfulnesse	thoughtfulness
thoughtst	thoughtest
thougts	thoughts
thouknow'st	thouknowest
thould'st	thouldest
thoulou'st	thoulovest
thouly'st	thoulyest
thoumak'st	thoumakest
thounder	thunder
thousād	thousand
thousāde	thousande
thouspak'st	thouspakest
thout	thought
thov	thou
thovv	thou
thovve	thowe
thovvsand	thowsand
thow	thou
thowght	thought
thowghts	thoughts
thō	thon
thral	thrall
thral'd	thraled
thral'st	thralest
thrald	thralled
thraldome	thraldom
thraldomes	thraldom's
thrale	thrall
thralles	thralls
thrals	thralls
thrash'd	thrashed
thrasht	thrashed
thrasonicall	thrasonical
thrasvs	thrasus
thratlyng	thratling
thre-shold	threshold
thread-bare	threadbare
thread-beare	thread-bear
threate	threat
threaten'd	threatened
threates	threats
threatē	threaten
threatn'd	threatened
threatned	threatened
threatnes	threatens
threatneth	threatens
threatning	threatening
threatninges	threatenings
threatnings	threatenings
threatnyng	threatening
threaues	threaves
thred	thread
thred-bare	threadbare
thredbare	threadbare
thredd	thread
threde	thread
thredes	threads
threds	threads
three-fold	threefold
three-fork'd	three-forked
three-forkt	threeforked
three-leg'd	three-leged
three-mens	three-men's
three-pence	threepence
three-pild	three-piled
three-score	threescore
three-shap't	three-shaped
three-yeeres	three-years
threed	thread
threed-bare	threadbare
threedbare	threadbare
threede	thread
threedes	threads
threeds	threads
threefolde	threefold
threepiled	three-piled
threescore-yeares	threescore-years
thresh'd	threshed
thresholde	threshold
threten	threaten
thretening	threatening
thretned	threatened
thretning	threatening
threts	threats
threvv	threw
threw'st	threwest
threwe	threw
threwst	threwest
thrid-bare	third-bare
thrifte	thrift
thriftes	thrifts
thriftie	thrifty
thriftinesse	thriftiness
thriftles	thriftless
thriftlesse	thriftless
thrild	thrilled
thrise	thrice
thristeth	thirsteth
thristie	thirsty
thristy	thirsty
thriu'd	thrived
thriu'st	thrivest
thriue	thrive
thriued	thrived
thriueles	thriveles
thriuers	thrivers
thriues	thrives
thriuing	thriving
thriuingst	thrivingst
thriv'd	thrived
thro	through
throand	throne
throane	throne
throanes	thrones
throate	throat
throate's	throat's
throates	throats
throgh	through
thron'd	throned
throng'd	thronged
throng'st	throngest
throngd	thronged
thronge	throng
thronges	throngs
throngh	throng
throst	thrust
throte	throat
throtes	throats
throtled	throttled
throts	throats
throue	throve
throug	through
through-fare	thoroughfare
through-out	throughout
through-stitch	throughstitch
throughe	through
throughfares	thoroughfares
throughlie	thoroughly
throughly	thoroughly
throughlye	thoroughly
throught	brought
throughtout	throughout
throung'd	throunged
throvv	throw
throvvn	thrown
throw'n	thrown
throw'st	throwest
throwe	throw
throwen	thrown
throwes	throws
throwne	thrown
throwst	throwest
throwynge	throwing
thrugh	through
thrughly	thoroughly
thrumpledū	thrumpledun
thrushes	thrush's
thruste	thrust
thrustes	thrusts
thrustynge	thrusting
thrū	thrum
thrūming	thrumming
thrūpledum	thrumpledum
thryce	thrice
thryse	thrice
thryue	thrive
thryuen	thryven
thryuing	thryving
thrée-beastes	three-beasts
thrée-peny	threepenny
thréed	thread
thréed-bare	threadbare
thréede	thread
ths	this
tht	that
thum'd	thumed
thumbe	thumb
thumbes	thumbs
thumpe	thump
thumpes	thumps
thund'ring	thundering
thunder'd	thundered
thunder'st	thunderest
thunder-bolt	thunderbolt
thunder-bolts	thunderbolts
thunder-boults	thunderbolts
thunder-claps	thunderclaps
thunder-like	thunderlike
thunder-proofe	thunder-proof
thunder-stone	thunderstone
thunder-strike	thunderstrike
thunder-stroak	thunderstroke
thunder-stroke	thunderstroke
thunder-strooke	thunderstruck
thunder-struck	thunderstruck
thunder-threatning	thunder-threatening
thunderboltes	thunderbolts
thundred	thundered
thundring	thundering
thundryng	thundering
thundrynge	thundering
thurseday	thursday
thurst	thirst
thurste	thirst
thuse	those
thūd	thund
thūder	thunder
thūders	thunders
thūdring	thundering
thūpes	thumps
thvcidides	thucidides
thvnkindly	thunkindly
thvrivs	thurius
thvs	thus
thvvarts	thwarts
thwacke	thwack
thwartes	thwarts
thwartinges	thwartings
thyck	thick
thycke	thick
thyder	thither
thye	thy
thyed	thy
thyghes	thighs
thyn	thine
thyncke	think
thyne	thine
thyng	thing
thynge	thing
thynges	things
thyngis	things
thyngs	things
thynk	think
thynke	think
thynkest	thinkest
thynketh	thinketh
thynks	thinks
thynkyng	thinking
thynne	thin
thyrst	thirst
thyrste	thirst
thyrstie	thirsty
thyrstyng	thyrsting
thys	this
thyselfe	thyself
thyther	thither
thyue	thyve
thé	the
thée	thee
théef	thief
théefe	thief
théere	there
théese	these
théeues	thieves
théeuish	thievish
ti'd	tied
ti'de	tied
tiberivs	tiberius
tibv.	tibu.
tibvllvs	tibullus
tick-tack	ticktack
tick-tacke	ticktack
tickel'd	tickled
tickeling	tickling
tickell'd	tickelled
tickil'st	tickilest
tickl'd	tickled
tickle-braine	tickle-brain
tid'd	tided
tidinges	tidings
tidyngs	tidings
tie'd	tieed
tigellivs	tigellius
tigre	tiger
tigres	tigers
tigresse	tigress
til	till
till'd	tilled
tilles	tills
tilly-fally	tillyvally
tilt-boate	tilt-boat
tilt-yard	tiltyard
tilt-yeard	tiltyard
timber'd	timbered
timber-worke	timberwork
timbred	timbered
timbrells	timbrels
timeles	timeless
timelesse	timeless
timelie	timely
timerous	timorous
timpanie	timpany
tinckling	tinkling
tinder-box	tinderbox
tinsell	tinsel
tip'd	tipped
tip-staffe	tipstaff
tip-toe	tiptoe
tipled	tippled
tipling	tippling
tippe	tip
tipsey	tipsy
tipsie	tipsy
tipstaffe	tipstaff
tipstaues	tipstaves
tipt	tipped
tir'd	tyred
tiranicall-tongu'd	tiranicall-tongued
tirannicall	tyrannical
tirannie	tyranny
tirannies	tyrannies
tirannize	tyrannise
tirannizing	tyrannizing
tirannous	tyrannous
tiranny	tyranny
tiranous	tyrannous
tirant	tyrant
tirant-like	tyrantlike
tirants	tyrants
tirany	tyranny
tiranye	tyranny
tirāny	tyranny
tirāt	tyrant
tire'd	tireed
tire-man	tireman
tire-woman	tirewoman
tis	this
tis-good	'tis-good
tisick	phthisic
tisicke	pthisic
tissew	tissue
tissick	phthisic
tissue-sleeues	tissue-sleeves
tit-mouse	titmouse
titiuile	titivile
titiuilitium	titivilitium
titivs	titius
title-page	titlepage
titvs	titus
tityvs	tityus
tiuell	tivell
tiuole	tivole
to'a	to
to'ards	towards
to'haue	to'have
to'vndoe	to'undoe
to'vs	to'us
to-day	today
to-morrow	tomorrow
to-morrow's	tomorrow's
to-much	tomuch
to-night	tonight
toad-stone	toadstone
toade	toad
toade-stone	toadstone
toades	toads
toaken	token
toaste	toast
tobacco-shopps	tobacco-shops
tode	toad
tode-poole	toad-poole
todes	toads
togeather	together
togeher	together
togeither	together
togethers	together
togither	together
togithers	together
togyther	together
toie	toy
toies	toys
toil'd	toiled
toild	toiled
toile	toil
toiles	toils
toilesome	toilsome
toke	took
token's	took's
tokest	tookest
tol'd	told
told'st	toldest
tolde	told
tollerable	tolerable
tolleracyon	toleration
tollerate	tolerate
tollerated	tolerated
tollerates	tolerates
tolleration	toleration
tolleratiō	toleration
tolles	tolls
toloue	tolove
tom-boy	tomboy
tom-boyes	tomboys
tomb'd	tombed
tomb-stone	tombstone
tombe's	tomb's
tombe-maker	tomb-maker
tombe-stone	tombstone
tombes	tombs
tombestone	tombstone
tomble	tumble
tombled	tumbled
tomblers	tumblers
tombling	tumbling
tomblyng	tumbling
tomboyes	tomboys
tomorow	tomorrow
tomorrowes	tomorrows
tomoue	tomove
tong	tonge
tong'd	tongued
tonge	tongue
tonges	tongues
tongeus	tongues
tonglesse	tongueless
tongu'd	tongued
tongue-tide	tonguetide
tongue-ty'd	tongue-tied
tongue-tyed	tongue-tied
tonguelesse	tongueless
tongus	tongues
tonne	ton
too'vnwieldie	too'unwieldie
took'st	tookest
tooke	took
tookst	tookest
toole	tool
tooles	tools
tooll	tool
toombe	tomb
toombes	tombs
toombs	tombs
toome	tomb
toong	tongue
toonges	tongues
toongs	tongues
toote	toot
tooth'd	toothed
tooth-ach	toothache
tooth-ache	toothache
tooth-drawer	toothdrawer
tooth-drawing	toothdrawing
tooth-lesse	toothless
tooth-pick	toothpick
tooth-picke	toothpick
tooth-pickes	tooth-picks
tooth-picks	toothpicks
toothach	toothache
toothe	tooth
toothles	toothless
toothlesse	toothless
toothpicke	toothpick
toothsom	toothsome
tootyng	tooting
top'd	toped
top-gallant	topgallant
top-heauy	top-heavy
top-mast	topmast
top-sail	topsail
top-sailes	topsails
top-sayle	topsail
topfull	topful
toples	topless
toplesse	topless
topp	top
toppe	top
toppes	tops
toppē	toppen
topps	tops
topsaile	topsail
topsayle	topsail
topsie	topsy
topsye	topsy
topt	topped
torch-bearer	torchbearer
torch-bearers	torchbearers
torch-light	torchlight
torche	torch
torment'st	tormentest
tormente	torment
tormentes	torments
tormēt	torment
tormēting	tormenting
tormēts	torments
torn'd	turned
torne	torn
torning	turning
torrentivs	torrentius
torrēts	torrents
tortoyse	tortoise
tortoyse-shell	tortoise-shell
tortoyses	tortoises
tortring	torturing
tortu'd	tortued
tortur'd	tortured
tortur'st	torturest
torturd	tortured
torturde	tortured
tortuse	tortoise
tos'd	tossed
toss'd	tossed
tosse	toss
tosse-pot	tosspot
tossyng	tossing
tost	tossed
tosted	toasted
tosting	toasting
totall	total
totenham-covrt	totenham-court
toter'd	totered
toth	tooth
totter'd	tottered
totterd	tottered
tottred	tottered
tottring	tottering
tottryng	tottering
tottur'd	tottured
totū	totum
touc'd	touced
touch'd	touched
touch't	touched
touch-box	touchbox
touch-boxe	touchbox
touch-hole	touchhole
touch-stone	touchstone
touch-wood	touchwood
touchd	touched
touche	touch
touchestone	touchstone
touchie	touchy
toucht	touched
touchyng	touching
touchynge	touching
toughnes	toughness
toughnesse	toughness
tought	taught
touine	tovine
tould	told
tould'st	touldest
toumb'd	tombed
toumbe	tomb
toumbes	tombs
toune	town
toung	tongue
toung'd	tongued
tounge	tongue
tounged	tongued
tounges	tongues
toungs	tongues
toungue	tongue
toures	towers
tourhynge	tourhing
tourn'd	turned
tourne	turn
tourned	turned
touz'd	touzed
tovnderstand	tounderstand
tovnknowne	tounknowne
tovvardes	towards
tovvards	towards
tovver	tower
tovvn	town
tovvne	town
tow'r	tower
tow'rs	towers
towarde	toward
towardes	towards
towardnes	towardness
towardnesse	towardness
towche	touch
towe	tow
towell	towel
tower-hill	towerhill
tower-wharfe	tower-wharf
towne	town
towne's	town's
towne-bull	town-bull
towne-clarke	town-clarke
towne-guard	town-guard
towne-house	town-house
towne-playes	town-plays
towne-seale	town-seal
townes	towns
townes-men	townsmen
townesman	townsman
townesmen	townsmen
towns-men	townsmen
towns-mens	townsmen's
townysh	townish
towre	tower
towres	towers
towreth	towereth
towring	towering
towrs	towers
tows'd	toused
towze	touse
tow̄ards	towards
toy'd	toyed
toye	toy
toyes	toys
toyishe	toyish
toyl	toil
toyl'd	toiled
toyl'st	toilest
toyld	toiled
toyle	toil
toyle's	toil's
toyles	toils
toylesome	toilsome
toyleth	toileth
toyling	toiling
toyls	toils
toylsome	toilsome
tōblyng	tumbling
tōbs	tombs
tōg	tonge
tōgue	tongue
tōgues	tongues
trac'd	traced
trac't	traced
track'd	tracked
tracke	track
trackes	tracks
trackt	tracked
tractabilitie	tractability
tracte	tract
trade-fallne	trade-fallen
trade-falne	trade-fallen
trades-man	tradesman
trades-men	tradesmen
trades-mens	tradesmen's
tradicion	tradition
traditionall	traditional
tradsman	tradesman
tradsmen	tradesmen
traduc'd	traduced
traduo'd	traduoed
tradyciōs	traditions
tradycyons	traditions
tradycyōs	traditions
traffick	traffic
trafficke	traffic
traffickt	trafficked
trafficque	traffic
traffique	traffic
traffiqued	trafficked
traffiquers	traffickers
traffiques	traffics
trafick	traffic
traficke	traffic
trafike	traffic
trafique	traffic
tragaedian	tragedian
tragaedy	tragedy
tragedie	tragedy
tragedyes	tragedies
tragicall	tragical
tragick	tragic
tragicke	tragic
tragicomicall	tragicomical
tragike	tragic
tragique	tragic
tragoedian	tragedian
tragoedians	tragedians
tragoedie	tragedy
tragoedy	tragedy
traies	trays
trail'st	trailest
traile	trail
trailes	trails
train'd	trained
train'st	trainest
traind	trained
traine	train
traine's	train's
traines	trains
trait'rous	traitorous
traiterous	traitorous
traiterously	traitorously
traitor-like	traitorlike
traitour	traitor
traitours	traitors
traitres	traitress
traitresse	traitress
traitrous	traitorous
traitrously	traitorously
trampl'd	trampled
tramplyng	trampling
tranform'd	transformed
trangress	transgress
tranquile	tranquil
tranquilitie	tranquillity
tranquility	tranquillity
tranquill	tranquil
tranquillitie	tranquillity
trans-fixt	transfixed
trans-form'd	transformed
trans-formed	transformed
trans-fuse	transfuse
trans-marine	transmarine
trans-migrate	transmigrate
trans-muted	transmuted
trans-shap't	trans-shaped
trans-shape	transshape
trans-stil'd	trans-stiled
transcendes	transcends
transcendēt	transcendent
transferd	transferred
transferr'd	transferred
transferre	transfer
transfigur'd	transfigured
transfixe	transfix
transfixt	transfixed
transform'd	transformed
transformd	transformed
transforme	transform
transformes	transforms
transfourmed	transformed
transgres'd	transgresed
transgress'd	transgressed
transgresse	transgress
transgrest	transgressed
transhap'd	transhape
transhapt	transhape
transiluanians	transylvanians
transilvanian	transylvanian
transitorie	transitory
translacion	translation
translatour	translator
translatours	translators
transparant	transparent
transparantly	transparently
transpārant	transparent
transporte	transport
transpos'd	transposed
trap-doore	trap-door
trap-doores	trapdoors
trap-doors	trapdoors
trap-stick	trapstick
trap-sticke	trapstick
trapdore	trap-door
trapings	trappings
trappe	trap
trappes	traps
trapps	traps
trapt	trapped
trashe	trash
trasht	trashed
trauail'd	travailed
trauaild	travailed
trauailde	travailde
trauaile	travail
trauailed	travailed
trauailer	traveler
trauailers	travelers
trauailes	travails
trauaileth	travaileth
trauailing	travailing
trauaill'd	travailed
trauails	travails
trauailyng	travailing
trauale	travale
traualers	travalers
trauasse	travasse
trauayl'd	travailed
trauayld	travailed
trauayle	travail
trauayled	travailed
trauayler	travayler
trauaylers	travelers
trauayles	travails
trauayleth	travaileth
trauayling	travailing
trauayll	travail
trauayls	travails
traueile	travel
traueiled	traveled
traueiler	traveller
traueilers	travellers
traueiling	traveling
traueillers	traveillers
trauel	travel
trauel'd	traveled
traueld	traveled
traueled	traveled
traueler	traveler
trauelers	travelers
traueleth	traveleth
trauell	travel
trauell'd	traveled
trauelled	traveled
traueller	traveller
trauellers	travellers
trauelles	travels
trauelling	traveling
trauellour	traveler
trauellours	travellers
trauells	travels
trauels	travels
trauelynge	traveling
trauense	travense
trauers	travers
trauers'd	traversed
trauerse	traverse
trauersing	traversing
trauerst	traversed
traunce	trance
traunt	trant
traūce	trance
trav.	trau.
travail'd	travailed
travaild	travailed
travaile	travail
travailer	traveler
travailers	travelers
travailes	travails
travayl'd	travailed
travayle	travail
traveiler	traveller
travel'd	traveled
traveld	traveled
travell	travel
travell'd	traveled
travell'st	travelest
travelld	traveled
travelled	traveled
travellest	travelest
travellors	travelers
travells	travels
trayl'd	trailed
trayle	trail
trayler	trailer
trayling	trailing
trayls	trails
trayn	train
trayn'd	trained
traynable	trainable
traynd	trained
traynde	trained
trayne	train
trayned	trained
traynes	trains
trayning	training
traynyng	training
trayterous	traitorous
trayterouslie	traitorously
trayterously	traitorously
trayterouslye	traitorously
traytor	traitor
traytor's	traitor's
traytor-like	traitorlike
traytors	traitors
traytour	traitor
traytours	traitors
traytress	traitress
traytresse	traitress
traytrous	traitorous
traytrus	traitorous
trāsform'd	transformed
trāsformd	transformed
trāsformed	transformed
trāslate	translate
trāslated	translated
trāsmigratiō	transmigration
trāsported	transported
treacherie	treachery
treacherou'st	treacherovest
treachrous	treacherous
tread'st	treadest
treade	tread
treades	treads
treadst	treadest
treasorer	treasurer
treasorie	treasury
treasour	treasure
treasō	treason
treasur'd	treasured
treasurer-ship	treasurership
treasurie	treasury
treate	treat
treates	treats
treatie	treaty
treaytrus	traitorous
trebativs	trebatius
trebble	treble
trebble-ruffes	treble-ruffs
trebbles	trebles
trebl'd	trebled
trecher	trencher
trecherie	treachery
trecheries	treacheries
trecherous	treacherous
trecherously	treacherously
trechery	treachery
tred	tread
trembl'd	trembled
tremblinge	trembling
tremblinges	tremblings
tremblyng	trembling
tremblynge	trembling
tremour	tremor
trempling	trembling
trench'd	trenched
trench-master	trenchmaster
trench-more	trenchmore
trenche	trench
trencher-man	trencherman
trencht	trenched
trentalls	trentals
treson	treason
trespace	trespass
trespas	trespass
trespas'd	trespassed
trespass'd	trespassed
trespasse	trespass
trespast'd	trespasted
tresse	tress
tressellegg'd	tressellegged
tresure	treasure
tresurie	treasury
tretcherie	treachery
tretcherous	treacherous
treue	treve
treuiso	treviso
trew	true
trew-loue	truelove
trewe	true
trewly	truly
trewlye	truly
trēble	tremble
trēbling	trembling
trēblyng	trembling
trēcher	trencher
tri'd	tried
tri'st	triest
triall	trial
trialls	trials
tribulacion	tribulation
tribunall	tribunal
tribunalls	tribunals
tribuniciall	tribunicial
tributarie	tributary
tribute-monies	tribute-moneys
tribute-mony	tribute-money
tribvlation	tribulation
tribvne	tribune
tribvnes	tribunes
tribvni	tribuni
trick'd	tricked
trick't	tricked
tricke	trick
trickes	tricks
trickiyng	trickiing
tricklyng	trickling
tricksie	tricksy
trickt	tricked
tricle	trickle
tride	tried
trie	try
triffle	trifle
triffles	trifles
trifl'd	trifled
triflle	trifle
triform'd	triformed
trill'd	trilled
trim'd	trimmed
trimd	trimmed
trimm'd	trimmed
trimme	trim
trincket	trinket
trinckets	trinkets
trinkes	trinks
trip'd	triped
tripe-wife	tripewife
triplicitie	triplicity
tripode	tripod
tripp'd	tripped
trippe	trip
tripple	triple
tript	trip
tristrā	tristran
triuall	trivall
triuia	trivia
triuial	trivial
triuiall	trivial
triump	triumph
triumpes	triumphs
triumph'd	triumphed
triumph'st	triumphest
triumph't	triumphed
triumphall	triumphal
triumphantlie	triumphantly
triumphe	triumph
triumphery	triumvirate
triumphes	triumphs
triumphet	triumph
triumpht	triumphed
triumps	triumphs
triumuirate	triumvirate
triviall	trivial
trivmph	triumph
trivmphis	triumphis
troade	troad
troate	troat
troaths	troths
troble	trouble
trobled	troubled
trobles	troubles
troblesome	troublesome
trod'st	trodest
trodde	trod
trode	trodden
troden	trodden
troian	trojan
troiane	trojan
troianes	trojans
troians	trojans
troies	troys
trollie	trolly
trompe	trump
trompes	tromps
trompet	trumpet
trompets	trumpets
trone	throne
troope	troop
troopes	troops
trophee	trophy
trophee's	trophy's
trophees	trophies
tropheies	trophies
trophes	trophies
trophey	trophy
tropheys	trophies
trophie	trophy
trophy'd	trophied
trophyes	trophies
tropicall	tropical
tropick	tropic
tropicke	tropic
tropicks	tropics
troth-plight	trothplight
trothe	troth
trothes	troths
trothlesse	trothless
trott	trot
trotte	trot
troubl'd	troubled
trouble-some	troublesome
troublesom	troublesome
troublesomest	troublesome
troubleth	troubles
troublevs	troubleus
troublinge	troubling
troublouse	troublous
troughes	troughs
trouncyng	trouncing
trouolesome	trovolesome
troupe	troop
troupes	troops
troups	troops
troutes	trouts
trouth	troth
trouthe	truth
trouueray	troweray
troūce	trounce
trovble-all	trouble-all
trow'st	trowest
trowble	trouble
trowbled	troubled
trowe	trow
trowell	trowel
trowlyng	trowling
trowts	trouts
troy-nouant	troy-novant
troyan	trojan
troyane	troyan
troyans	trojans
trreuocable	trrevocable
tru-loue	truelove
trubl'd	troubled
truch-man	truchman
truck'd	trucked
trucke	truck
truckt	trucked
true-begott	true-begot
true-borne	trueborn
true-bred	truebred
true-hearted	truehearted
true-loue	truelove
true-loues	trueloves
true-love	truelove
true-loves	trueloves
true-ly	truly
true-man	trueman
true-penny	truepenny
truelie	truly
truely	truly
truely-humane	truly-humane
truenesse	trueness
trueth	truth
trueth's	truth's
trueths	truths
trulie	truly
trulye	truly
trumpe	trump
trumpes	trumps
trumpetor	trumpeter
trumpetors	trumpeters
trumpetter	trumpeter
trumpetters	trumpeters
trumpettes	trumpets
trumpettors	trumpeters
trumpetts	trumpets
trumphet	trumpet
trunchion	truncheon
trunck	trunk
trunck-hos'd	trunk-hosed
truncke	trunk
trunckes	trunks
truncks	trunks
trunke	trunk
trunke-hose	trunk-hose
trunkes	trunks
trus'd	trused
truss'd	trussed
trusse	truss
truste	trust
trustes	trusts
trustfull	trustful
trustie	trusty
trustlesse	trustless
trustye	trusty
trustyng	trusting
trustynge	trusting
truth'd	truthed
truthe	truth
truthes	truths
trūdled	trundled
trūpets	trumpets
trv.	tru.
trve	true
trve-wit's	true-wit's
trvly	truly
trvs	trus
trvstie	trusty
trvsty	trusty
trvth	truth
trvth's	truth's
try'd	tried
try'de	tried
tryal	trial
tryall	trial
tryalls	trials
tryals	trials
trybe	tribe
trybes	tribes
trybute	tribute
tryce	trice
tryclyng	trycling
tryde	tried
trye	try
tryed	tried
tryes	tries
tryeth	trieth
tryfle	trifle
tryfles	trifles
tryflyng	trifling
tryllyng	trylling
trym	trim
trymme	trim
trymmed	trimmed
tryumph	triumph
tryumph's	triumph's
tryumphant	triumphant
tryumphantly	triumphantly
tryumphe	triumph
tryumphed	triumphed
tryumphes	triumphs
tryumphing	triumphing
tryumphs	triumphs
tryumphyng	triumphing
trée	tree
trées	trees
ttūpets.	ttumpets.
tub'd	tubbed
tubbe	tub
tubbes	tubs
tuching	touching
tuckt	tucked
tues-day	tuesday
tuffe	tuff
tug'd	tugged
tugg	tug
tugg'd	tugged
tuggd'd	tuggded
tugge	tug
tuicion	tuition
tuin'd	tuined
tul'd	tuled
tum'd	tumed
tumbes	thumbs
tumbl'd	tumbled
tumblynge	tumbling
tumulte	tumult
tumultes	tumults
tumultyng	tumulting
tun'd	tuned
tune-full	tuneful
tung	tongue
tunge	tongue
tunn'd	tunned
tunne	tun
tunnes	tons
tuns	tons
tup'd	tuped
turbants	turbans
turfe	turf
turfes	turfs
turffe	turf
turffes	turfs
turkes	turks
turkeyes	turkeys
turkie-cocks	turkey-cocks
turkies	turkeys
turkise	turks
turky-cock	turkey-cock
turky-cocks	turkeycocks
turkyes	turkeys
turmericke	turmeric
turmoil'd	turmoiled
turmoile	turmoil
turmoiles	turmoils
turmoyld	turmoiled
turmoyle	turmoil
turmoyled	turmoiled
turmoyles	turmoils
turn'd	turned
turn'dst	turnedst
turn'st	turnest
turn-vp	turnup
turnament	tournament
turnaments	tournaments
turnd	turned
turnde	turned
turne	turn
turne'd	turned
turne-bull	turn-bull
turne-coat	turncoat
turne-coate	turncoat
turne-over	turn-over
turne-overs	turn-overs
turne-pike	turnpike
turne-spit	turnspit
turnep-cart	turnip-cart
turnepikes	turnpikes
turneps	turnips
turnes	turns
turneyes	turneys
turninge	turning
turnippe	turnip
turnst	turnest
turnyng	turning
turretts	turrets
turuey	turvey
tuscane	tuscan
tushe	tush
tuske	tusk
tuskes	tusks
tutch	touch
tuter'd	tutered
tutor'd	tutored
tutour	tutor
tutours	tutors
tutresse	tutress
tūbled	tumbled
tvbicines	tubicines
tvcc	tucc
tvcc.	tucc.
tvcca	tucca
tvchwood	tuchwood
tvllivs	tullius
tvllvs	tullus
tvr.	tur.
tvrke	turke
tvrkes	turkes
tvrkf	turkf
tvrnvs	turnus
tvtelari	tutelari
tvtor	tutor
tvvas	it
tvvelfe	twelfe
tvvelve	twelve
tvventy	twenty
tvvere	it
tvvil	'twill
tvvine	twine
tvvines	twines
tvvo	two
tw's	tuv's
twancklyng	twangling
twancklynge	twangling
twang'd	twanged
twang'st	twangest
twange	twang
twas	it
twāckling	twangling
tweake	tweak
tweakes	tweaks
tweene	tween
twelu'th	twelv'th
twelue-moneths	twelvemonths
twelue-month	twelvemonth
twelue-months	twelvemonths
twelue-pence	twelvepence
twelue-pences	twelve-pences
twelue-penny	twelve-penny
twelue-peny	twelve-penny
tweluemoneth	twelvemonth
tweluemonth	twelvemonth
tweluemonths	twelvemonths
tweluepence	twelvepence
twelve-moneth	twelvemonth
twelve-month	twelvemonth
twelve-months	twelvemonths
twelve-pence	twelvepence
twelvemoneth	twelvemonth
twene	tween
twentie-fold	twentyfold
twere	it
twēty	twenty
twi-light	twilight
twigg	twig
twigge	twig
twigges	twigs
twil	'twill
twill	'twill
twin'd	twined
twin-borne	twin-born
twin-top'd	twin-toped
twin-topt	twin-topped
twinckle	twinkle
twinckled	twinkled
twinckles	twinkles
twinckling	twinkling
twind	twinned
twing'd	twinged
twinges	twings
twinne	twin
twinnes	twins
twinns	twins
twirle	twirl
twirles	twirls
twise	twice
twitst	twit
twixt	betwixt
two'd	twoed
two-chain'd	two-chained
two-edg'd	twoedged
two-folde	twofold
two-heauen-pointed	two-heaven-pointed
two-leg'd	two-leged
two-legg'd	two-legged
two-pence	twopence
two-pennie	twopenny
two-penny	twopenny
two-peny	twopenny
two-tongu'd	two-tongued
twou'd	twoved
twy-light	twilight
twyce	twice
twylight	twilight
twyn'd	twined
twynde	twinned
twyne	twine
twynes	twines
twyning	twining
twynklyng	twinkling
twynnes	twins
twynyng	twining
twyse	twice
twéen	tween
twéene	tween
ty'd	tied
ty'de	tied
ty'st	tyest
tybers	tibers
tyborne	tyborn
tycing	ticing
tycklyng	tyckling
tyd's	tid
tyde	tied
tyde's	tide's
tydes	tides
tyding	tiding
tydinges	tidings
tydings	tidings
tydings-bringer	tidings-bringer
tydynges	tidings
tye	tie
tyed	tied
tyer'd	tyered
tyes	ties
tyger	tiger
tygers	tigers
tygre	tiger
tygres	tigers
tyke	tike
tyl	till
tyles	tiles
tyll	till
tylled	tilled
tym	time
tymber	timber
tyme	time
tymerous	timorous
tymes	times
tympaniz'd	tympanized
tynd	tined
tyng	ting
typpe	tip
tyr	tyre
tyr'd	tired
tyr'de	tired
tyran	tyrant
tyranicall	tyrannical
tyranie	tyranny
tyranies	tyrannies
tyranize	tyrannise
tyranizing	tyrannising
tyranne	tyrant
tyrannes	tyrants
tyrannesse	tyranness
tyrannicall	tyrannical
tyrannie	tyranny
tyrannisde	tyrannised
tyranniz'd	tyrannized
tyrannye	tyranny
tyrannyes	tyranny
tyranous	tyrannous
tyrans	tyrants
tyrant-like	tyrantlike
tyrantes	tyrants
tyrany	tyranny
tyranye	tyranny
tyraunt	tyrant
tyrauntes	tyrants
tyrāts	tyrants
tyrd	tired
tyrde	tired
tyred	tired
tyreing	tiring
tyres	tires
tyring	tiring
tyring-house	tiring-house
tyring-houses	tiring-houses
tyrings	tirings
tyrranie	tyranny
tyrrannize	tyrannise
tyrranny	tyranny
tyrynge	tiring
tythe	tithe
tythe-night	tithe-night
tythes	tithes
tytirvs	tytirus
tytle	title
tytle's	title's
tytles	titles
téeth	tooth
tò	to
ua	vam
uag	vag
ualentines	valentines
ualliant	valiant
uanish	vanish
uanitie	vanity
uanities	vanities
uant	vant
uassals	vassals
uatha	vatha
uaunting	vaunting
uayne	vain
uch	such
udge	judge
ueale	veal
ued	ved
uel	vel
ueluet	velvet
uenerian	venerean
uenesse	venesse
uenetian	venetian
uengeance	vengeance
uenom	venom
uenson	venison
uer	for
uerely	verily
uerelye	verily
uerie	very
uers	vers
uerse	verse
uersum	versum
uertue	virtue
uertues	virtues
uertuous	virtuous
uerues	verves
uery	very
uestall	vestal
uestris	vestris
uex	vex
uglie	ugly
uglinesse	ugliness
uiam	viam
uicar	vicar
uice	vice
uicegerent	vicegerent
uiceroies	viceroys
uiceroy	viceroy
uiceroyes	viceroys
uictor	victor
uictorie	victory
uictory	victory
uictorye	victory
uideris	videris
uiew	view
uil	vil
uilaine	vilaine
uildly	vildly
uile	vile
uillain	villain
uillaine	villain
uillaines	villains
uillanie	villainy
uillein	villain
uine	vine
uing	ving
uintner	vintner
uintners	vintners
uiolet	violet
uiolets	violets
uiolettaes	violetta's
uioll	violent
uirgins	virgins
uiriat	viriat
uiscera	viscera
uisitiā	uisitian
uisognomer	visognomer
uissitian	vissitian
uiuat	uivat
ulcer'd	ulcered
umber'd	umbered
un-concern'd	unconcerned
un-earth	unearth
un-envied	unenvied
un-imaginable	unimaginable
un-imagined	unimagined
un-invited	uninvited
un-mention'd	unmentioned
un-mou'd	unmoved
un-numbred	unnumbered
un-shaken	unshaken
un-usuall	unusual
un-utterable	unutterable
un-warm'd	unwarmed
unaccustom'd	unaccustomed
unacustomed	unaccustomed
unaneled	unannealed
unanswerd	unanswered
unarm'd	unarmed
unarmd	unarmed
unarme	unarm
unask'd	unasked
unastonisht	unastonished
unbak'd	unbaked
unbecomming	unbecoming
unbeleefe	unbelief
unbeleeve	unbelieve
unbeleever	unbeliever
unbesitting	unbefitting
unbinde	unbind
unbindes	unbinds
unblemish'd	unblemished
unblemish't	unblemished
unblemisht	unblemished
unbless'd	unblessed
unblin'd	unblind
unboar'd	unboared
unborne	unborn
unbosome	unbosom
unbottom'd	unbottomed
unbotton'd	unbottoned
unbowelled	unboweled
unbrac'd	unbraced
unbrain'd	unbrained
unbras'd	unbrased
unbrib'd	unbribed
unbroaken	unbroken
unbruis'd	unbruised
unbutton'd	unbuttoned
uncall'd	uncalled
uncanceld	cancelled
uncapeable	uncapable
uncas'd	uncased
uncertaine	uncertain
unchain'd	unchained
uncharg'd	uncharged
uncharme	uncharm
unchast	unchaste
uncheckt	unchecked
unchosing	unchoosing
uncircumscrib'd	uncircumscribed
unciuill	uncivil
uncivill	uncivil
uncivily	uncivilly
unckle	uncle
unckles	uncles
unclasp'd	unclasped
unclaspe	unclasp
uncleane	unclean
unclowded	unclouded
uncomly	uncomely
uncompel'd	uncompelled
uncompeld	uncompelled
uncompeli'd	uncompelied
uncompell'd	uncompelled
unconcern'd	unconcerned
unconfin'd	unconfined
unconfind	unconfined
unconquer'd	unconquered
unconstancie	unconstancy
unconstrain'd	unconstrained
uncontroul'd	uncontrolled
uncontrould	uncontrolled
uncontrouled	uncontrolled
uncounsel'd	uncounseled
uncover'd	uncovered
uncrack'd	uncracked
uncross'd	uncrossed
uncrown'd	uncrowned
uncrowne	uncrown
uncurteous	uncourteous
uncustom'd	uncustomed
undainted	dainted
undazel'd	undazzled
undecencie	undecency
undefac't	undefaced
undefenc'd	undefenced
undenyable	undeniable
under-foot	underfoot
under-ground	underground
under-hand	underhand
under-prop	underprop
under-rate	underrate
under-wit	underwit
under-write	underwrite
undergoe	undergo
undermin'd	undermined
understand'st	understandest
understandinge	understanding
understandst	understandest
underta'en	undertaken
undertane	undertaken
undertooke	undertook
undervalew	undervalue
underwrit	underwit
undeservd	undeserved
undest	dest
undiadem'd	diademed
undiscern'd	undiscerned
undiscernd	undescend
undiscover'd	undiscovered
undiscoverd	undiscovered
undisparadg'd	undisparadged
undispos'd	undisposed
undoe	undo
undoe's	undo's
undon	undone
undonne	undone
undress'd	undressed
undresse	undress
undutifull	undutiful
uneasie	uneasy
uneaven	uneven
unedg'd	unedged
unenvy'd	unenvied
unequal'd	unequalled
unequall	unequal
unequall'd	unequaled
unexampl'd	unexampled
unexperienc'd	unexperienced
unexspected	unexpected
unfadom'd	unfadomed
unfain'd	unfeigned
unfainedly	unfeignedly
unfaithfull	unfaithful
unfathom'd	unfathomed
unfayned	unfeigned
unfeard	unfeared
unfeign'd	unfeigned
unfethered	unfeathered
unfetter'd	unfettered
unfil'd	unfiled
unfinish'd	unfinished
unfinisht	unfinished
unfitnes	unfitness
unfitt	unfit
unflam'd	unflamed
unflatter'd	unflattered
unflaw'd	unflawed
unforc'd	unforced
unforc't	unforced
unfould	unfold
unfoulded	unfolded
unfruitfull	unfruitful
unfruitfullnesse	unfruitfullness
unfurnish'd	unfurnished
unfurnisht	unfurnished
ung	ȝung
ungovern'd	ungoverned
ungratefull	ungrateful
ungratious	ungracious
ungrowne	ungrown
unguiltie	unguilty
unguiltines	unguiltiness
unhandsom	unhandsome
unhang'd	unhanged
unhansome	unhandsome
unhappie	unhappy
unhappines	unhappiness
unhappinesse	unhappiness
unharden'd	unhardened
unhardned	unhardened
unhew'd	unhewed
unhindred	unhindered
unholesome	unwholesome
unhoode	unhood
unhors'd	unhorsed
unhorst	unhorsed
unicorne	unicorn
unicornes	unicorns
uniforme	uniform
uninur'd	uninured
unitie	unity
uniuersiry	universiry
uniuersiti	universiti
uniuersitie	university
uniuersity	university
uniuersytie	universytie
uniust	unjust
uniustly	unjustly
universall	universal
universitie	university
unjoynted	unjointed
unkinde	unkind
unkindely	unkindly
unkindeness	unkindness
unkindlie	unkindly
unkindnes	unkindness
unkindnesse	unkindness
unkle	uncle
unkle's	uncle's
unkles	uncles
unknowen	unknown
unknowne	unknown
unlade	unladen
unlawfull	unlawful
unlearn'd	unlearned
unles	unless
unlesse	unless
unlick'd	unlicked
unlimitted	unlimited
unlocke	unlock
unlockt	unlocked
unlode	unload
unlook'd	unlooked
unlook'd-for	unlooked-for
unlook't	unlooked
unlookt	unlooked
unloos'd	unloosed
unloosd	unloosed
unluckie	unlucky
unluckly	unluckily
unlucky'st	unluckiest
unluckye	unlucky
unman'd	unmanned
unmanag'd	unmanaged
unmannerlie	unmannerly
unmaried	unmarried
unmarry'd	unmarried
unmarryed	unmarried
unmarryēd	unmarried
unmask'd	unmasked
unmaske	unmask
unmaskt	unmasked
unmatch'd	unmatched
unmatch't	unmatched
unmatcht	unmatched
unmeasur'd	unmeasured
unmention'd	unmentioned
unmercifull	unmerciful
unmindfull	unmindful
unmixt	unmix
unmourn'd	unmourned
unmournd	unmourned
unmov'd	unmoved
unmovd	unmoved
unnaturall	unnatural
unnumbred	unnumbered
unparalel'd	unparalleled
unparalell'd	unparalleled
unparallel'd	unparallelled
unpauncht	paunched
unpay'd	unpayed
unpediments	pediments
unpeer'd	unpeered
unpend	pend
unperform'd	unperformed
unperfum'd	unperfumed
unperish'd	unperished
unpiti'd	unpitied
unpittied	unpitied
unpleasant'st	unpleasantest
unpledg'd	unpledged
unplum'd	unplumed
unpolish'd	unpolished
unpollish'd	unpolished
unpractis'd	unpractised
unpreferr'd	unpreferred
unprepar'd	unprepared
unprepard	unprepared
unpriviledged	unprivileged
unprophaned	unprofaned
unquench'd	unquenched
unquestion'd	unquestioned
unquestiond	unquestioned
unransom'd	unransomed
unravel'd	unraveled
unravell	unravel
unravisht	unravished
unreadinesse	unreadiness
unreasonablenesse	unreasonableness
unrecompenc'd	unrecompensed
unrecompenced	unrecompensed
unreconciliable	unreconcilable
unrefin'd	unrefined
unrelish'd	unrelished
unremembred	unremembered
unremoveable	unremovable
unremoveably	unremovably
unresin'd	resigned
unreveal'd	unrevealed
unreveng'd	unrevenged
unriddl'd	unriddled
unrig'd	unriged
unripedst	unripedest
unript	unripped
unrival'd	unrivaled
unrivaled	unrivalled
unryghteous	unrighteous
unsatisfi'd	unsatisfied
unsatisfie	unsatisfy
unsavorie	unsavoury
unsavory	unsavoury
unscorch'd	unscorched
unscorn'd	unscorned
unseale	unseal
unseason'd	unseasoned
unseate	unseat
unseene	unseen
unsentenc'd	unsentenced
unsetled	unsettled
unshap't	unshaped
unsheath'd	unsheathed
unshooe	unshoe
unskarr'd	unskarred
unskilfull	unskilful
unskrew'd	unskrewed
unskylfull	unskilful
unslack'd	unslacked
unsoil'd	unsoiled
unspilt	unspill
unspoil'd	unspoiled
unstain'd	unstained
unstaind	unstained
unstay'd	unstayed
unstopt	unstopped
unsubstantiall	unsubstantial
unsweare	unswear
untam'd	untamed
untempering	untempered
unthankefull	unthankful
unthankfull	unthankful
unthaw'd	unthawed
unthinke	unthink
untill	until
untol'd	untoled
untongu'd	untongued
untouch'd	untouched
untoucht	untouched
untowardnesse	untowardness
untrain'd	untrained
untruc'd	untruced
untrusse	untruss
untry'd	untried
untun'd	untuned
unty	untie
unty'd	untied
untye	untie
untyed	untied
untyll	until
unurg'd	unurged
unus'd	unused
unusal	unusual
unusefull	unuseful
unusuall	unusual
unvail	unveil
unvaile	unveil
unvanquisht	unvanquished
unveild	unveiled
unveiles	unveils
unvers'd	unversed
unvvholsome	unwholesome
unvvorthily	unworthily
unwapper'd	unwappered
unwasht	unwashed
unweildy	unwieldy
unwelcom	unwelcome
unwelcomm'st	unwelcommest
unwell-come	unwelcome
unwholesom	unwholesome
unwholsom	unwholesome
unwholsome	unwholesome
unwillingnesse	unwillingness
unwillyng	unwilling
unwinde	unwind
unwoorthie	unworthy
unworne	unworn
unworthie	unworthy
unworthinesse	unworthiness
unwrappe	unwrap
uo	vo
uocall	vocal
uoce	voice
uoices	voices
uole	vole
uolleies	volleys
uolleyes	volleys
uolted	volted
uooke	vooke
uor	warrant
uost	vost
uot	vot
uouchsafe	vouchsafe
uouchsafes	vouchsafes
uouchsaft	vouchsafed
uouchsaufyng	uouchsaufing
uow	vow
uowe	vow
uoyde	void
up-cast	upcast
up-heaved	upheave
up-roused	uproused
up-sey	upsey
up-spring	upspring
upbraide	upbraid
upbraides	upbraids
upbray'd	upbrayed
upholde	uphold
upo	upon
upō	upon
uppon	upon
uppon't	upon't
uprightnesse	uprightness
uproare	uproar
uprofitable	unprofitable
uprore	uproar
uprore's	uproar's
uprores	uproars
uram'd	uramed
urg'd	urged
urgd	urged
urinall	urinal
urne	urn
urnes	urns
us'd	used
usd	used
usefull	useful
uselesse	useless
userer	usurer
usher'd	ushered
uslesse	useless
usuall	usual
usurie	usury
usurp'd	usurped
usurp'st	usurpest
usurpe	usurp
usurpes	usurps
usurpt	usurped
utt'rance	utterance
utter'd	uttered
utterd	uttered
uttred	uttered
uuell	uvell
uuhat	what
uuhen	when
uuhich	which
uuith	with
uuithin	uvithin
uvlcans	uulcans
ū	un
v'm	u'm
v'sd	u'sd
vacancie	vacancy
vacante	vacant
vacatione	vacation
vacuitie	vacuity
vagabondes	vagabonds
vail'd	veiled
vaild	veiled
vaile	veil
vailes	vails
vain'd	vained
vain-glorious	vainglorious
vain-gloriously	vaingloriously
vain-glory	vainglory
vain-straind	vain-strained
vaine	vain
vaine-affrighting	vain-affrighting
vaine-glorie	vainglory
vaine-glorious	vainglorious
vaine-glory	vainglory
vaine-man	vaineman
vaineglorious	vainglorious
vaineglory	vainglory
vainely	vainly
vaines	veins
vainlie	vainly
vainnesse	vainness
valeaūt	valiant
valerivs	valerius
valerous	valorous
valevves	valves
valew	value
valew'd	valued
valewe	valve
valewed	valued
valewes	valves
valewing	valuing
valey	valley
valeyes	valleys
valiancie	valiancy
valiant'st	valiantest
valiante	valiant
valiantst	valiantest
valiaunt	valiant
valiavt	valiaut
valiātly	valiantly
validitie	validity
valient	valiant
valleies	valleys
vallew	valve
valleyes	valleys
valliant	valiant
valliantlie	valiantly
valliantly	valiantly
vallie	valley
vallies	valleys
vallorus	valorous
vallour	valour
vallours	valours
vallue	valve
vally	valley
vallye	valley
vallyes	valleys
valor	valour
valore	valour
valors	valours
valoure	valour
valoures	valours
valourous	valorous
valu'd	valued
valure	valour
vamp'd	vamped
van-doncks	vandoncks
van-duncks	vanduncks
vangard	vanguard
vanish'd	vanished
vanish't	vanished
vanishe	vanish
vanisht	vanished
vanitie	vanity
vanityes	vanities
vanne	van
vanquish'd	vanquished
vanquish't	vanquished
vanquishe	vanquish
vanquisht	vanquished
vanquyshed	vanquished
vanted	vaunted
vantgard	vanguard
vantguard	vanguard
vanting	vaunting
vants	vaunts
vanysshed	vanished
vanyte	vanity
vap'rous	vaporous
vapor	vapour
vapor'd	vapoured
vapors	vapours
vapulat	vapulate
vargvnteivs	vargunteius
varie	vary
varience	variance
varietie	variety
varietyes	varieties
varity	variety
varivs	varius
varī	varin
varld	world
varlots	varlets
varnish't	varnished
varnisht	varnished
varrie	varry
varye	vary
varyed	varied
varyeth	varieth
vash'd	vashed
vassail	vassal
vassail-servant	vassal-servant
vassaile	vassal
vassailes	vassals
vassails	vassals
vassales	vassals
vassall	vassal
vassallage	vassalage
vassalls	vassals
vassayles	vassals
vassell	vassal
vaste	vast
vastnes	vastness
vastnesse	vastness
vatablvs	vatablus
vaultes	vaults
vaunce	vance
vaunt'st	vauntest
vaunt-guard	vanguard
vauntage	vantage
vauntages	vantages
vauntgard	vanguard
vautes	vauts
vauting	vaulting
vauward	vanguard
vaūtage	vantage
vaūting	vaunting
vavmont	vaumont
vaward	vanguard
vawtes	vaults
vayl'd	veiled
vayld	veiled
vayle	vail
vayled	veiled
vayles	vails
vayn	vain
vayne	vain
vayned	vained
vaynely	vainly
vayner	vainer
vaynes	vains
vayns	vains
vā	van
vāpres	vampires
vāquished	vanquished
vātēs	vantens
vb	ub
vbi	ubi
vbicunque	ubicunque
vbique	ubique
vbiquitarie	ubiquitary
vbiquitary	ubiquitary
vbright	ubright
vcines	ucines
vdders	udders
vdg	udg
vdge	judge
vds'death	uds'death
vds-foote	uds-foote
vdsdeath	udsdeath
vdslife	udslife
ve	we
veale	veil
veale-broth	veal-broth
vectivs	vectius
veer'd	veered
vegetall	vegetal
vegetalls	vegetals
vegitable	vegetable
vegitation	vegetation
vehemencie	vehemency
vehemēce	vehemence
vehemēcy	vehemency
vehemēt	vehement
veil'd	veiled
veild	veiled
veile	veil
veiles	veils
vein'd	veined
veine	vein
veines	veins
veiw	view
veiwing	viewing
vell	well
veluet	velvet
veluet-head	velvet-head
veluets	velvets
veluette	velvet
velvet-gowne	velvet-gown
venecians	venetians
veneficall	venefical
venemous	venomous
veneriall	venerial
venerian	venerean
venerie	venery
veneson	venison
veng'ance	vengeance
veng'd	venged
vengance	vengeance
vengaunce	vengeance
venge-ance	vengeance
vengeauce	vengeance
vengeaunce	vengeance
vengeaūce	vengeance
vengeāce	vengeance
vengefull	vengeful
vengence	vengeance
vengers	venger's
veniacion	veniation
veniall	venial
venim	venom
venime	venom
venimous	venomous
venison-sawce	venison-sauce
venom'd	venomed
venomd	venomed
venome	venom
venome's	venom's
venome-breathed	venom-breathed
venson	venison
vente	vent
venter	venture
venter'd	ventured
ventered	ventured
ventering	venturing
venterous	venturous
ventorū	ventorum
ventositie	ventosity
ventred	ventured
ventring	venturing
ventrous	venturous
ventur'd	ventured
venturd	ventured
venturne	venture
venvs	venus
venvstas	venustas
venym	venom
ver-tue	virtue
veramente	verament
verball	verbal
verbe	verb
verbes	verbs
verdicte	verdict
verdit	verdict
verefied	verified
verely	verily
verelye	verily
veri	very
verie	very
verifi'd	verified
verifie	verify
verilie	verily
verite	verity
veritie	verity
veriuice	verivice
verjuyce	verjuice
verlet	varlet
vermillian	vermilion
vermillion	vermilion
vermine	vermin
vermyne	vermin
vernall	vernal
vernish	varnish
verrily	verily
vers'd	versed
versifie	versify
verst	versed
verteous	virtuous
verticall	vertical
vertne	virtue
vertous	virtuous
vertously	virtuously
vertuall	virtual
vertue	virtue
vertue's	virtue's
vertue-fam'd	virtue-famed
vertue-singing	virtue-singing
vertues	virtues
vertuons	virtuous
vertuos	virtuous
vertuous	virtuous
vertuouse	virtuous
vertuously	virtuously
vertuouus	virtuous
vertve	virtue
vertvmnvs	vertumnus
vertvovs	vertvous
veruin	vervin
very'st	veriest
verye	very
veryte	verity
verè	vere
vessell	vessel
vesselles	vessels
vessells	vessels
vestall	vestal
vestall's	vestal's
vestalls	vestals
vestimentes	vestiments
vestiments	vestments
vesuuio	veswio
vetuous	virtuous
vew	view
vewd	viewed
vewe	view
vewed	viewed
vewes	views
vewing	viewing
vex'd	vexed
vex't	vexed
vexe	vex
vexē	vexen
vext	vexed
veyl	veil
veyl'd	veiled
veyle	veil
veyles	veils
veyne	vein
veynes	veins
veyns	veins
vēgeāce	vengeance
vērtue	virtue
vētrous	venturous
vfe	ufe
vfrow	ufrow
vglie	ugly
vglier	uglier
vgliest	ugliest
vglines	ugliness
vglinesse	ugliness
vgly	ugly
vglye	ugly
vgsome	ugsome
vherefore	wherefore
vho	who
vhore	uhore
viage	voyage
viall	vial
viandes	viands
vice-gerent	vicegerent
vice-gerents	vicegerents
vice-roies	viceroys
vice-royaltie	vice-royalty
viceadmirall	viceadmiral
viceroies	viceroys
viceroyes	viceroys
vickar	vicar
vicount	viscount
vicounts	viscounts
victoriaes	victoria's
victorie	victory
victorye	victory
victoryes	victories
victours	victor's
victresse	victress
victual'd	victualled
victuall	victual
victuall'd	victualed
victualled	victualed
victualls	victuals
vide-ruffe	vide-ruff
vievv	view
view'd	viewed
viewd	viewed
viewe	view
viewes	views
vieweth	views
vigilāt	vigilant
vigill	vigil
vigillant	vigilant
vigills	vigils
vigorus	vigorous
vijs̄	vijs
vil'd	vile
vilages	villages
vilain	villain
vilaines	villains
vilanie	villainy
vilanous	villainous
vilanously	villanously
vilany	villainy
vilaynes	villains
vild'st	vildest
vilde	vild
vildely	vildly
vilenes	vileness
vilenesse	vileness
villaine	villain
villaines	villains
villainie	villainy
villaiue	villaive
villan	villain
villane	villain
villanes	villains
villanie	villainy
villanies	villainies
villanny	villainy
villanous	villainous
villans	villains
villany	villainy
villanye	villainy
villayn	villain
villayne	villain
villaynes	villains
villaynously	villainously
villayns	villains
villein	villain
villeines	villains
villen	villain
villenie	villainy
villenous	villainous
villens	villains
villeny	villainy
villiane	villain
villianes	villains
villifie	vilify
vindicatiue	vindicative
vine-leaues	vine-leaves
vineger	vinegar
vineger-bottle	vinegar-bottle
vinegers	vinegars
viniger	vinager
vintag'd	vintaged
vintener	vintner
vinters	vintners
vinversall	universal
violante	violent
viole	violent
violencies	violences
violettaes	violetta's
violette	violet
violetts	violets
violēce	violence
violēt	violent
violl	viol
violls	viols
viprous	viperous
virgin-cheeke	virgin-cheek
virgin-like	virginlike
virgin-minde	virgin-mind
virgin-traine	virgin-train
virginall	virginal
virginalls	virginals
virgine	virgin
virgines	virgins
virginitie	virginity
virgyns	virgins
virilitie	virility
virteous	virtuous
virtuall	virtual
virtvs	virtus
visag'd	visaged
visard	wizard
visarded	vizarded
viscositie	viscosity
visiblie	visibly
visitacion	visitation
visitatiō	visitation
visite	visit
visites	visits
visitinge	visiting
visitt	visit
visnomie	visnomy
visour	visor
vissage	visage
vitailes	victuals
vitalitie	vitality
vitall	vital
vitalls	vitals
vithout	without
vitious	vicious
vitiously	viciously
vitiousnesse	viciousness
vitrioll	vitriol
vittailes	victuals
vittell	victual
vittels	victuals
vittle	victual
vittled	victualled
viua	viva
viuat	vivat
viue	vive
viuely	vively
viuentis	viventis
viuere	vivere
viues	vives
viuet	vivet
viuification	vivification
viuit	vivit
viuum	viwm
viuunt	viwnt
vizar	vizard
vizzard	vizard
vj	uj
vlaming	ulaming
vlat	ulat
vlattan	ulattan
vlc'rous	ulcerous
vlcer	ulcer
vlcerated	ulcerated
vlcerateth	ulcerateth
vlcerd	ulcerd
vlcered	ulcered
vlcerous	ulcerous
vlcers	ulcers
vlciscendam	ulciscendam
vlcisceris	ulcisceris
vlen	ulen
vlinch	ulinch
vlitan	ulitan
vlla	ulla
vllam	ullam
vllas	ullas
vlli	ulli
vllum	ullum
vllus	ullus
vllâ	ullâ
vlouten	ulouten
vlouting-stog	vlouting-stock
vlt	ult
vlter	ulter
vlterius	ulterius
vlterous	ulterous
vltimam	ultimam
vltimi	ultimi
vltimo	ultimo
vltra	ultra
vlulantque	ululantque
vlulatibus	ululatibus
vlysses-like	ulysses-like
vlysses-polytropvs-amorphvs	vlysses-polytropus-amorphus
vm	um
vmans	umans
vmb	umb
vmbages	umbages
vmbles	umbles
vmbleth	umbleth
vmbly	humbly
vmbrarum	umbrarum
vmbras	umbras
vmbre	umbre
vmbrella	umbrella
vmbris	umbris
vmbrosa	umbrosa
vmperesse	umperesse
vmph	umph
vmpier	umpier
vmpiers	umpires
vmpire	umpire
vn	un
vn'ucky	un'ucky
vn-able	unable
vn-absolu'd	unabsolved
vn-affrighted	unaffrighted
vn-alterable	unalterable
vn-ambitious	unambitious
vn-answer'd	unanswered
vn-aparailed	un-aparailed
vn-argued	unargued
vn-ask'd	unasked
vn-auoided	unavoided
vn-becoming	unbecoming
vn-blam'd	unblamed
vn-bought	unbought
vn-certaine	uncertain
vn-commendable	uncommendable
vn-conscionable	unconscionable
vn-conscionably	un-conscionably
vn-cry'd	un-cryed
vn-do	undo
vn-doe	undo
vn-done	undone
vn-equall'd	unequaled
vn-euen	uneven
vn-examin'd	unexamined
vn-flattering	unflattering
vn-frighted	unfrighted
vn-gowned	ungowned
vn-hand	unhand
vn-hop'd	unhoped
vn-hurt	unhurt
vn-intelligent	unintelligent
vn-intreated	unentreated
vn-ioynted	unjointed
vn-kennell	unkennel
vn-luckie	unlucky
vn-man-like	unmanlike
vn-manlike	unmanlike
vn-manner'd	unmannered
vn-marri'd	unmarried
vn-masqu'd	unmasked
vn-mated	unmated
vn-measured	unmeasured
vn-mention'd	unmentioned
vn-nam'd	unnamed
vn-napkind	un-napkind
vn-nauigable	unnavigable
vn-numbred	unnumbered
vn-paraeleld	un-paraeleld
vn-paraleld	unparalleled
vn-peopled	unpeopled
vn-prepar'd	unprepared
vn-rannged	un-rannged
vn-reasonable	unreasonable
vn-reprooueable	unreprovable
vn-reproued	unreproved
vn-reuerendly	unreverendly
vn-ruly	unruly
vn-say	unsay
vn-screw	unscrew
vn-spirited	unspirited
vn-sunned-lodge	un-sunned-lodge
vn-taught	untaught
vn-term'd	un-termed
vn-to-be-pardon'd	vn-to-be-pardoned
vn-trauel'd	un-traveled
vn-vsde	unused
vn-vsed	unused
vn-vsefull	unuseful
vn-vttred	unuttered
vn-wash'd	unwashed
vn-welcome	unwelcome
vn-wind	unwind
vn-wonted	unwonted
vna	una
vnabated	unabated
vnable	unable
vnabus'd	unabused
vnabydable	unabydable
vnabyll	unable
vnacceptable	unacceptable
vnaccompained	unaccompanied
vnaccompanied	unaccompanied
vnaccustomed	unaccustomed
vnacquainted	unacquainted
vnacquaynted	unacquainted
vnacqueinted	unacqueinted
vnadmired	unadmired
vnadored	unadored
vnaduised	unadvised
vnaduisedly	unadvisedly
vnaduysed	unadvised
vnadvisedly	unadvisedly
vnaffected	unaffected
vnaffrighted	unaffrighted
vnalter'd	unaltered
vnalterable	unalterable
vnam	unam
vnamaz'd	unamazed
vnambitious	unambitious
vnanimate	unanimate
vnanimity	unanimity
vnannd	unannd
vnanswerable	unanswerable
vnanswered	unanswered
vnappalled	unappalled
vnapparell	unapparel
vnapparelled	apparelled
vnapprehending	unapprehending
vnapprehenfible	unapprehenfible
vnapprehensiue	unapprehensive
vnapt	unapt
vnaptly	unaptly
vnaptnes	unaptness
vnaptnesse	unaptness
vnaquaynted	unacquainted
vnarm'd	unarmed
vnarm'de	unarm'de
vnarmd	unarmed
vnarmde	unarmed
vnarmed	unarmed
vnarmeth	unarmeth
vnartificiall	unartificial
vnask'd	unasked
vnassaulted	unassaulted
vnattempted	unattempted
vnattended	unattended
vnaturall	unaturall
vnaubided	unaubided
vnauoidable	unavoidable
vnauoydable	unavoidable
vnavowedly	unavowedly
vnaware	unaware
vnawares	unawares
vnbackt	unbacked
vnbagd	unbagd
vnbarr'd	unbarred
vnbarracade	unbarracade
vnbarrs	unbars
vnbated	unbated
vnbathed	unbathed
vnbearded	unbearded
vnbeg'd	unbegged
vnbegd	unbegged
vnbeleefe	unbelief
vnbeleeu'd	unbelieved
vnbeleeue	unbelieve
vnbeleeuer	unbeliever
vnbeleeuers	unbelievers
vnbeleeuing	unbelieving
vnbeleiu'd	unbelieved
vnbeleuer	unbeliever
vnbelou'd	unbeloved
vnbend	unbend
vnbende	unbend
vnbendst	unbendest
vnbenific'd	unbenificed
vnbent	unbent
vnbequeath'd	unbequeathed
vnbeseemes	unbeseems
vnbeseeming	unbeseeming
vnbid	unbid
vnbidden	unbidden
vnbind	unbind
vnbinde	unbind
vnbindes	unbinds
vnbinding	unbinding
vnbinds	unbinds
vnblam'd	unblamed
vnblasted	unblasted
vnble	unble
vnblemish'd	unblemished
vnblemisht	unblemished
vnblessing	unblessing
vnblest	unblest
vnblind	unblind
vnblinde	unblind
vnbloodie	unbloody
vnblowne	unblown
vnblushing	unblushing
vnbolted	unbolted
vnbooted	unbooted
vnborne	unborn
vnborrowed	unborrowed
vnbottom'd	unbottomed
vnbottomd	unbottomd
vnbought	unbought
vnbound	unbound
vnboundably	unboundably
vnbounded	unbounded
vnbowde	unbowde
vnboweld	unboweld
vnbowell	unbowel
vnbowelling	unboweling
vnbrac'd	unbraced
vnbrac't	unbraced
vnbrace	unbrace
vnbraced	unbraced
vnbrast	unbraced
vnbreste	unbreast
vnbrib'd	unbribed
vnbribed	unbribed
vnbrideled	unbridled
vnbridled	unbridled
vnbroaded	unbroaded
vnbroke	unbroke
vnbroken	unbroken
vnbruis'd	unbruised
vnbruisde	unbruised
vnbrusde	unbrusde
vnbrused	unbruised
vnbruz'd	unbruzed
vnbrydeled	unbrydeled
vnbuild	unbuild
vnburden	unburden
vnburdened	unburdened
vnburied	unburied
vnburthen	unburthen
vnburthening	unburdening
vnbury	unbury
vnbury'd	unburied
vnburyed	unburied
vnbutton	unbutton
vnbutton'd	unbuttoned
vnbuttoned	unbuttoned
vncald	uncalled
vncalde	uncalled
vncall'd	uncalled
vncapable	uncapable
vncas'd	uncased
vncase	uncase
vncast	uncast
vnceasinge	unceasing
vnceaz'd	unceazed
vncensured	uncensured
vncer	uncer
vncertain	uncertain
vncertaine	uncertain
vncertainly	uncertainly
vncertaintie	uncertainty
vncertainties	uncertainties
vncertainty	uncertainty
vncertayn	uncertain
vncertayne	uncertain
vncerteine	uncertain
vncessant	uncessant
vncesteous	uncesteous
vnchaine	unchain
vnchang'd	unchanged
vnchangd	unchanged
vnchanged	unchanged
vnchanging	unchanging
vnchannel'd	unchanneled
vncharety	uncharety
vncharitable	uncharitable
vncharitably	uncharitably
vncharme	uncharm
vncharmes	uncharmes
vnchast	unchaste
vnchaste	unchaste
vnchastitie	unchastity
vnchastity	unchastity
vnchaunged	unchanged
vnche	unche
vncheck'd	unchecked
vnchecked	unchecked
vncheckt	unchecked
vnchosen	unchosen
vnchristian	unchristian
vnchristianly	unchristianly
vncie	uncie
vncircumcised	uncircumcised
vncircumscrib	uncircumscrib
vncircumscribed	uncircumscribed
vncircumsed	uncircumsed
vnciuell	uncivil
vnciuely	uncively
vnciuil	uncivil
vnciuile	uncivil
vnciuility	uncivility
vnciuill	uncivil
vnciuilly	uncivilly
vnciuilst	uncivilst
vnciuily	uncivilly
vncivill	uncivil
vnckle	uncle
vnckled	uncled
vnckles	uncles
vnclad	unclad
vnclasp	unclasp
vnclasp't	unclasped
vnclaspe	unclasp
vnclasping	unclasping
vnclasps	unclasps
vnclaspt	unclasped
vncle	uncle
vncle's	uncle's
vncle-father	uncle-father
vncleane	unclean
vncleanenesse	uncleanness
vncleanesse	uncleanness
vncleannesse	uncleanness
vncleare	unclear
vncleere	unclear
vncles	uncles
vnclipt	unclipped
vncloathed	uncloathed
vnclog'd	unclogged
vnclos'd	unclosed
vnclose	unclose
vnclosed	unclosed
vncloth	uncloth
vncloth'd	unclothed
vnclothd	unclothd
vnclothe	unclothe
vnclowd	uncloud
vncloyd	uncloyed
vncléene	unclean
vncollected	uncollected
vncomb'd	uncombed
vncombatted	uncombatted
vncomely	uncomely
vncomelye	uncomely
vncomfortable	uncomfortable
vncomfortably	uncomfortably
vncomly	uncomely
vncommended	uncommended
vncommon	uncommon
vncommonly	uncommonly
vncompanioned	uncompanioned
vncompassionate	uncompassionate
vncompeld	uncompelled
vncompell'd	uncompelled
vncomposed	uncomposed
vncompounded	uncompounded
vnconceiu'd	unconceived
vnconceiuing	unconceiving
vncondemned	uncondemned
vnconfin'd	unconfined
vnconfind	unconfined
vnconfined	unconfined
vnconfirm'd	unconfirmed
vnconfownded	unconfounded
vnconfuted	unconfuted
vnconquer'd	unconquered
vnconquerd	unconquered
vnconquered	unconquered
vnconscionable	unconscionable
vnconscionably	unconscionably
vnconsionable	unconsionable
vnconstancie	unconstancy
vnconstant	unconstant
vnconstrain'd	unconstrained
vnconstrained	unconstrained
vnconstrued	unconstrued
vnconsuming	unconsuming
vncontended	uncontended
vncontented	uncontented
vncontrold	uncontrolled
vncontrolde	uncontrolde
vncontrollable	uncontrollable
vncontrolled	uncontrolled
vncontrould	uncontrolled
vncontroulde	uncontroulde
vncontrouled	uncontrolled
vncontrowld	uncontrowld
vnconuenyent	unconvenient
vncorrected	uncorrected
vncorrupted	uncorrupted
vncorruptible	uncorruptible
vncoth	uncouth
vncoucht	uncouth
vncouer	uncover
vncouer'd	uncovered
vncouered	uncovered
vncouering	uncovering
vncounted	uncounted
vncouple	uncouple
vncourteous	uncourteous
vncourteously	uncourteously
vncourtlie	uncourtly
vncourtly	uncourtly
vncouth	uncouth
vncover	uncover
vncoyne	uncoin
vncōceiued	unconceived
vncōmaunded	uncommanded
vncōparable	uncomparable
vncōscionably	unconscionably
vncōstant	unconstant
vncrakt	uncrakt
vncreate	uncreate
vncreated	uncreated
vncredited	uncredited
vncropp'd	uncropped
vncropt	uncropped
vncrown'd	uncrowned
vncrownd	uncrowned
vncrowne	uncrown
vncta	uncta
vnction	unction
vnctionis	unctionis
vnctions	unctions
vnctuous	unctuous
vncumber	uncumber
vncunning	uncunning
vncupple	uncupple
vncur'd	uncured
vncurable	uncurable
vncurbed	uncurbed
vncurld	uncurled
vncurlde	uncurlde
vncurle	uncurl
vncurried	uncurried
vncurst	uncurst
vncurtaine	uncurtain
vncurteous	uncourteous
vncurtesie	uncourtesy
vncut	uncut
vncutholicall	uncutholicall
vnda	unda
vndae	undae
vndam	undam
vndamn'd	undamned
vndanted	undaunted
vndas	undas
vndaunted	undaunted
vndaz'led	undaz'led
vndazled	undazzled
vndāted	undaunted
vnde	unde
vndeceaue	undeceive
vndeceiued	undeceived
vndecent	undecent
vndecimam	undecimam
vndecyded	undecided
vndefam'd	undefamed
vndefenc't	undefenc't
vndefil'd	undefiled
vndefilde	undefiled
vndefiled	undefiled
vndeflowred	undeflowered
vndeform'd	undeformed
vndeformed	undeformed
vndefyled	undefiled
vndegestable	undegestable
vndelight	undelight
vndemure	undemure
vnder	under
vnder's	under's
vnder't	under't
vnder-age	underage
vnder-butler	underbutler
vnder-eaten	under-eaten
vnder-foot	underfoot
vnder-garment	under-garment
vnder-goe	undergo
vnder-groundes	under-grounds
vnder-grounds	under-grounds
vnder-hand	underhand
vnder-lip	underlip
vnder-meale	undermeal
vnder-mine	undermine
vnder-mining	undermining
vnder-neath	underneath
vnder-officers	under-officers
vnder-parted	under-parted
vnder-peering	under-peering
vnder-propping	underpropping
vnder-rate	underrate
vnder-run	under-run
vnder-saile	under-sail
vnder-scribe	under-scribe
vnder-shades	under-shades
vnder-shorde	under-shorde
vnder-shrubs	under-shrubs
vnder-song	undersong
vnder-take	undertake
vnder-takes	undertakes
vnder-taking	undertaking
vnder-takings	undertakings
vnder-tennis-court	under-tennis-court
vnder-thought	under-thought
vnder-tooke	undertook
vnder-va'ued	under-va'ued
vnder-valewd	under-valewd
vnder-valleyes	under-valleyes
vnder-value	undervalue
vnder-valued	undervalved
vnder-vestures	under-vestures
vnder-water	underwater
vnder-worketh	under-worketh
vnder-world	under-world
vnderdoe	underdo
vnderflowred	underflowered
vnderfoot	underfoot
vndergo	undergo
vndergoe	undergo
vndergoes	undergoes
vndergone	undergone
vnderhand	underhand
vnderhande	underhand
vnderiteward	underiteward
vnderlay	underlay
vnderliest	underliest
vnderlieth	underlieth
vnderling	underling
vnderlings	underlings
vnderlyes	underlies
vndermin'd	undermined
vndermind	undermined
vnderminde	undermined
vndermine	undermine
vndermined	undermined
vndermines	undermines
vnderminest	underminest
vndermineth	undermineth
vndermining	undermining
vnderminings	underminings
vndermyned	undermined
vndermynyng	undermining
vnderncath	underncath
vnderneath	underneath
vnderneathe	underneath
vnderneth	underneath
vnderpoised	underpoised
vnderprise	underprise
vnderprised	underprised
vnderprize	underprize
vnderprop	underprop
vnderprops	underprops
vnderput	underput
vnderputter	underputter
vnders	unders
vnderserued	underserved
vnderstand	understand
vnderstand'st	understandest
vnderstande	understand
vnderstander	understander
vnderstanders	understanders
vnderstandes	understands
vnderstandest	understandest
vnderstandeth	understands
vnderstanding	understanding
vnderstandings	understandings
vnderstands	understands
vnderstandst	understandest
vnderstandyng	understanding
vnderstandynge	understanding
vnderstauding	understauding
vnderstād	understand
vnderstāding	understanding
vnderstādingly	understandingly
vnderstāds	understands
vnderstode	understood
vnderstood	understood
vnderstoode	understood
vnderstoodst	understoodst
vndertak'st	undertakest
vndertake	undertake
vndertake't	undertake't
vndertaken	undertaken
vndertaker	undertaker
vndertakers	undertakers
vndertakes	undertakes
vndertaketh	undertaketh
vndertaking	undertaking
vndertakings	undertakings
vndertane	undertaken
vndertooke	undertook
vndertroden	undertrodden
vnderualue	undervalue
vnderualued	undervalved
vnderualuing	undervaluing
vndervalew	undervalue
vndervalue	undervalue
vndervalued	undervalved
vnderwent	underwent
vnderwit	underwit
vnderworking	underworking
vnderwrites	underwrites
vnderwrote	underwrote
vndeseru'd	undeserved
vndeserued	undeserved
vndeseruedly	undeservedly
vndeseruer	undeserver
vndeseruers	undeservers
vndeseruing	undeserving
vndeseruingnesse	undeseruingnesse
vndesirde	undesire
vndeterminable	undeterminable
vndeterr'd	undeterred
vndeuided	undivided
vndezyrde	undezyrde
vndid	undid
vndis	undis
vndiscern'd	undiscerned
vndiscerning	undiscerning
vndischarg'd	undischarged
vndisciplind	undisciplined
vndiscouer'd	undiscovered
vndiscouerd	undiscovered
vndiscouered	undiscovered
vndiscovered	undiscovered
vndisgested	undigested
vndisguised	undisguised
vndisguysed	undisguised
vndismaid	undismayed
vndispos'd	undisposed
vndissembled	undissembled
vndistinguisht	undistinguished
vndisturb'd	undisturbed
vndisturbde	undisturbde
vndisturbed	undisturbed
vndo	undo
vndo'em	undo'em
vndoe	undo
vndoe't	undoe't
vndoeing	undoing
vndoer	undoer
vndoes	undoes
vndoeth	undoth
vndoing	undoing
vndon	undone
vndone	undone
vndoo	undo
vndoo't	do't
vndooe	undooe
vndooing	undoing
vndoon	undone
vndoone	undone
vndoubted	undoubted
vndoubtedlie	undoubtedly
vndoubtedly	undoubtedly
vndoubtingly	undoubtingly
vndre	under
vndreamt	undreamt
vndrencht	undrenched
vndreneth	undreneth
vndresse	undress
vndressed	undressed
vndrest	undrest
vndt	undt
vndue	undue
vnduly	unduly
vndun	undun
vnduteous	unduteous
vndyffamed	undyffamed
vndyght	undyght
vndying	undying
vndyscrete	undiscrete
vndyscretelye	undyscretelye
vne	d'un
vneasie	uneasy
vneaten	uneaten
vnedge	unedge
vnedicate	unedicate
vneffected	uneffected
vnemptied	unemptied
vnentangle	unentangle
vnequal	unequal
vnequal'd	unequaled
vnequald	unequaled
vnequalde	unequalde
vnequall	unequal
vnequall'd	unequaled
vnequalld	unequaled
vneth	uneth
vnethes	uneaths
vneu'n	uneven
vneuen	uneven
vneuenly	unevenly
vneuitable	unevitable
vnexamined	unexamined
vnexampled	unexampled
vnexcepted	unexcepted
vnexcusable	unexcusable
vnexpect	unexpect
vnexpected	unexpected
vnexpectedly	unexpectedly
vnexpectednesse	unexpectedness
vnexperienc't	unexperienced
vnexperienced	unexperienced
vnexpert	unexpert
vnexpressable	unexpressable
vnexpressed	unexpressed
vnexprest	unexpressed
vnexpugnable	unexpugnable
vnexspected	unexpected
vnexspectedly	unexpectedly
vnfaign'd	unfeigned
vnfaigned	unfeigned
vnfaignedly	unfeignedly
vnfain'd	unfeigned
vnfaind	unfeigned
vnfainde	unfeigned
vnfained	unfeigned
vnfainedly	unfeignedly
vnfaining	unfeigning
vnfainting	unfainting
vnfaithfull	unfaithful
vnfaithfulnes	unfaithfulness
vnfaīd	unfeigned
vnfallible	unfallible
vnfallibly	unfallibly
vnfashion'd	unfashioned
vnfashionable	unfashionable
vnfather-like	unfather-like
vnfatherly	unfatherly
vnfayn'd	unfeigned
vnfaynde	unfeigned
vnfayned	unfeigned
vnfaynedly	unfeignedly
vnfaynedlye	unfeignedly
vnfaythfull	unfaithful
vnfaythfulnesse	unfaithfulness
vnfear'd	unfeared
vnfeatherd	unfeathered
vnfed	unfed
vnfeeling	unfeeling
vnfeignedly	unfeignedly
vnfeined	unfeigned
vnfellowed	unfellowed
vnfelt	unfelt
vnfenced	unfenced
vnfent	unfent
vnfetherd	unfetherd
vnfettered	unfettered
vnfeynedly	unfeynedly
vnfill	unfill
vnfinish	unfinish
vnfinish'd	unfinished
vnfinished	unfinished
vnfinisht	unfinished
vnfir'd	unfired
vnfirmely	unfirmly
vnfit	unfit
vnfitly	unfitly
vnfitte	unfit
vnfittest	unfittest
vnfitting	unfitting
vnfiued	unfived
vnfixe	unfix
vnflagd	unflagd
vnfledgd	unfledgd
vnfo	unfo
vnfold	unfold
vnfolde	unfold
vnfolded	unfolded
vnfoldes	unfolds
vnfolds	unfolds
vnfollow'd	unfollowed
vnforc'd	unforced
vnforcd	unforced
vnforfeit	unforfeit
vnforg'd	unforged
vnform'd	unformed
vnforrunate	unforrunate
vnforst	unforced
vnfortnnate	unfortnnate
vnfortunat	unfortunate
vnfortunate	unfortunate
vnfortunately	unfortunately
vnfortunatly	unfortunately
vnfortuuate	unfortwate
vnfould	unfold
vnfoulde	unfoulde
vnfound	unfound
vnfounde	unfound
vnfounded	unfounded
vnfreendly	unfriendly
vnfrequented	unfrequented
vnfriended	unfriended
vnfriendly	unfriendly
vnfrighted	unfrighted
vnfruitfull	unfruitful
vnfruitfully	unfruitfully
vnfurnishd	unfurnishd
vnfurnished	unfurnished
vnfurnisht	unfurnished
vnfytt	unfytt
vngag	ungag
vngarded	unguarded
vngarnish'd	ungarnished
vngarnishd	ungarnishd
vngarnished	ungarnished
vngartred	ungartered
vngem	ungem
vngentle	ungentle
vngentlemanlike	ungentlemanlike
vngentlenes	ungentleness
vngently	ungently
vngiu'd	ungived
vngladdest	ungladdest
vnglewd	unglewd
vngodlie	ungodly
vngodlines	ungodliness
vngodly	ungodly
vngodlye	ungodly
vngodlyes	ungodlyes
vngodlynesse	ungodliness
vngorge	ungorge
vngot	ungot
vngotten	ungotten
vngouern'd	ungoverned
vngouernd	ungovernd
vngownes	ungowns
vngrac'd	ungraced
vngrac't	ungraced
vngracious	ungracious
vngracyous	ungracious
vngracyously	ungraciously
vngranted	ungranted
vngrate	ungrate
vngrateful	ungrateful
vngratefull	ungrateful
vngratefully	ungratefully
vngratefulnesse	ungratefulness
vngratful	ungrateful
vngratfull	ungrateful
vngratfullman	ungratfullman
vngratious	ungracious
vngratitude	ungratitude
vngrau'd	ungraved
vngroand	ungroand
vngrounded	ungrounded
vnguarded	unguarded
vngue	ungue
vnguem	unguem
vnguento	unguento
vnguents	unguents
vnguerdon'd	unguerdoned
vnguided	unguided
vnguiltie	unguilty
vnguilty	unguilty
vngulae	ungulae
vnhable	unable
vnhallowed	unhallowed
vnhand	unhand
vnhandsome	unhandsome
vnhandsomely	unhandsomely
vnhang	unhang
vnhangd	unhangd
vnhansome	unhandsome
vnhansome-fac'd	unhandsome-faced
vnhanted	unhaunted
vnhappely	unhappily
vnhappie	unhappy
vnhappies	unhappies
vnhappiest	unhappiest
vnhappily	unhappily
vnhappines	unhappiness
vnhappinesse	unhappiness
vnhappy	unhappy
vnhappye	unhappy
vnhappynesse	unhappiness
vnhard	unhard
vnharnest	unharnessed
vnhaspes	unhaspes
vnhealthful	unhealthful
vnhealthy	unhealthy
vnheard	unheard
vnheard-of	unheard-of
vnheartie	unhearty
vnhearty	unhearty
vnhelmed	unhelmed
vnhill	unhill
vnhit	unhit
vnholesome	unwholesome
vnhollowed	unhollowed
vnholsome	unwholesome
vnholy	unholy
vnhonest	unhonest
vnhood	unhood
vnhopte	unhopte
vnhornd	unhornd
vnhorse	unhorse
vnhorst	unhorsed
vnhorste	unhorste
vnhospitable	unhospitable
vnhurt	unhurt
vnhuske	unhusk
vnica	unica
vnicorne	unicorn
vnicornes	unicorns
vniform'd	uniformed
vniforme	uniform
vnimitable	unimitable
vnimpaired	unimpaired
vninfected	uninfected
vnintreated	unentreated
vninuited	uninvited
vnion	union
vnions	unions
vnioynted	unjointed
vnirrooted	unirrooted
vnite	unite
vnited	united
vnites	unites
vnitie	unity
vniting	uniting
vnity	unity
vniuersalities	universalities
vniuersality	universality
vniuersall	universal
vniuersally	universally
vniuersals	universals
vniuerse	universe
vniuersi	universi
vniuersis	universis
vniuersite	universite
vniuersitie	vniversitie
vniuersities	universities
vniuersity	university
vniuesitie	university
vnius	unius
vniust	unjust
vniustill	uniustill
vniustlie	unjustly
vniustly	unjustly
vniversall	universal
vniverse	universe
vniversis	universis
vniversitie	university
vniversity	university
vnjoynted	unjointed
vnjust	unjust
vnjustly	unjustly
vnkem'd	unkemed
vnkembd	unkembd
vnkempt	unkempt
vnkenned	unkenned
vnkennell	unkennel
vnkēde	unkent
vnkild	unkilled
vnkind	unkind
vnkinde	unkind
vnkindely	unkindly
vnkindenes	unkindness
vnkindest	unkindest
vnkindly	unkindly
vnkindnes	unkindness
vnkindnesse	unkindness
vnkingly	unkingly
vnkings	unkings
vnkisse	unkiss
vnkist	unkissed
vnkle	uncle
vnkles	uncles
vnknighted	unknighted
vnknit	unknit
vnknitt	unknit
vnknot	unknot
vnknow'n	unknown
vnknowe	unknow
vnknowen	unknown
vnknowing	unknowing
vnknowingly	unknowingly
vnknowledgde	unknowledgde
vnknown	unknown
vnknowne	unknown
vnknwne	unknwne
vnknyt	unknit
vnkouth	unkouth
vnkynd	unkind
vnkynde	unkind
vnlac'd	unlaced
vnlac't	unlaced
vnlacd	unlacd
vnlace	unlace
vnlaced	unlaced
vnlacing	unlacing
vnlade	unladen
vnladed	unloaded
vnladen	unladen
vnlading	unlading
vnlamented	unlamented
vnlanded	unlanded
vnlaste	unlaced
vnlavvfull	unlawful
vnlawful	unlawful
vnlawfull	unlawful
vnlawfully	unlawfully
vnlawfulnesse	unlawfulness
vnlayed	unlayed
vnlearnd	unlearned
vnlearne	unlearn
vnlearned	unlearned
vnleast	unleast
vnleau'd	unleaved
vnleft	unleft
vnlegittimate	unlegitimate
vnles	unless
vnless	unless
vnlesse	unless
vnlettered	unlettered
vnlickt	unlicked
vnlighted	unlighted
vnlike	unlike
vnlikely	unlikely
vnlikly	unlikely
vnlimitable	unlimitable
vnlimited	unlimited
vnlimitted	unlimited
vnload	unload
vnloade	unload
vnloading	unloading
vnloads	unloads
vnlock	unlock
vnlocke	unlock
vnlocks	unlocks
vnlockt	unlocked
vnlode	unload
vnlodē	unladen
vnlodg'd	unlodged
vnloding	unloading
vnlon	unlon
vnlook'd	unlooked
vnlook't	unlooked
vnlooked	unlooked
vnlookt	unlooked
vnloosde	unloosed
vnloose	unloose
vnloosed	unloosed
vnloosse	unloose
vnlosde	unlosde
vnlose	unlose
vnlosed	unclosed
vnlouely	unlovely
vnlouynge	unloving
vnlovelinesse	unloveliness
vnluckely	unluckily
vnluckie	unlucky
vnluckily	unluckily
vnluckly	unluckily
vnlucky	unlucky
vnluckye	unlucky
vnluckynes	unluckynes
vnluky	unlucky
vnlyke	unlike
vnlymited	unlimited
vnmacle	macle
vnmade	unmade
vnmaidenly	unmaidenly
vnmaimd	unmaimed
vnmake	unmake
vnmand	unmanned
vnmanerly	unmannerly
vnmanlist	unmanlist
vnmanly	unmanly
vnmanner'd	unmannered
vnmannerd	unmannerd
vnmannerde	unmannerde
vnmannerlie	unmannerly
vnmannerly	unmannerly
vnmannerlyest	unmannerlyest
vnmanur'd	unmanured
vnmanurde	unmanurde
vnmaried	unmarried
vnmarkt	unmarked
vnmarrie	unmarry
vnmarried	unmarried
vnmarry	unmarry
vnmarryed	unmarried
vnmask'd	unmasked
vnmaske	unmask
vnmasking	unmasking
vnmasks	unmasks
vnmaskt	unmasked
vnmasqu'd	unmasked
vnmasque	unmasque
vnmatch'd	unmatched
vnmatchable	unmatchable
vnmatchably	unmatchably
vnmatched	unmatched
vnmatcht	unmatched
vnmatring	unmatring
vnmeasur'd	unmeasured
vnmeasurable	unmeasurable
vnmeasurably	unmeasurably
vnmeasureably	unmeasureably
vnmeasured	unmeasured
vnmeasuredly	unmeasuredly
vnmedcinable	unmedicinable
vnmedicinable	unmedicinable
vnmeet	unmeet
vnmeete	unmeet
vnmellowed	unmellowed
vnmelt	unmelt
vnmention'd	unmentioned
vnmercifull	unmerciful
vnmercifully	unmercifully
vnmerited	unmerited
vnmerrited	unmerited
vnmesurable	unmeasurable
vnmet	unmet
vnmetamorphosed	unmetamorphosed
vnmete	unmeet
vnmethodically	unmethodically
vnmild	unmild
vnmilde	unmild
vnminded	unminded
vnmindefull	unmindful
vnmindful	unmindful
vnmindfull	unmindful
vnmistrusted	unmistrusted
vnmixt	unmix
vnmoistned	unmoistned
vnmoou'd	unmoved
vnmoouable	vnmoovable
vnmooued	unmoved
vnmorgage	unmortgage
vnmortified	unmortified
vnmotherd	unmotherd
vnmou'd	unmoved
vnmoueable	unmoveable
vnmoued	unmoved
vnmouedly	unmovedly
vnmouing	unmoving
vnmoystye	unmoisty
vnmuffled	unmuffled
vnmurdered	unmurdered
vnmusically	unmusically
vnmylde	unmild
vnméete	unmeet
vnnam'd	unnamed
vnnat	unnat
vnnatural	unnatural
vnnatural'st	unnaturalest
vnnaturall	unnatural
vnnaturallest	unnaturallest
vnnaturally	unnaturally
vnnaturallye	unnaturally
vnnaturalnesse	unnaturalness
vnnatured	unnatured
vnnatvrall	unnatural
vnnecessarie	unnecessary
vnnecessarily	unnecessarily
vnnecessary	unnecessary
vnneedeful	unneedful
vnneighbourly	unneighbourly
vnnimble	unnimble
vnnoble	unnoble
vnnobles	unnobles
vnnoblest	unnoblest
vnnookt	unnookt
vnnoted	unnoted
vnnumber'd	unnumbered
vnnumbred	unnumbered
vnobseru'd	unobserved
vnopen'd	unopened
vnorderly	unorderly
vnoti	unoti
vnpaciēt	unpatient
vnpacke	unpack
vnpaid	unpaid
vnpaide	unpaid
vnpain'd	unpained
vnpaind	unpained
vnpainted	unpainted
vnpaized	unpaized
vnparagond	unparagond
vnparalel'd	vnparaleled
vnparalell'd	unparallelled
vnparalelld	unparallelled
vnparalleld	unparalleled
vnparciall	unpartial
vnpardon'd	unpardoned
vnpardonable	unpardonable
vnpardoned	unpardoned
vnparraleld	unparraleld
vnpartaking	unpartaking
vnpartiall	unpartial
vnpartially	unpartially
vnpassable	unpassable
vnpatient	unpatient
vnpatternde	unpatternde
vnpayd	unpaid
vnpeer'd	unpeered
vnpeerable	unpeerable
vnpennanc't	unpennanc't
vnpent-house	unpent-house
vnpeopl'd	unpeopled
vnpeople	unpeople
vnpeopled	unpeopled
vnperceiu'd	unperceived
vnperceyu'd	unperceived
vnperceyued	unperceived
vnperfect	unperfect
vnperfit	unperfect
vnperform'd	unperformed
vnperformd	unperformed
vnperfourm'd	unperformed
vnperish'd	unperished
vnperisht	unperished
vnpersyite	unpersyite
vnpickt	unpicked
vnpierst	unpierced
vnpinneth	unpinneth
vnpinning	unpinning
vnpitied	unpitied
vnpitifull	unpitiful
vnpiting	unpiting
vnpittied	unpitied
vnpittyed	unpitied
vnpityed	unpitied
vnpitying	unpitying
vnplaced	unplaced
vnplaste	unplaced
vnpleas'd	unpleased
vnpleasant	unpleasant
vnpleasantly	unpleasantly
vnpleasaunt	unpleasant
vnpleasing	unpleasing
vnpleasingly	unpleasingly
vnplesant	unpleasant
vnplough'd	unploughed
vnplumbe	unplumb
vnpointed	unpointed
vnpolish'd	unpolished
vnpolish't	unpolished
vnpolisht	unpolished
vnpollished	unpolished
vnpoluted	unpolluted
vnpossible	unpossible
vnpossyble	unpossible
vnpractis'd	unpractised
vnpractiz'd	unpractised
vnpractysed	unpractised
vnpranked	unpranked
vnpreferd	unpreferred
vnpreiudic'd	unprejudiced
vnpreiudizde	unpreiudizde
vnprepar'd	unprepared
vnprepard	unprepared
vnpreparde	unprepared
vnprepared	unprepared
vnpresented	unpresented
vnprest	unprest
vnpreuented	unprevented
vnprinc'd	unprinced
vnprincely	unprincely
vnprison	unprison
vnprized	unprized
vnprofitable	unprofitable
vnprofitably	unprofitably
vnpromise	unpromise
vnpromising	unpromising
vnproperly	unproperly
vnpropitious	unpropitious
vnpropitiously	unpropitiously
vnproportion'd	unproportioned
vnprositable	unprofitable
vnprositing	unprositing
vnprouided	unprovided
vnprouident	unprovident
vnprouoked	unprovoked
vnprovided	unprovided
vnprtiall	unprtiall
vnprunde	unprunde
vnpunish'd	unpunished
vnpunished	unpunished
vnpunisht	unpunished
vnpunyshed	unpunished
vnpure	unpure
vnpurses	unpurses
vnquam	unquam
vnqueere	unqueere
vnquenchable	unquenchable
vnquenched	unquenched
vnquestion'd	unquestioned
vnquestionable	unquestionable
vnquestioned	unquestioned
vnquēched	unquenched
vnquiet	unquiet
vnquieted	unquieted
vnquietly	unquietly
vnquietnes	unquietness
vnquietnesse	unquietness
vnquyetnesse	unquietness
vnrauisht	unravished
vnreadinesse	unreadiness
vnready	unready
vnreasonable	unreasonable
vnreasonablie	unreasonably
vnreasonably	unreasonably
vnreclaimed	unreclaimed
vnreconciled	unreconciled
vnrecouerable	unrecoverable
vnrecouered	unrecovered
vnredde	unredde
vnregarded	unregarded
vnregistred	unregistered
vnrehersed	unrehearsed
vnrelenting	unrelenting
vnrelentles	unrelentles
vnreligious	unreligious
vnrelisht	unrelished
vnremembred	unremembered
vnremoued	unremoved
vnrenowmed	unrenowned
vnrepaide	unrepaid
vnrepaired	unrepaired
vnrepented	unrepented
vnrepining	unrepining
vnrepressed	unrepressed
vnreproou'd	unreproved
vnreprou'd	unreproved
vnrepyning	unrepining
vnrequested	unrequested
vnrequited	unrequited
vnresistable	unresistable
vnresisted	unresisted
vnresolu'd	unresolved
vnresolude	unresolved
vnresolued	unresolved
vnresonable	unreasonable
vnrespected	unrespected
vnrespectiue	unrespective
vnrest	unrest
vnrested	unrested
vnrestrain'd	unrestrained
vnrestraind	unrestrained
vnrests	unrests
vnreueald	unrevealed
vnreueng'd	unrevenged
vnreuengd	unrevenged
vnreuenged	unrevenged
vnreuenging	unrevenging
vnreuerend	unreverend
vnreuerendly	unreverendly
vnreuerently	unreverently
vnreuocable	unrevocable
vnreveng'd	unrevenged
vnrewarded	unrewarded
vnrig'd	unriged
vnrigging	unrigging
vnrighteous	unrighteous
vnrighteously	unrighteously
vnrip	unrip
vnripe	unripe
vnripired	unripired
vnrippe	unrip
vnript	unripped
vnriual'd	unrivaled
vnriualde	unrivalde
vnrooted	unrooted
vnrude	unrude
vnrulie	unruly
vnrulinesse	unruliness
vnruly	unruly
vnrulye	unruly
vnrumord	unrumord
vnryghteousnesse	unrighteousness
vnryghtfull	unrightful
vnrype	unripe
vns	uns
vnsaciable	unsatiable
vnsackt	unsacked
vnsacyable	unsacyable
vnsafely	unsafely
vnsaid	unsaid
vnsain'd	unsained
vnsalted	unsalted
vnsaluted	unsaluted
vnsanctified	unsanctified
vnsated	unsated
vnsatiable	unsatiable
vnsatiate	unsatiate
vnsatisfide	unsatisfied
vnsatisfied	unsatisfied
vnsatisfiz'd	vnsatisfized
vnsau'd	unsaved
vnsau'ry	unsavoury
vnsauerie	unsavoury
vnsauorie	unsavoury
vnsauory	unsavoury
vnsauoury	unsavoury
vnsavorie	unsavoury
vnsawced	unsawced
vnsay	unsay
vnsayde	said
vnsaying	unsaying
vnscar'd	unscared
vnscard	unscard
vnscarr'd	unscarred
vnschuldt	unschuldt
vnscorcht	unscorched
vnseal'd	unsealed
vnseale	unseal
vnsearch'd	unsearched
vnsearchable	unsearchable
vnsearcheable	unsearchable
vnsearched	unsearched
vnsearcht	unsearched
vnseason'd	unseasoned
vnseasonable	unseasonable
vnseasonablenesse	unseasonableness
vnseasonably	unseasonably
vnseasond	unseasond
vnseasoned	unseasoned
vnseasons	unseasons
vnsecure	unsecure
vnseemelie	unseemly
vnseemely	unseemly
vnseemly	unseemly
vnseen	unseen
vnseene	unseen
vnseens	unseens
vnseigned	unsigned
vnsemely	unseemly
vnsensible	unsensible
vnsent	unsent
vnseparate	unseparate
vnser	unser
vnsercheable	unsercheable
vnserched	unsearched
vnseru'd	unserved
vnseruiceable	unserviceable
vnseruisable	unseruisable
vnset	unset
vnsetl'd	unsettled
vnsetled	unsettled
vnsetting	unsetting
vnsettle	unsettle
vnsettled	unsettled
vnsēd	unsend
vnshadowed	unshadowed
vnshake	unshake
vnshaken	unshaken
vnshale	unshale
vnshamd	unshamed
vnshap'd	unshaped
vnshapde	unshapde
vnshapen	unshapen
vnshapte	unshapte
vnsheath'd	unsheathed
vnsheathd	unsheathed
vnsheathde	unsheathde
vnsheathed	unsheathed
vnsheathes	unsheathes
vnshethed	unshethed
vnshooke	unshook
vnshorne	unshorn
vnshrin'd	unshrined
vnshut	unshut
vnshuting	shuting
vnsightlie	unsightly
vnsightly	unsightly
vnsinesse	unsinesse
vnsit	unsit
vnsitte	unsitte
vnskil'd	vnskiled
vnskild	unskilled
vnskilful	unskilful
vnskilfull	unskilful
vnskillfull	unskillful
vnskin	unskin
vnskoffd	unskoffd
vnslaine	unslain
vnslandred	unslandered
vnslau'd	unslaved
vnslayne	unslain
vnsleakt	unsleakt
vnsmooth	unsmooth
vnsmother	unsmother
vnsociable	unsociable
vnsociably	unsociably
vnsold	unsold
vnsolicited	unsolicited
vnsought	unsought
vnsound	unsound
vnsounde	unsound
vnsounded	unfounded
vnsoyl'd	unsoiled
vnspared	unspared
vnspeakable	unspeakable
vnspeakeable	unspeakable
vnspent	unspent
vnspied	unspied
vnspirited	unspirited
vnspleen'd	spleen
vnspoke	unspoken
vnspoken	unspoken
vnsported	unsported
vnspotted	unspotted
vnspottednes	unspottedness
vnsprinckled	unsprinkled
vnsquard	unsquard
vnstabilytie	unstabilytie
vnstable	unstable
vnstabyl	unstabyl
vnstaid	unstaid
vnstaied	unstaid
vnstaiedues	unstaiedues
vnstain'd	unstained
vnstaind	unstained
vnstained	unstained
vnstanched	unstaunched
vnstated	unstated
vnstayed	unstayed
vnstaynd	unstained
vnsteadie	unsteady
vnsteady	unsteady
vnsteddie	steady
vnsteddines	unsteadiness
vnstedfast	unsteadfast
vnstedily	unsteadily
vnsteedy	unsteedy
vnstrengthens	unstrengthens
vnstretcht	unstretched
vnstringd	unstringd
vnstrung	unstrung
vnsu'd	unsued
vnsubdued	unsubdued
vnsubstantiall	unsubstantial
vnsufferable	unsufferable
vnsufferably	unsufferably
vnsufficiently	unsufficiently
vnsuffised	unsuffised
vnsullied	unsullied
vnsupportable	unsupportable
vnsure	unsure
vnsurprizd	unsurprised
vnsuspected	unsuspected
vnsutable	unsuitable
vnsuting	unsuiting
vnswadled	unswaddled
vnsweare	unswear
vnséen	unseen
vnséene	unseen
vnt	unt
vntagd	untagd
vntaimd	untaimd
vntainted	untainted
vntam'd	untamed
vntamd	untamd
vntameable	untameable
vntamed	untamed
vntamednes	untamedness
vntasted	untasted
vntaught	untaught
vntaunted	untaunted
vntaye	untaye
vntaynted	untainted
vntel	untell
vntemp'red	untempered
vntemperat	untemperate
vntemperate	untemperate
vntempred	untempered
vntempted	untempted
vntendred	untendred
vnthanckfull	unthanckfull
vnthanke	unthank
vnthankeful	unthankful
vnthankefull	unthankful
vnthankefuln	unthankefuln
vnthankefulnes	unthankfulness
vnthankful	unthankful
vnthankfull	unthankful
vnthankfullnesse	unthankfulness
vnthankfully	unthankfully
vnthankfulnesse	unthankfulness
vnthawed	unthawed
vnthinke	unthink
vnthought	unthought
vnthrift	unthrift
vnthriftely	unthriftely
vnthriftie	unthrifty
vnthriftily	unthriftily
vnthriftines	unthriftiness
vnthriftinesse	unthriftiness
vnthrifts	unthrifts
vnthrifty	unthrifty
vnthrist	unthrist
vnthryftye	unthryftye
vnti'd	untied
vntide	untied
vntie	untie
vntied	untied
vntierde	untierde
vntil	until
vntil'd	untiled
vntile	untile
vntill	until
vntimelesse	untimeless
vntimelie	untimely
vntimely	untimely
vntir'd	untired
vnto	unto
vnto'em	unto'em
vnto't	unto't
vntold	untold
vntollerable	untolerable
vntoo't	untoo't
vntoothsome	untoothsome
vntorne	untorn
vntouch'd	untouched
vntouch't	untouched
vntoucht	untouched
vntoward	untoward
vntowarde	untoward
vntowardly	untowardly
vntractable	untractable
vntrain'd	untrained
vntrained	untrained
vntrauaild	untravaild
vntrauel'd	untraveled
vntrauell'd	untraveled
vntread	untread
vntrew	untrue
vntri'd	untried
vntride	untried
vntried	untried
vntrimm'd	untrimmed
vntroade	untroad
vntrod-on	untrod-on
vntrodden	untrodden
vntroddē	untrodden
vntroth	untroth
vntrothe	untroth
vntroubled	untroubled
vntruc	untruc
vntrue	untrue
vntruely	untruly
vntrueth	untruth
vntrueths	untruths
vntruly	untruly
vntruss'd	untrussed
vntrussd	untrussd
vntrusse	untruss
vntrussed	untrussed
vntrussers	untrussers
vntrusses	untrusses
vntrussing	untrussing
vntrust	untrust
vntrustfull	untrustfull
vntrustie	untrusty
vntrusty	untrusty
vntruth	untruth
vntruthes	untruths
vntruths	untruths
vntryed	untried
vntucht	untucht
vntue	untue
vntun'd	untuned
vntune	untune
vnturnd	unturned
vntutor'd	vntutored
vntutord	untutord
vntwind	untwind
vntwinde	untwinde
vntwine	untwine
vntwist	untwist
vntwisted	untwisted
vntwynds	untwynds
vntwyne	untwine
vnty	untie
vnty'd	untied
vntye	untie
vntyed	untied
vntying	untying
vntyll	until
vntymely	untimely
vntyo	untyo
vnuaile	unuaile
vnualeu'd	unualeved
vnualew'd	unualewed
vnuallued	unuallued
vnuanquisht	unvanquished
vnuenom'd	unuenomed
vnuentred	unuentred
vnuexed	unvexed
vnuisited	unvisited
vnum	unum
vnus	unus
vnus'd	unused
vnusd	unused
vnusde	unused
vnused	unused
vnuseful	unuseful
vnusefull	unuseful
vnusering	unusering
vnusuall	unusual
vnutterable	unutterable
vnuulgar	unuulgar
vnvailes	unvails
vnvallued	valued
vnvalued	valued
vnvanquishable	unvanquishable
vnvanquished	unvanquished
vnvrged	unurged
vnvs	vnus
vnvsed	unused
vnvsuall	unusual
vnvulgarlie	unvulgarly
vnvulgarly	unvulgarly
vnvvarrāted	unwarranted
vnwanton	unwanton
vnware	unware
vnwarelie	unwarely
vnwares	unwares
vnwarie	unwary
vnwarranted	unwarranted
vnwash'd	unwashed
vnwasted	unwasted
vnwauering	unwavering
vnweapon'd	unweaponed
vnweaponed	unweaponed
vnwearied	unwearied
vnwearyed	unwearied
vnweaue	unweave
vnwedded	unwedded
vnweerie	unweerie
vnwelcom'd	unwelcomed
vnwelcome	unwelcome
vnweldie	unwieldy
vnweldy	unwieldy
vnwellcome	unwelcome
vnwet	unwet
vnwholesome	unwholesome
vnwholsom	unwholesome
vnwholsome	unwholesome
vnwieldly	unwieldly
vnwife	unwife
vnwillidg	unwillidg
vnwilling	unwilling
vnwillingly	unwillingly
vnwillingnes	unwillingness
vnwillingnesse	unwillingness
vnwind	unwind
vnwinde	unwind
vnwinding	unwinding
vnwise	unwise
vnwisely	unwisely
vnwitting	unwitting
vnwittingly	unwittingly
vnwitty	unwitty
vnwonted	unwonted
vnwoonted	unwonted
vnworldly	unworldly
vnworne	unworn
vnworthely	unworthily
vnworthie	unworthy
vnworthie's	unworthy's
vnworthiest	unworthiest
vnworthilly	unworthilly
vnworthily	unworthily
vnworthines	unworthiness
vnworthinesse	unworthiness
vnworthy	unworthy
vnworthyer	unworthier
vnworthynesse	unworthiness
vnwounded	unwounded
vnwounted	unwonted
vnwrap	unwrap
vnwreakt	unwreakt
vnwrit	unwrit
vnwritten	unwritten
vnwylling	unwilling
vnwyse	unwise
vnyelden	unyelden
vnynge	uning
vnyoakt	unyoakt
vnyoke	unyoke
vnyoked	unyoked
vnyon	unyon
vnyte	unyte
vnyuersall	universal
vnyuersally	unyversally
vnyuersytees	unyversytees
vnyuersytye	unyversytye
vocacyon	vocation
vocall	vocal
vocatiō	vocation
vocauit	vocavit
voiage	voyage
voic'd	voiced
voide	void
voides	voids
volk	folk
volleies	volleys
vollies	volleys
vollume	volume
vollumes	volumes
volly	volley
vollye	volley
vollyes	volleys
voltvrtivs	volturtius
volubilitie	volubility
volumne	volume
volumnes	volumes
voluntarie	voluntary
voluntarylye	voluntarily
voluptarie	voluptary
voluptuousnes	voluptuousness
voluptuousnesse	voluptuousness
volvptvovs	voluptvous
voman	woman
vomite	vomit
vomited'st	vomitedest
vomites	vomits
vomitt	vomit
vomitte	vomit
vomitted	vomited
vomitting	vomiting
vor	for
vorld	world
vot'rie	votary
vot'ries	votarys
votaresse	votaress
votarie	votary
votiue	votive
votresse	votress
vouch'd	vouched
vouch-safe	vouchsafe
vouchafe	vouchsafe
vouchesafe	vouchsafe
vouchfaf'd	vouchfafed
vouchsaf	vouchsafe
vouchsaf'd	vouchsafed
vouchsaf'st	vouchsafest
vouchsaf't	vouchsafed
vouchsaft	vouchsafed
vouchsaue	vouchsave
voucht	vouched
vouehsasfd	vovehsasfd
voutchsafe	vouchsafe
voutsafe	vouchsafe
vovv	vow
vovves	vows
vovvs	vows
vow'd	vowed
vow'st	vowest
voward	vanward
vowchers	vouchers
vowd	vowed
vowde	vowed
vowe	vow
vowell	vowel
vowes	vows
voyc'd	voiced
voyc't	voiced
voyce	voice
voyced	voiced
voyces	voices
voycing	voicing
voyd	void
voyde	void
voyded	voided
voyder	voider
voydes	voids
voydeth	voideth
voye'd	voyeed
voyed	void
vp	up
vp's	up's
vp-againe	up-againe
vp-braided	upbraided
vp-heaped	up-heaped
vp-heaue	upheave
vp-lands	uplands
vp-pont	up-pont
vp-reare	uprear
vp-right	upright
vp-rise	uprise
vp-rising	uprising
vp-rizers	up-rizers
vp-roare	uproar
vp-shots	up-shots
vp-sitting	upsitting
vp-start	upstart
vpan	upan
vpbraid	upbraid
vpbraide	upbraid
vpbraided	upbraided
vpbraides	upbraids
vpbraideth	upbraideth
vpbraiding	upbraiding
vpbraidings	upbraidings
vpbraids	upbraids
vpbrasd	upbrasd
vpbrayd	upbraid
vpbrayde	upbraid
vpbrayded	upbraided
vpbraydes	upbraids
vpbraydinge	upbraiding
vper	uper
vpfylde	upfylde
vphappy	uphappy
vpheaped	upheaped
vpheaued	upheave
vpheld	upheld
vphelde	upheld
vphold	uphold
vpholde	uphold
vpholder	upholder
vpholders	upholders
vpholding	upholding
vpholds	upholds
vpholster	upholster
vpholsterer	upholsterer
vpholsters	upholsters
vphould	uphould
vpland	upland
vplandish	uplandish
vplands	uplands
vplift	uplift
vplocke	uplock
vpmost	upmost
vpo	upon
vpo'th	upo'th
vpo'the	upo'the
vpof	upof
vpon	upon
vpon'ee	upon'ee
vpon'hem	upon'hem
vpon's	upon's
vpon't	upon't
vpon'th	upon'th
vponilliberall	uponilliberall
vpont	upont
vpout	upout
vpō	upon
vpp	upp
vppe	up
vpper	upper
vpper-bodies	upper-bodies
vpper-coate	upper-coat
vpperhand	upperhand
vppermost	uppermost
vppo'th	uppo'th
vppon	upon
vppon't	upon't
vppone	uppone
vppont	uppont
vppot'h	uppot'h
vppō	upon
vprais'd	upraised
vpraise	upraise
vprea'd	upreaed
vprear'd	upreared
vpreard	upreared
vprearde	uprearde
vpreare	uprear
vpreared	upreared
vpreares	uprears
vprentyng	uprenting
vpright	upright
vprightest	uprightest
vprightly	uprightly
vprightnesse	uprightness
vprise	uprise
vprising	uprising
vproare	uproar
vproares	uproars
vprooted	uprooted
vprore	uproar
vprores	uproars
vprors	uprors
vpryght	upright
vpryghtly	upryghtly
vpse	upse
vpseckings	upseckings
vpsee	upsee
vpsey	upsey
vpshot	upshot
vpshott	upshott
vpshotten	upshotten
vpside	upside
vpsie	upsie
vpsie-freesie-tiplers	upsie-freesie-tiplers
vpsitting	upsitting
vpsittings	upsittings
vpsolce	upsolce
vpsolue	upsolue
vpstantiall	upstantiall
vpstarr	upstarr
vpstart	upstarted
vpstarted	upstarted
vpstarts	upstarts
vpsy	upsy
vpsyde	upsyde
vpsydowne	upsydowne
vptailes	uptailes
vpto	upto
vpvpon	upupon
vpward	upward
vpwarde	upward
vpwards	upward
vpyong	upyong
vr's	ur's
vrampolnesse	urampolnesse
vranian	uranian
vrauce	urauce
vrbanity	urbanity
vrbe	urbe
vrbib	urbib
vrbin	urban
vrbins	urbin's
vrchin	urchin
vrchine	urchine
vrchins	urchins
vrd	urd
vrde	urde
vrdes	urdes
vrdg'd	urdged
vrdgd	urdgd
vrdge	urdge
vrds	urds
vre	ure
vreend	ureend
vreens	ureens
vrehin	urehin
vrend	urend
vrendly	urendly
vrg'd	urged
vrg'de	urged
vrgd	urged
vrgde	urgde
vrge	urge
vrged	urged
vrgence	urgence
vrgent	urgent
vrgently	urgently
vrges	urges
vrgest	urgest
vrget	urget
vrgeth	urges
vrging	urging
vrgvlania	vrgulania
vrigins	urigins
vrin	urin
vrin'd	urined
vrinall	urinal
vrinalls	urinals
vrine	urine
vrines	urines
vritules	uritules
vrld	urld
vrn	urn
vrna	urna
vrne	urn
vrnes	urns
vrns	urns
vro	uro
vrolicke	urolicke
vron	uron
vrong	urong
vrowardnesse	urowardnesse
vrse	urse
vrship	urship
vrships	urships
vrsvla	vrsula
vrtica	urtica
vryn	uryn
vs	us
vs'd	used
vs'de	used
vs't	us't
vsage	usage
vsages	usages
vsance	usance
vsances	usances
vsd	used
vsda	usdam
vsde	used
vse	use
vse'hem	use'hem
vse't	use't
vse-full	useful
vse-lesse	useless
vse-one	use-one
vsed	used
vsefull	useful
vseles	useless
vselesse	useless
vselha	uselha
vseno	useno
vserer	usurer
vserers	usurers
vsery	usury
vses	uses
vsest	usest
vseth	uses
vsher	usher
vsher'd	ushered
vsher-like	usher-like
vshered	ushered
vshering	ushering
vshers	ushers
vsin	usin
vsing	using
vspeace	uspeace
vsque	usque
vsquebagh	usquebagh
vssher	usher
vsuall	usual
vsually	usually
vsufructuary	usufructuary
vsum	usum
vsumeasan	usumeasan
vsure	usure
vsurer	usurer
vsurers	usurers
vsurie	usury
vsurie's	usury's
vsuries	usuries
vsuring	usuring
vsurious	usurious
vsurp	usurp
vsurp'd	usurped
vsurp's	usurp's
vsurp'st	usurpest
vsurp't	usurp't
vsurparetur	usurparetur
vsurpation	usurpation
vsurpe	usurp
vsurped	usurped
vsurper	usurper
vsurpers	usurpers
vsurpes	usurps
vsurpest	usurpest
vsurpeth	usurpeth
vsurping	usurping
vsurps	usurps
vsurpst	usurpest
vsurpt	usurped
vsury	usury
vsus	usus
vsvrer	vsurer
vsvrer's	vsurer's
vsyng	using
vt	ut
vtas	utas
vtensile	utensile
vtensilia	utensilia
vtensills	utensils
vtere	utere
vterque	uterque
vtew'd	utewed
vti	uti
vtilitas	utilitas
vtilitie	utility
vtinam	utinam
vtlegaium	utlegaium
vtmost	utmost
vtopian	utopian
vtranque	utranque
vtrique	utrique
vtroque	utroque
vtrumque	utrumque
vtrâque	utrâque
vtter	utter
vtter'd	uttered
vtter'st	utterest
vtterance	utterance
vtteraunce	utterance
vtterd	uttered
vttere	uttere
vttered	uttered
vtterest	utterest
vttereth	utters
vttering	uttering
vtterlie	utterly
vtterly	utterly
vtterlye	utterly
vttermost	uttermost
vttermoste	uttermost
vtters	utters
vtterst	utterst
vttrance	utterance
vttred	uttered
vttring	uttering
vttryng	uttering
vulgare	vulgar
vulgarely	vulgarly
vulter	vulture
vulterous	vulturous
vultur	vulture
vulture-like	vulturelike
vulturs	praetors
vultvre	vulture
vureueng'd	vurevenged
vurther	further
vutouch'd	vutouched
vv	wonderful
vv'are	w'are
vv'ave	w'ave
vv'dale	w'dale
vv.	w.
vv.s.	w.s.
vvaarrant	waarrant
vvaf.	waf.
vvager	wager
vvages	wages
vvaggon	wagon
vvagon	wagon
vvagtail	wagtail
vvaigh	weigh
vvaighed	weighed
vvaight	weight
vvaightie	weighty
vvaighting	weighting
vvainscot	wainscot
vvait	wait
vvaite	wait
vvaiters	waiters
vvaiting	waiting
vvake	wake
vvakefield	wakefield
vvakefild	wakefild
vvales	wales
vvalk	walk
vvalke	walk
vvalking	walking
vvall	wall
vvalls	walls
vvals	walls
vvalter	walter
vvaltham	waltham
vvander	wander
vvandered	wandered
vvandring	wandering
vvant	want
vvanted	wanted
vvanting	wanting
vvanton	wanton
vvanton's	wanton's
vvants	wants
vvar	war
vvar-like	warlike
vvar.	war.
vvarant	warrant
vvarbeck	warbeck
vvard	ward
vvardes	wards
vvare	ware
vvarehouse	warehouse
vvares	wares
vvarlike	warlike
vvarm	warm
vvarm'd	warmed
vvarme	warm
vvarmer	warmer
vvarning	warning
vvarrant	warrant
vvarrants	warrants
vvarre	war
vvarres	warres
vvarrs	wars
vvars	wars
vvarw.	warw.
vvarwick	warwick
vvarwicke	warwicke
vvas	was
vvas't	was't
vvash	wash
vvasht	washed
vvasp	wasp
vvaspe	waspe
vvast	waste
vvaste	waste
vvat	what
vvatch	watch
vvatch.	watch.
vvatches	watches
vvatchfull	watchful
vvatchm	watchm
vvater	water
vvater-dog	water-dog
vvater-port	water-port
vvater-spaniel	water-spaniel
vvaterbearer	waterbearer
vvatermen	watermen
vvatry	watery
vvave	wave
vvax	wax
vvaxe	wax
vvay	way
vvayes	ways
vvayte	wait
vve	we
vve'le	we'll
vve'll	we'll
vve'llaugh	we'llaugh
vve're	we're
vvea.	wea.
vveak	weak
vveake	weak
vveakest	weakest
vvealth	wealth
vvealthe	wealth
vveapon	weapon
vveapons	weapons
vvear	wear
vveare	wear
vveares	wears
vvearie	weary
vvearied	wearied
vvearing	wearing
vvears	wears
vveart	weart
vvearyed	wearied
vveasels	weasels
vveather	weather
vveather-cock	weathercock
vveathercock	weathercock
vveathercocke	weathercock
vveaue	weave
vveaver	weaver
vveb	web
vvebster	webster
vved	wed
vvedale	wedale
vvedding	wedding
vvedding-shooes	wedding-shoes
vvedge	wedge
vvedlock	wedlock
vvedlocks	wedlock's
vvee	we
vvee'd	weeed
vvee'l	we'll
vvee'le	we'll
vvee'll	wee'll
vveede	weed
vveedes	weeds
vveeke	week
vveekely	weekly
vveele	weel
vveepe	weep
vveepes	weeps
vveepst	weepest
vveig'd	weiged
vveighed	weighed
vveight	weight
vvel	well
vvel-don	weldon
vvelb	welb
vvelb.	welb.
vvelborne	welborne
vvelcom	welcome
vvelcome	welcome
vvelcomest	welcomest
vvell	well
vvell-bovvled	well-bowled
vvell-shap'd	well-shaped
vvelladay	welladay
vvellcome	welcome
vvelsh	welsh
vvelshman	welshman
vvelshmen	welshmen
vven.	wen.
vvench	wench
vvenche	wench
vvenches	wenches
vvenchi	wenchi
vvende	wend
vvent	went
vveomen	women
vveomens	women's
vvept	wept
vver	were
vver't	were't
vvere	were
vvere't	were't
vvert	wertenberg
vvest	west
vvest-vvard	westward
vvesterne	western
vvesternmā	westernman
vvestminster	westminster
vvestward	westward
vvh	wh
vvhale	whale
vvhar	whar
vvhat	what
vvhat's	what's
vvhate're	whatever
vvhatever	whatever
vvhats	whats
vvhatsoeuer	whatsoever
vvheat	wheat
vvhelps	whelps
vvhen	when
vvhen's	when's
vvhence	whence
vvher's	where's
vvhere	where
vvhere's	where's
vvhere-with	wherewith
vvhereas	whereas
vvhereat	whereat
vvhereby	whereby
vvherefore	wherefore
vvherein	wherein
vvheremy	wheremy
vvhereof	whereof
vvhereon	whereon
vvheres	where
vvhereuppon	whereupon
vvherevpon	whereupon
vvherevppon	whereupon
vvherevvith	wherewith
vvherewith	wherewith
vvherfore	wherefore
vvherin	wherein
vvherof	whereof
vvhether	whither
vvhetston	whetston
vvhi.	whi.
vvhich	which
vvhiche	which
vvhiffe	whiff
vvhiffing	whiffing
vvhile	while
vvhiles	while
vvhilst	while
vvhip	whip
vvhipt	whipped
vvhirle-poole	whirlpool
vvhisper	whisper
vvhispered	whispered
vvhistling	whistling
vvhit	whit
vvhite	white
vvhite-fryers	white-fryers
vvhither	whither
vvho	who
vvho'le	who'le
vvho's	who's
vvhole	whole
vvholesome	wholesome
vvholly	wholly
vvhom	whom
vvhome	whom
vvhoore	whore
vvhore	whore
vvhore-like	whorelike
vvhoredomes	whoredoms
vvhores	whores
vvhoreson	whoreson
vvhoring	whoring
vvhose	whose
vvhosoever	whosoever
vvhy	why
vvhyle	while
vvhyles	whiles
vvi.	wi.
vvia	uvia
vvia.	wia.
vviats	wiats
vvich	which
vvicked	wicked
vvickedness	wickedness
vvickednesse	wickedness
vvicket	wicket
vvid	wid
vvid.	wid.
vviddovves	widow's
vviddow	widow
vviddowes	widow's
vvidow	widow
vvidower	widower
vvidowers	widowers
vvidowes	widows
vvidowhood	widowhood
vvidows	widows
vvif	wife
vvife	wife
vvig	wig
vviggen	wiggen
vvil	will
vvil'ing	wil'ing
vvild	wild
vvild-goose	wildgoose
vvilde	wild
vvilfull	wilful
vvilfully	wilfully
vvilie	wily
vvilies	wilies
vvill	will
vvilliam	william
vvilliams	williams
vvilliā	william
vvilling	willing
vvillingly	willingly
vvilt	wilt
vvilton	wilton
vvily	wily
vvin	win
vvin'em	win'em
vvin.	win.
vvinchester	winchester
vvinckling	winckling
vvind	wind
vvind-mill	windmill
vvinding	winding
vvindmill	windmill
vvindow	window
vvinds	winds
vvindsor	windsor
vvine	wine
vvine-presse	winepress
vvines	wines
vving	wing
vvinges	wings
vvings	wings
vvinne	win
vvinne-the-fight	winne-the-fight
vvinnes	wins
vvinnifred	winnifred
vvinnifride	winnifride
vvins	wins
vvinter	winter
vvinter-fruits	winter-fruits
vvinters	winter's
vvipe	wipe
vvisdom	wisdom
vvisdome	wisdom
vvise	wise
vvise-vvoman	wisewoman
vvise-woman	wisewoman
vvisedome	wisdom
vvisely	wisely
vvisemen	wisemen
vvish	wish
vvish'd	wished
vvished	wished
vvishes	wishes
vvisheth	wishes
vvishing	wishing
vvisht	wished
vvit	wit
vvit's	wit's
vvit-good	wit-good
vvit.	wit.
vvitch	witch
vvitch-craft	witchcraft
vvitch-like	witchlike
vvitchcraft	witchcraft
vvitches	witches
vvites	wites
vvith	with
vvithal	withal
vvithall	withal
vvithdrawes	withdrawes
vvithheld	withheld
vvithin	within
vvithout	without
vvithstood	withstood
vviththe	withthe
vvitnes	witness
vvitness	witness
vvitnesse	witness
vvitnesses	witnesses
vvits	wits
vvitt	wit
vvitte	wit
vvittie	witty
vvittiliest	wittiliest
vvittily	wittily
vvittnes	witness
vvitty	witty
vviues	wives
vvives	wives
vviving	wiving
vvlcan	wlcan
vvlcanvs	wlcanus
vvltvrnvs	wlturnus
vvo	wo
vvo'not	won't
vvod	wood
vvod.	wod.
vvodmanship	wodmanship
vvoe	woe
vvoeman	woman
vvofull	woeful
vvold	would
vvolfe	wolf
vvolt	wolt
vvolues	wolves
vvom	wom
vvom.	wom.
vvoman	woman
vvomans	womans
vvomen	women
vvomens	women's
vvon	wone
vvonder	wonder
vvonders	wonders
vvondrous	wondrous
vvonne	won
vvoo	woo
vvoo's	woo's
vvoo't	wilt
vvood	wood
vvood-mongers	wood-mongers
vvoodcock	woodcock
vvooden	wooden
vvoodes	woods
vvoods	woods
vvooer	wooer
vvooers	wooers
vvooing	wooing
vvooll	wool
vvoollen	woollen
vvor	wor
vvord	word
vvorde	word
vvordes	words
vvords	words
vvore	wore
vvork	work
vvorke	work
vvorkes	works
vvorking	working
vvorkmanship	workmanship
vvorks	works
vvorld	world
vvorld's	world's
vvorlde	world
vvorldlings	worldlings
vvorldly	worldly
vvorlds	world's
vvorms	worms
vvorn	worn
vvorne	worn
vvorse	worse
vvorship	worship
vvorship's	worship's
vvorshipfull	worshipful
vvorshipfully	worshipfully
vvorshippes	worships
vvorships	worships
vvorth	worth
vvorthelye	worthily
vvorthie	worthy
vvorthies	worthies
vvorthiest	worthiest
vvorthily-deserving	worthily-deserving
vvorthines	worthiness
vvorthy	worthy
vvou'd	would
vvould	would
vvoulde	would
vvouldst	wouldst
vvoules	woules
vvound	wound
vvounde	wound
vvounded	wounded
vvoundes	wounds
vvounds	wounds
vvoven	woven
vvovnds	wounds
vvrapps	wrapps
vvrapt	wrapped
vvrastled	wrestled
vvreake	wreak
vvrecke	wreck
vvrested	wrested
vvrestling	wrestling
vvretch	wretch
vvretched	wretched
vvretches	wretches
vvrighting	wrighting
vvrigling	wriggling
vvrit	writ
vvrite	write
vvriter	writer
vvriters	writers
vvriting	writing
vvritings	writings
vvritten	written
vvrong	wrong
vvrongd	wronged
vvrongde	wrongde
vvronged	wronged
vvronges	wrongs
vvrongs	wrongs
vvrootham	wrootham
vvrote	wrote
vvrought	wrought
vvyat	wyat
vvyfe	wife
vvylie	wily
vvyndovve	window
vvysdom	wisdom
vvyth	with
vvythipole	wythipole
vxore	uxore
vxorious	uxorious
vxoris	uxoris
vy'd	vied
vyage	voyage
vyall	vial
vycar	vicar
vyce	vice
vyces	vices
vycious	vicious
vyctorie	victory
vyctors	victors
vyctorye	victory
vyctoryous	victorious
vye	vie
vyle	vile
vyllayn	villain
vyllaynes	villains
vyneyarde	vineyard
vyolence	violence
vyolent	violent
vyolently	violently
vyoll	viol
vyrgyn	virgin
vysage	visage
vysyte	visit
vytayled	victualed
vz	uz
w	wonderful
w'aue	w'ave
w'ee	with-thee
wa	uva
wa'st	waest
wacht	watched
wad	wouldhave
wad'st	wadest
wafer-cakes	wafercakes
wafte	waft
waftyng	wafting
wag'd	waged
wag-tail	wagtail
wag-taile	wagtail
wag-tails	wagtails
wag-tayles	wagtails
wagg	wag
wagg'd	wagged
wagge	wag
waggerie	waggery
wagges	wags
waggyng	wagging
wagtaile	wagtail
wagtailes	wagtails
wagtayle	wagtail
wagtayles	wagtails
wai'd	weighed
waide	weighed
waie	way
waied	weighed
waies	ways
waigh	weigh
waigh'd	weighed
waighed	weighed
waighing	weighing
waighs	weighs
waight	weight
waighted	weighted
waightes	weights
waightie	weighty
waightie-secret	weighty-secret
waightier	weightier
waightiest	weightiest
waighting	weighting
waighting-woman	weighting-woman
waights	weights
waighty	weighty
wail'd	wailed
waile	wail
wailefull	wailful
wailes	wails
wain'd	waned
waine	wain
waine-man	wainman
waines	wains
wait'st	waitest
waite	wait
waites	waits
waiteth	waits
waiting-woman	waitingwoman
waiting-womans	waiting-woman's
waityng	waiting
waiving	waving
waiward	wayward
wak'd	waked
wak'ned	wakened
wak'st	wakest
wak't	waked
wakd	waked
wakefull	wakeful
wakeing	waking
waken'd	wakened
wakē	waken
wakinge	waking
wakned	wakened
wakt	waked
wakyng	waking
wal	wall
wald	walled
walk'd	walked
walk'st	walkest
walk't	walked
walkd	walked
walke	walk
walkers	walker's
walkes	walks
walketh	walks
walkinge	walking
walkt	walked
walkyng	walking
walkynge	walking
wall'd	walled
wall-candlestickes	wall-candlesticks
wall-ey'd	walleyed
wall-eye	walleye
wall-eyed	walleyed
wall-nut	walnut
wall-nuts	walnuts
walld	walled
walle	wall
walles	walls
wallovve	wallow
wallowe	wallow
walme	walm
walowing	wallowing
wals	walls
walterynge	waltering
walthā	waltham
waltring	waltering
waltryng	waltering
wamblyng	wambling
wamblynge	wambling
wan'd	waned
wan'st	wanest
wan-ton	wanton
wand'ring	wandering
wande	wand
wander'd	wandered
wander'st	wanderest
wanderyng	wandering
wandred	wandered
wandrers	wanderers
wandrest	wanderest
wandreth	wanders
wandring	wandering
wandringly	wanderingly
wandrings	wanderings
wandryng	wandering
wandrynge	wandering
wanescot	wainscot
wanne	won
wannie	wanny
wannye	wanny
want'st	wantest
want-wit	wantwit
wante	want
wantes	wants
wanton'd	wantoned
wantoness	wantonness
wantonesse	wantonness
wantonnes	wantonness
wantonnesse	wantonness
wantonnest	wantonest
wantō	wanton
wantst	wantest
wantste	wants
wantyng	wanting
wantynge	wanting
wapen-take	wapentake
war'd	wared
war-like	warlike
war-man	warman
warant	warrant
waraūt	waraunt
warāde	warande
ward-robe	wardrobe
ward-robes	wardrobes
warde	ward
wardes	wards
wardē	warden
wardrob	wardrobe
wardrobs	wardrobes
wardrop	wardrobe
wardrope	wardrobe
wardroppe	wardrobe
wardrops	wardrobes
ware-a	ware
ware-h	wareh
ware-house	warehouse
ware-houses	warehouses
warie	wary
warilie	warily
warilye	warily
warinesse	wariness
warke	work
warkes	works
warlick	warlike
warlicke	warlike
warlyke	warlike
warm'd	warmed
warm'st	warmest
warm'th	warmth
warmd	warmed
warme	warm
warme-broth	warm-broth
warmes	warms
warn'd	warned
warnd	warned
warne	warn
warning-peece	warning-piece
warninge	warning
warnyng	warning
warnynges	warnings
warp'd	warped
warpe	warp
warpt	warped
warr	war
warr's	war's
warr'st	warrest
warr-like	warlike
warrand	warrant
warrands	warrants
warrantes	warrants
warranteth	warrants
warrantie	warranty
warrantize	warrantise
warrantye	warranty
warraunt	warrant
warrāt	warrant
warre	war
warre's	war's
warre-like	warlike
warrelike	warlike
warres	wars
warrier	warrior
warriers	warriors
warriour	warrior
warriours	warriors
warrs	wars
warte	wart
warye	wary
wash'd	washed
wash't	washed
wash-house	washhouse
washe	wash
washeth	washes
washt	washed
washynge	washing
waspe	wasp
waspes	wasps
waspysh	waspish
wassaile	wassail
wassayle	wassail
wasshed	washed
wasshyng	washing
wast'd	wasted
wast-coate	waistcoat
wastcoat	waistcoat
wastcoate	waistcoat
wastcoats	waistcoats
waste-coat	waistcoat
waste-coate	waistcoat
wastecoat	waistcoat
wastefull	wasteful
wasteth	wastes
wastful	wasteful
wastfull	wasteful
wastfully	wastefully
watch'd	watched
watch't	watched
watch-'ords	watch-words
watch-man	watchman
watch-men	watchmen
watch-mens	watch-men's
watch-tow'r	watchtower
watch-tower	watchtower
watch-word	watchword
watch-words	watchwords
watche	watch
watcheman	watchman
watcheth	watches
watchforvs	watchforus
watchfull	watchful
watchfulnes	watchfulness
watchfulnesse	watchfulness
watchmans	watchman's
watcht	watched
watchyng	watching
water'd	watered
water-bearers	waterbearers
water-bearing	waterbearing
water-flouds	water-floods
water-fly	waterfly
water-fowle	waterfowl
water-gate	watergate
water-grewel	water-gruel
water-gruell	water-gruel
water-lillies	waterlillies
water-man	waterman
water-men	watermen
water-milles	water-mills
water-side	waterside
water-work	waterwork
water-worke	waterwork
water-workes	waterworks
water-works	waterworks
waterfals	waterfalls
waterie	watery
waterishe	waterish
watermens	watermen's
waterspaniell	waterspaniel
watre	water
watred	watered
watrie	watery
watring	watering
watrish	waterish
watry	watery
watter	water
wattle-fac'd	wattle-faced
wau'd	waved
waue	wave
waued	waved
wauelesse	waveless
wauer	waver
wauerest	waverest
wauering	wavering
waueryng	wavering
wauerynge	wavering
waueryug	waveryug
waues	waves
waueth	waveth
wauie	wavy
wauing	waving
wauy	wavy
wav'd	waved
wavting	wauting
wawlyng	wawling
waxe	wax
waxie	waxy
waxt	waxed
way'd	weighed
way-laid	waylaid
way-lay	waylay
way-lay'st	way-layest
way-laying	waylaying
way-ward	wayward
wayd	weighed
waye	way
wayed	weighed
wayes	ways
waygh	weigh
wayghing	weighing
wayght	weight
wayghtie	weighty
wayghtye	weighty
waying	weighing
wayle	wail
wayles	wails
wayling	wailing
waylīg	wailing
waylyng	wailing
waylynges	wailings
waymenting	waimenting
wayn	wain
waynd	wained
wayne	wain
wayned	wained
wayning	waining
wayt	wait
wayte	wait
wayted	waited
wayter	waiter
waytes	waits
wayteth	waiteth
wayting	waiting
wayting-maids	waiting-maids
wayting-woman	waiting-woman
waytinge	waiting
waytyng	waiting
wayue	waive
wāder	wander
wādering	wandering
wādring	wandering
wāt	want
we'd	weed
we'l	we'll
we'le	we'll
wea	uvea
weak-chin'd	weak-chined
weak-hearted	weakhearted
weak-stomack'd	weak-stomached
weake	weak
weakely	weakly
weakenes	weakness
weakenesse	weakness
weakenesses	weaknesses
weakned	weakened
weaknes	weakness
weaknesse	weakness
weakneth	weakeneth
weakning	weakening
weale	weal
weale-publike	weal-public
weale-publique	weal-public
weales	weals
wealthes	wealths
wealthie	wealthy
wealthilie	wealthily
wealthye	wealthy
wean'd	weaned
weand	weaned
weane	wean
weapon'd	weaponed
weapond	weaponed
weapones	weapons
weaponles	weaponless
weaponlesse	weaponless
weapō	weapon
weapōd	weaponed
wear'st	wearest
wear-a	wear
weare	wear
weares	wears
weari'd	wearied
wearie	weary
wearines	weariness
wearinesse	weariness
wearinge	wearing
wearishe	wearish
wearre	wear
wearst	wearest
weary'd	wearied
wearye	weary
wearyed	wearied
wearyes	wearies
wearyng	wearing
weasell	weasel
weason	weasand
weast	west
weather-beaten	weatherbeaten
weather-beatē	weatherbeaten
weather-cock	weathercock
weather-cocke	weathercock
weather-cocks	weathercocks
weathercocke	weathercock
weau'd	weaved
weaue	weave
weaued	weaved
weauer	weaver
weauers	weavers
weaues	weaves
weauing	weaving
weavd	weaved
webb	web
webbes	webs
webbs	webs
wed'st	weddest
wed-lock	wedlock
wed-locke	wedlock
wedd	wed
wedde	wed
weddes	weds
wedding-cloathes	wedding-clothes
wedding-cloaths	wedding-clothes
weddinge	wedding
weddinges	weddings
wedds	weds
weddyng	wedding
weddynge	wedding
wede	weed
wedg	wedge
wedg'd	wedged
weding	wedding
wedlocke	wedlock
wedlockes	wedlock's
wedlocks	wedlock's
wednesdayes	wednesdays
wedowe	widow
wee	we
wee'd	weeed
wee'l	we'll
wee'le	we'll
weede	weed
weedes	weeds
weedie	weedy
weeke	week
weekelie	weekly
weekely	weekly
weekes	weeks
weel'd	weeled
weeld	wield
weele	weel
weend	weened
weene	ween
weeneth	weens
weep'st	weepest
weepe	weep
weepes	weeps
weepinge	weeping
weepst	weepest
weepyng	weeping
weere	were
weerie	weary
weeried	wearied
weery	weary
weesel	weasel
weesell	weasel
weete	weet
weezels	weasels
weft	wove
wei	way
weied	weighed
weigh'd	weighed
weigh'st	weighest
weighd	weighed
weighes	weighs
weightie	weighty
weil	well
weild	wield
weilds	wields
wel	well
wel's	well's
wel-being	well-being
wel-beings	well-beings
wel-borne	wellborn
wel-breath'd	well-breathed
wel-coloured	well-coloured
wel-come	welcome
wel-dieted	well-dieted
wel-digested	well-digested
wel-don	weldon
wel-driu'n	well-driven
wel-educated	well-educated
wel-fare	welfare
wel-graft	well-graft
wel-made	well-made
wel-nye	wellnigh
wel-read	well-read
wel-shapt	well-shaped
wel-spoken	well-spoken
wel-spring	wellspring
wel-taught	well-taught
wel-wall'd	well-walled
welaway	wellaway
welbehau'd	welbehaved
welbeloued	well-beloved
welbeloved	well-beloved
welch-man	welshman
welch-men	welshmen
welche	welch
welchmans	welshmans
welcom	welcome
welcom'd	welcomed
welcom's	welcome's
welcom'st	welcomest
welcomd	welcomed
welcommer	welcomer
welcoms	welcomes
welcomst	welcomest
welcōme	welcome
weld	wielded
welde	weld
welded	wielded
welds	wields
wele	weal
welfac'd	welfaced
welfauourdlie	welfavourdlie
welfavor'd	welfavored
well-a-day	welladay
well-apparelled	well-appareled
well-away	wellaway
well-behav'd	well-behaved
well-belov'd	well-beloved
well-born	wellborn
well-borne	wellborn
well-brayn'd	well-brained
well-bred	wellbred
well-brod	well-broad
well-caparison'd	well-caparisoned
well-charg'd	well-charged
well-come	welcome
well-comes	welcomes
well-comming	well-coming
well-deseruing	well-deserving
well-doing	welldoing
well-fauourd	well-favourd
well-favouredly	well-favoredly
well-gouern'd	well-governed
well-grac'd	well-graced
well-growne	well-grown
well-head	wellhead
well-known	wellknown
well-knowne	wellknown
well-lik'd	well-liked
well-lin'd	well-lined
well-mixt	well-mixed
well-mouth'd	well-mouthed
well-natur'd	well-natured
well-nos'd	well-nosed
well-ord'red	well-ordered
well-order'd	well-ordered
well-practis'd	well-practised
well-shap'd	well-shaped
well-temper'd	well-tempered
well-temperd	well-tempered
well-tempred	well-tempered
well-til'd	well-tiled
well-timber'd	well-timbered
well-trimm'd	well-trimmed
well-tun'd	well-tuned
well-wisher	wellwisher
wellbeloued	well-beloved
wellcome	welcome
wellcomes	welcomes
welle	well
wellfare	welfare
welliday	welladay
wellrig'd	wellriged
wellys	wells
welnigh	wellnigh
welnéere	wellnear
wels	wells
welsh-harpe	welsh-harp
welsh-man	welshman
welshe	welsh
welshmens	welshmen's
welspring	wellspring
welth	wealth
welthe	wealth
welthes	wealths
welthie	wealthy
welthier	wealthier
welthiest	wealthiest
welthilie	wealthily
welthy	wealthy
weltred	weltered
weltring	weltering
weltyng	welting
welwillers	wellwillers
welwisher	wellwisher
wemen	women
wenche	wench
wende	wend
wendes	wends
wene	ween
weneth	weeneth
wengraue	wengrave
wenne	wen
went'st	wentest
wente	went
wentst	wentest
weomen	women
weomens	women's
weomē	women
wep'd	wept
wepe	weep
wepeth	weepeth
weping	weeping
wepons	weapons
wepst	weptest
wepte	wept
wepyng	weeping
wer	were
wer't	were't
wereby	whereby
wereto	whereto
werewith	wherewith
werē	weren
werie	weary
weried	wearied
werisome	wearisome
werke	work
werkes	works
werre	war
wery	weary
werye	weary
weryed	wearied
weryng	wearing
wes	was
wesand	weasand
west-dore	west-door
west-end	westend
west-ham	westham
west-minster's	westminster's
west-port	westport
west-ward	westward
weste	west
westerne	western
westwarde	westward
wete	weet
wether-beaten	weatherbeaten
wether-cock	weathercock
wetherbeaten	weatherbeaten
wethercocks	weathercocks
wetingly	weetingly
wett	wet
wettynge	wetting
wetyng	weting
weuer	wever
wexe	wax
wey	weigh
weyed	weighed
weyes	ways
weygh	weigh
weyghed	weighed
weyght	weight
weyghtie	weighty
weyghtier	weightier
weying	weighin
wezand	weazand
wē	wen
wēch	wench
wēe	ween
wēt	went
whan	when
wharfe	wharf
whasoeuer	whatsoever
what'st	whatest
what-euer	whatever
what-so-ere	whatsoever
what-soeuer	whatsoever
what-ye-call't	what-you-call-it
whate're	whatever
whateuer	whatever
whats'euer	whats'ever
whatso'ere	whatsoever
whatsoe'er	whatsoever
whatsoe'r	whatsoever
whatsoe're	whatsoever
whatsoer'e	whatsoever
whatsoere	whatsoever
whatsoeuer	whatsoever
whatsome'er	whatsomever
whā	when
whch	which
whe	when
whe'er	whether
whear	where
whearbie	whereby
wheare	where
wheat-strawes	wheat-straws
wheate	wheat
wheather	whether
wheel'd	wheeled
wheel-barrows	wheelbarrows
wheeld	wheeled
wheele	wheel
wheele-barrow	wheelbarrow
wheeles	wheels
whele	wheel
wheled	wheeled
wheles	wheels
whelm'd	whelmed
whelmd	whelmed
whelme	whelm
whelpe	whelp
whelpes	whelps
whelps-moyles	whelps-moils
whence-againe	whence-again
whens	whence
whense	whence
whensoe're	whensoever
whensoeuer	whensoever
wher	where
wher's	where's
wher-with	wherewith
wherabouts	whereabouts
wheras	whereas
wherat	whereat
wherby	whereby
where-abouts	whereabouts
where-in	wherein
where-with	wherewith
whereine	wherein
wheres	where
wheresoe'er	wheresoever
wheresoe'r	wheresoever
wheresoe're	wheresoever
wheresoer'e	wheresoever
wheresoere	wheresoever
wheresoeuer	wheresoever
wheresome'er	wheresomever
whereuer	wherever
whereuppon	whereupon
wherevpon	whereupon
wherevppon	whereupon
wherewithall	wherewithal
wherfor	wherefore
wherfore	wherefore
wherin	wherein
wherof	whereof
wheron	whereon
wherryed	wherried
whers	wheres
whersoeuer	wheresoever
wherthrough	wherethrough
wherto	whereto
wherunto	whereunto
wherupon	whereupon
wheruppon	whereupon
whervnto	whereunto
whervpon	whereupon
wherwith	wherewith
wherwyth	wherewith
whet'st	whettest
whet-stone	whetstone
whett	whet
whette	whet
whetts	whets
whē	when
whēce	whence
whēther	whether
whiche	which
whicke	whick
whie	why
whiffe	whiff
whiffes	whiffs
whiflers	whifflers
whight	white
whil'st	whilst
whilest	whilst
whilke	whilk
whilome	whilom
whilste	whilst
whim-wham	whimwham
whimpring	whimpering
whimsey	whimsy
whimsie	whimsy
whimzy	whimsy
whineing	whining
whip'd	whipped
whip't	whipped
whip-cord	whipcord
whip-stocke	whipstock
whipe	whip
whipp	whip
whipp'd	whipped
whipp'st	whippest
whippe	whip
whippes	whips
whippinge	whipping
whipps	whips
whipstalke	whipstalk
whipstocke	whipstock
whipstockes	whipstocks
whipt	whipped
whirl'd	whirled
whirl'st	whirlest
whirl-poole	whirlpool
whirl-wind	whirlwind
whirl-windes	whirlwinds
whirl-winds	whirlwinds
whirld	whirled
whirle	whirl
whirle-pool	whirlpool
whirle-pooles	whirlpools
whirle-wind	whirlwind
whirle-winde	whirlwind
whirle-windes	whirlwinds
whirle-winds	whirlwinds
whirlepit	whirlpit
whirlepoole	whirlpool
whirlepooles	whirlpools
whirles	whirls
whirlewind	whirlwind
whirlewinde	whirlwind
whirlewindes	whirlwinds
whirlewinds	whirlwinds
whirligigg	whirligig
whirligigge	whirligig
whirlpoole	whirlpool
whirlwinde	whirlwind
whirlyng	whirling
whirre	whir
whisht	whished
whiske	whisk
whiskes	whisks
whiskyng	whisking
whisling	whistling
whisp'ring	whispering
whisp'ring's	whisper's
whisp'rings	whisperings
whisper'd	whispered
whisperd	whispered
whisperinge	whispering
whispring	whispering
whisprings	whisperings
whisteling	whistling
whit'ned	whitened
whit'st	whitest
whit-leather	whitleather
white-fac'd	white-faced
white-foote	whitefoot
white-friars	whitefriars
white-liuer'd	white-livered
white-liuerd	white-liverd
white-liver'd	white-livered
white-lyver'd	white-lyvered
white-maynes	white-maines
white-meates	white-meats
white-pot	whitepot
white-thorne	whitethorn
white-wine	whitewine
whiteliuer'd	whitelivered
whitenes	whiteness
whitenesse	whiteness
whith	vuhith
whither'd	whithered
whithout	without
whitled	whittled
whitson-tyde	whitsuntide
whitte	whit
who'd	whoed
who'de	who'd
who'st	whoest
whoe	who
whoe'er	whoever
whoe's	who's
whoeuer	whoever
whol	whole
whole-sale	wholesale
wholesom	wholesome
wholie	wholly
whollie	wholly
whollye	wholly
wholm'd	wholmed
wholsom	wholesome
wholsom'st	wholsomest
wholsome	wholesome
wholsomelie	wholesomely
wholsomely	wholesomely
wholsomer	wholesomer
wholsō	wholson
wholy	wholly
whome	whom
whomsoe're	whomsoever
whomsoeuer	whomsoever
whoo	who
whoo'd	whooed
whoo-bub	who-bub
whoop'd	whooped
whoope	whoop
whoopes	whoops
whoore	whore
whoore-house	whorehouse
whoore-maisters	whoremasters
whoore-sonne	whoreson
whooredome	whoredom
whooremaisters	whoremasters
whooremaster	whoremaster
whoores	whores
whooring	whoring
whoorish	whorish
whoos	whose
whoose	whose
whor'd	whored
whorde	hoard
whordom	whoredom
whordome	whoredom
whore-hound	whorehound
whore-maister	whoremaster
whore-maisters	whoremasters
whore-master	whoremaster
whore-masters	whoremasters
whore-monger	whoremonger
whore-sonne	whoreson
whoredome	whoredom
whoredomes	whoredoms
whorehovnd	whorehound
whoresonne	whoreson
whoresō	whoreson
whoresōs	whoresons
whorson	whoreson
whorsonne	whoreson
whorsons	whoresons
whorsō	whoreson
whorysh	whorish
whoseuer	whosever
whoso'ere	whosoever
whosoe'er	whosoever
whosoe'r	whosoever
whosoe're	whosoever
whosoeuer	whosoever
whot	hot
whote	hot
whotte	hot
whottely	hotly
whō	whom
whōe	whom
whych	which
whyche	which
whye	why
whyght	uvhyght
whyle	while
whyles	whiles
whylest	whilst
whylom	whilom
whylome	whilom
whylst	whilst
whyning	whining
whyp	whip
whyps	whips
whyrlyng	whyrling
whysperyng	whyspering
whyte	white
whytes	whites
whyther	whither
whyting	whiting
whéele	wheel
whéeles	wheels
wi	with
wi'	with
wia	uvia
wich	which
wich-craft	which-craft
wicke	wick
wicked'st	wickedest
wickedlye	wickedly
wickednes	wickedness
wickednesse	wickedness
wickedst	wickedest
wickid	wicked
widdovv	widow
widdovves	widow's
widdow	widow
widdow'd	widowed
widdow's	widow's
widdow-constancie	widow-constancy
widdow-head	widow-head
widdow-hood	widowhood
widdow-troth	widow-troth
widdowe	widow
widdowe's	widow's
widdowed	widowed
widdower	widower
widdowers	widowers
widdowes	widows
widdowhood	widowhood
widdows	widows
wide-mouth'd	wide-mouthed
widen'd	widened
widenesse	wideness
wido	uvido
widow'd	widowed
widow-hood	widowhood
widow-like	widowlike
widowe	widow
widowes	widows
wierd	weird
wierdraw'd	wierdrawed
wif	wife
wif's	wife's
wife-like	wifelike
wifes	wives
wifes-voyce	wives-voice
wighte	wight
wightes	wights
wike	wick
wil	will
wil'd	wiled
wil's	will's
wil-be	will
wil-doates	will-doats
wil-full	wilful
wilbe	will
wild-braine	wild-brain
wild-cat	wildcat
wild-ducke	wild-duck
wild-duckes	wild-ducks
wild-fire	wildfire
wild-foule	wildfowl
wild-fowl	wildfowl
wild-fowle	wild-foul
wild-geese	wildgeese
wild-goose	wildgoose
wild-headed	wildheaded
wilde	wild
wilde-duckes	wild-ducks
wilde-fire	wildfire
wilde-fowle	wildfowl
wilde-geese	wildgeese
wilde-goose	wildgoose
wilde-horses	wild-horses
wilde-man	wild-man
wildely	wildly
wildernes	wilderness
wildernesse	wilderness
wildes	wilds
wildfoule	wildfowl
wildfowle	wildfowl
wildnes	wildness
wildnesse	wildness
wilfull	wilful
wilfullie	wilfully
wilfulnes	wilfulness
wilfulnesse	wilfulness
wilie	wily
will'd	willed
willd	willed
wille	will
willendeauour	willendeavour
willes	wills
willful	wilful
willfull	wilful
willfull-widdowes	willful-widows
willfully	wilfully
willin	willing
willing'st	willingest
willinge	willing
willinglie	willingly
willinglye	willingly
willingnes	willingness
willingnesse	willingness
willīg	willing
willovghby	willoughby
willowe	willow
willowes	willows
willproue	willprove
willyng	willing
willynglye	willingly
wils	wills
wilst	wilt
wilte	wilt
wilye	wily
win'st	winnest
win-vv.	win-w.
win-vvife	win-wife
win-wife	winwife
winch'd	winched
winck	wink
winck'd	winked
wincke	wink
wincked	winked
winckes	winks
wincking	winking
wind'st	windest
wind-cholick	wind-cholic
wind-fall	windfall
wind-milles	windmills
wind-mils	windmills
wind-pipe	windpipe
winde	wind
winde's	wind's
winde-falls	windfalls
winde-mill	windmill
winde-mils	windmills
winde-pipe	windpipe
winde-shaken	wind-shaken
windepipe	windpipe
windes	winds
windfals	windfalls
windie	windy
winding-sheetes	winding-sheets
windlesse	windless
windmilles	windmills
windowe	window
windowe's	window's
windowes	windows
windring	windering
windy-gutts	windy-guts
wine-glasses	wineglasses
wine-presse	winepress
wine-sellar	wineseller
wine-seller	wineseller
winest	winnest
wing'd	winged
wingd	winged
wingde	winged
winge	wing
winges	wings
wining	winning
wink'd	winked
wink'st	winkest
winke	wink
winke's	wink's
winkes	winks
winn	win
winn'st	winnest
winne	win
winnes	wins
winneth	wins
winns	wins
winnyng	winning
winst	winnest
winter-plummes	winter-plums
winter-time	wintertime
wintred	wintered
wintrie	wintry
wip'd	wiped
wip'st	wipest
wip't	wiped
wipt	wiped
wire-drawer	wiredrawer
wire-drawne	wiredrawn
wirh	with
wisard	wizard
wisards	wizards
wisdome	wisdom
wisdomes	wisdoms
wise-doome	wise-doom
wise-man	wiseman
wise-men	wisemen
wise-vvoman	wisewoman
wise-womans	wise-woman's
wisedom	wisdom
wisedom's	wisdom's
wisedome	wisdom
wisedome's	wisdom's
wisedomes	wisdoms
wisedoms	wisdoms
wiselie	wisely
wiselye	wisely
wisemans	wiseman's
wisemens	wisemans'
wisevvomans	wisewomans
wish'd	wished
wish'd-for	wished-for
wish't	wished
wishd	wished
wishe	wish
wisheth	wishes
wisht	wished
wishyng	wishing
wispe	wisp
wisper	whisper
wisper'd	whispered
wispering	whispering
wisse	wiss
wisshed	wished
wissheth	wisheth
wiste	wist
wistes	wists
wit-g	witg
wit-hall	withal
witch'd	witched
witch-craft	witchcraft
witch-like	witchlike
witchcrafte	witchcraft
witche	witch
witcheraft	witchcraft
witcht	witched
with'd	withed
with'red	withered
with-all	withal
with-childe	with-child
with-draw	withdraw
with-drawe	withdraw
with-drawes	withdraws
with-drawing	withdrawing
with-drawne	withdrawn
with-drew	withdrew
with-held	withheld
with-hold	withhold
with-holde	withhold
with-holds	withholds
with-out	without
with-stand	withstand
with-stood	withstood
with-vm	with-um
withall	withal
withdrawe	withdraw
withdrawen	withdrawn
withdrawne	withdrawn
withdrewe	withdrew
wither'd	withered
witherd	withered
withes'd	withesed
withhelde	withheld
withholde	withhold
withhould	withhold
withī	within
withold	withhold
witholde	withhold
withont	without
withou	without
withoute	without
withovt	without
withred	withered
withstande	withstand
withstād	withstand
withstoode	withstood
witles	witless
witlesse	witless
witnes	witness
witness'd	witnessed
witnesse	witness
witt	wit
witt's	wit's
wittall	wittal
wittall's	wittal's
witte	wit
wittes	wits
wittie	witty
wittilie	wittily
wittinesse	wittiness
wittnes	witness
wittness'd	wittnessed
wittnesse	witness
wittnesses	witnesses
wittoll	wittol
witts	wits
wittyest	wittiest
wittynge	witting
wiu'd	wived
wiue	wive
wiued	wived
wiuelesse	wifeless
wiuely	wifely
wiues	wives
wiuing	wiving
wiuing's	wiving's
wive-hood	wifehood
wizardes	wizards
wize	wise
wizerds	wizards
wizzard	vizard
wo	woe
wo'd	wooed
wo'dst	wouldst
wo'not	won't
wo't	wilt
wo-not	wonot
woare	wore
woaue	woave
wod	wood
wod'st	wodest
wodcock	woodcock
wodde	wood
wodden	wooden
woddes	woods
woddē	wooden
wodmē	wodmen
woed	wooed
woefull	woeful
woefull'st	woefullest
woeman	woman
woeman-hood	womanhood
woemans	woman's
woemen	women
woemens	women's
woful	woeful
wofull	woeful
wofull'st	woefullest
wofullest	woefullest
wofully	woefully
woing	wooing
wol	will
wold	would
wold'st	wouldst
wolde	would
woldest	wouldst
woldst	wouldst
wole	will
wolfe	wolf
wolfe's	wolf's
wolfe-turn'd	wolf-turned
wolfes	wolves
wolfes-skin	wolves-skin
wolfs	wolf's
woll	will
wolle	wool
wollen	woollen
wolues	wolves
woluish	wolvish
wom	woman
womam	woman
woman'd	womaned
woman-diuell	woman-divell
woman-hood	womanhood
woman-kind	womankind
woman-kind's	womankind's
woman-kinde	womankind
womanhode	womanhood
womanhoode	womanhood
womankinde	womankind
womankynde	womankind
womanne	woman
womans	woman's
womans-barber	woman's-barber
womans-fault	woman's-fault
womā	woman
womāly	womanly
womānys	womamnys
womās	woman's
wombe	womb
wombes	wombs
women-kind	womenkind
womenne	women
womens	women's
womens-teares	womens-tears
womē	women
womēn	women
womēs	women's
wond	woned
wond'rous	wondrous
wonder'd	wondered
wonderd	wondered
wonderfull	wonderful
wondermēt	wonderment
wonderous	wondrous
wonderously	wondrously
wondersly	wondrously
wondr'd	wondered
wondre	wonder
wondred	wondered
wondres	wonders
wondrest	wonderest
wondring	wondering
wondrons	wondrous
wondrouslie	wondrously
wone	won
wonid	woned
woniē	wonien
wonld	would
wonn	won
wonne	won
wont'st	wontest
wonte	wont
wontes	wonts
woo'd	wooed
woo'dst	wouldst
woo'st	wooest
wood'st	wouldst
wood-bind	woodbind
wood-birds	woodbirds
wood-cock	woodcock
wood-cocke	woodcock
wood-cockes	woodcocks
wood-cocks	woodcocks
wood-crown'd	wood-crowned
wood-karnes	wood-karns
wood-man	woodman
wood-men	woodmen
wood-monger	woodmonger
wood-musiques	woodmusics
wood-yard	woodyard
wood-yarde	woodyard
wood-yeard	woodyard
woodcocke	woodcock
woodcockes	woodcocks
woodden	wooden
woodden-horse	wooden-horse
wooddes	woods
woodds	woods
wooddy	woody
woode	wood
woodes	woods
woodhovse	woodhouse
woodnesse	woodness
woodst	wouldst
woodward	uvoodward
wooe	woo
wooinge	wooing
wookes	wooks
wool-gathering	woolgathering
wool-pack	woolpack
wool-sack	woolsack
wool-sackes	woolsacks
woole	wool
woolf	wolf
woolf's	wolf's
woolfe	wolf
woolfes	wolves
wooll	wool
wooll-gathering	woolgathering
wooll-pack	woolpack
woolle	wool
woolpacke	woolpack
woolsacke	woolsack
woolsie	woolsey
woolues	wolves
wooluish	wolvish
woon	won
woond	wound
woonder	wonder
woonderfull	wondered
woonders	wonders
woondring	wondering
woondrous	wondrous
woone	won
woont	wont
woonte	wont
woonted	wonted
woonts	wonts
woord	word
woorde	word
woordes	words
woords	words
woork	work
woorke	work
woorkemaister	workmaster
woorkes	works
woorking	working
woorks	works
woorlde	world
woorme	worm
woormes	worms
woorms	worms
woorse	worse
woorser	worser
woorship	worship
woorsse	worse
woorst	worst
woorth	worth
woorthe	wort
woorthely	worthily
woorthie	worthy
woorthles	worthless
woorthy	worthy
woould	would
wor'd	wored
wor'st	worest
word-warriers	word-warriors
worde	word
wordes	words
wordlesse	wordless
wordlings	worldlings
wore'st	woreest
work'd	worked
work'st	workest
work't	worked
work-mans	workmans
work-master	workmaster
work-men	workmen
worke	work
worke's	work's
worke-house	workhouse
worke-maister	workmaster
worke-men	workmen
worke-slaues	worke-slaves
workehouse	workhouse
workeman	workman
workeman-ship	workmanship
workemanly	workmanly
workemans	workman's
workemanship	workmanship
workemanshippe	workmanship
workemen	workmen
workes	works
worketh	works
workie	worky
working-daies	working-days
workmanshippe	workmanship
workt	worked
worky-day	workday
workydaies	workydays
workyng	working
workynge	working
workynges	workings
workyngs	workings
worlde	world
worlde's	world's
worldes	world's
worldlie	worldly
worlds-renown'd	worlds-renowned
worm'd	wormed
worm-eaten	wormeaten
worm-seed	wormseed
worm-wood	wormwood
worm-woode	wormwood
worme	worm
worme-eaten	wormeaten
worme-seede	wormseed
worme-wood	wormwood
wormes	worms
wormeseed	wormseed
wormewood	wormwood
wormwoods	wormwood's
worne	worn
worrie	worry
worse-fauour'd	worse-favoured
worship'd	worshipped
worship'st	worshippest
worshiped	worshipped
worshipfull	worshipful
worshipfvll	worshipful
worshipp'd	worshipped
worshipp's	worship's
worshippe	worship
worshippes	worships
worshipps	worships
worshipt	worshipped
worshyp	worship
worshypfull	worshipful
worshypp	worship
worshyppynge	worshipping
worsse	worse
worst-natur'd	worst-natured
worste	worst
worte	wort
worth-good	worthgood
worthe	worth
worthelie	worthily
worthely	worthily
worthelye	worthily
worthes	worths
worthfull	worthful
worthi	worthy
worthi'st	worthiest
worthie	worthy
worthilie	worthily
worthines	worthiness
worthinesse	worthiness
worthles	worthless
worthlesse	worthless
worthye	worthy
worthyer	worthier
worthyes	worthies
worthyest	worthiest
worthynes	worthiness
worthynesse	worthiness
wot'st	wotst
wote	wot
wotes	wots
wott	wot
wotte	wot
wotyng	woting
wou'd	would
wou'dst	wouldst
wou'n	woven
woud	would
woude	would
woudst	wouldst
woue	wove
wouen	woven
woues	woves
wouid	wovid
woul'd	would
would'st	wouldst
would-feart	would-feared
woulde	would
wouldste	wouldst
woulf	wolf
woulfe	wolf
woulst	wouldst
wound'st	woundest
wounde	wound
wounder	wonder
wounderfull	wondered
woundes	wounds
woundeth	wounds
woundrous	wondrous
woundst	woundest
woundyng	wounding
woune	won
wount	wont
wounted	wonted
wourse	worser
wouud	wowd
wouuds	wowds
woūd	wound
woūde	wound
woūded	wounded
woūdes	wounds
woūds	wounds
wovld-be	would-be
wovld-bee	would-bee
wowe	wow
wownd	wound
wownde	wound
wowyng	wowing
wō	wone
wōb	womb
wōbes	wombs
wōd	woned
wōder	wonder
wōdrous	wondrous
wrack'd	wracked
wrack't	wracked
wracke	wrack
wrackes	wracks
wrackfull	wrackful
wrackt	wracked
wraie	wray
wraies	wrays
wranglyng	wrangling
wrap'd	wrapped
wrapd	wrapped
wrapp'd	wrapped
wrappe	wrap
wrapt	wrapped
wrast	wrest
wrastle	wrestle
wrastled	wrestled
wrastler	wrestler
wrastlers	wrestlers
wrastleth	wrestleth
wrastling	wrestling
wrastynge	wresting
wrathe	wrath
wrathes	wraths
wrathfull	wrathful
wreake	wreak
wreakes	wreaks
wreaklesse	wreakless
wreatch	wretch
wreatched	wretched
wreath'd	wreathed
wreched	wretched
wrecke	wreck
wreeke	wreak
wrencht	wrenched
wrenne	wren
wrepyng	wreping
wreste	wrest
wrestlyng	wrestling
wrests	wrists
wretch'd	wretched
wretche	wretch
wretched'st	wretchedest
wretchedlie	wretchedly
wretchednes	wretchedness
wretchednesse	wretchedness
wretchedst	wretchedest
wretchlesse	wretchless
wretchyd	wretched
wretchydlye	wretchedly
wreth'd	wreathed
wrie	wry
wriggle-tailes	wriggle-tails
wrighte	wright
wrigled	wriggled
wrigling	wriggling
wrinckle	wrinkle
wrinckled	wrinkled
wrinckles	wrinkles
wrinckling	wrinkling
wrincle	wrinkle
wrincles	wrinkles
wringe	wring
wringes	wrings
wringyng	wringing
wrinkl'd	wrinkled
wristes	wrists
writ'st	writest
writeing	writing
writen	written
writh'd	writhed
writhyng	writhing
writinge	writing
writt	writ
writte	written
writtes	writes
writtē	written
writyng	writing
wroght	wrought
wroke	wreaked
wrong'd	wronged
wrong'st	wrongest
wrongd	wronged
wronge	wrong
wronges	wrongs
wrongfull	wrongful
wrongst	wrongest
wrongynge	wronging
wroong	wrong
wrot	wrote
wrot'st	wrotest
wrothes	wroths
wroug'd	wrouged
wroughte	wrought
wrōg	wrong
wrōged	wronged
wrōges	wrongs
wrōgs	wrongs
wrye	wry
wryed	wried
wryes	wries
wryncle	wrinkle
wryng	wring
wrynge	wring
wryt	writ
wryte	write
wryten	written
wryters	writers
wryteth	writes
wryting	writing
wrytings	writings
wrytten	written
wrytyng	writing
ws	us
wt	with
wth	with
wtih	with
wu	wum
wu'd	wued
wu'd'st	wu'dest
wud	would
wudst	wouldst
wuld	would
wull	will
wun	won
wunder	wonder
wunne	won
wurke	work
wurkes	works
wurse	worse
wursse	worse
wych	which
wycked	wicked
wyckedly	wickedly
wyckednes	wickedness
wyckednesse	wickedness
wyddowes	widows
wyde	wide
wyder	wider
wydow	widow
wydowe	widow
wydowes	widows
wyer	wire
wyfe	wife
wyght	wight
wyghtes	wights
wyl	will
wyld	wild
wylde	wild
wyle	wile
wyles	wiles
wylfull	wilful
wylfully	wilfully
wylie	wily
wyll	will
wylles	wills
wylleth	willeth
wyllyng	willing
wyllynge	willing
wyllyngly	willingly
wyls	wills
wylt	wilt
wylte	wilt
wyly	wily
wylye	wily
wyn	win
wynd	wind
wynde	wind
wyndes	winds
wyndowes	windows
wynds	winds
wyndyng	winding
wyndynge	winding
wyne	wine
wynes	wines
wynge	wing
wynged	winged
wynges	wings
wyngs	wings
wynke	wink
wynked	winked
wynkyng	winking
wynne	win
wynning	winning
wynnyng	winning
wynter	winter
wynters	winters
wynynge	wyning
wype	wipe
wypes	wipes
wyre	wire
wyre-drawers	wire-drawers
wysdome	wisdom
wysdō	wisdom
wyse	wise
wysedome	wisdom
wysedoms	wisdoms
wysely	wisely
wyselye	wisely
wyser	wiser
wysest	wisest
wysh	wish
wyshe	wish
wyshed	wished
wyshes	wishes
wysheth	wisheth
wyshing	wishing
wysht	wished
wyshyng	wishing
wyshynge	wishing
wysshe	wish
wyst	wist
wyste	wist
wyt	wit
wytches	witches
wyte	wit
wyth	with
wythall	withal
wythered	withered
wythin	within
wythout	without
wythred	withered
wythstand	withstand
wytnes	witness
wytnesse	witness
wyts	wits
wytt	wit
wytte	wit
wytted	witted
wyttes	wits
wyues	wives
wée	we
wéede	weed
wéeded	weeded
wéedes	weeds
wéeds	weeds
wéeke	week
wéekely	weekly
wéekes	weeks
wéel	weel
wéeld	wield
wéele	weel
wéene	ween
wéenes	weens
wéening	weening
wéep	weep
wéepe	weep
wéepes	weeps
wéeping	weeping
wéery	weary
wéet	weet
wéeues	wéeves
xvth	xuth
xxvj	xxuj
y'	ye
y'are	you're
y'arriue	y'arrive
y'aue	y'ave
y'haue	y'have
y-are	yare
y-faith	i'faith
y-ravished	ravished
y-s	is
yallyng	yalling
yarde	yard
yardes	yards
yarke	yerk
yaue	yave
yaun'd	yauned
yawn'd	yawned
yawne	yawn
yawnes	yawns
yawnyng	yawning
yblynde	yblind
yce	ice
ycicles	icicles
yclad	clad
ycleped	cleped
ydell	idle
ydelnes	idleness
ydle	idle
ydlenes	idleness
ydolatry	idolatry
ydolatrye	idolatry
ydoll	idol
ydolles	idols
ye'are	ye're
ye'aue	ye'ave
yeade	yede
yealdes	yields
yealdeth	yieldeth
yealding	yielding
yeallow	yellow
yealous	jealous
yealow	yellow
yeand	yeaned
yeard	yard
yearde	yard
yeards	yards
yeare	year
yearely	yearly
yeares	years
yearlye	yearly
yearne	yearn
yearth	earth
yeasterday	yesterday
yeastie	yeasty
yee	ye
yee'd	yeeed
yee'ld	you'd
yeeld	yield
yeeld's	yield's
yeeld'st	yieldest
yeelde	yield
yeelded	yielded
yeeldes	yields
yeeldeth	yields
yeelding	yielding
yeeldings	yieldings
yeelds	yields
yeer	year
yeer'd	yeered
yeere	year
yeerely	yearly
yeeres	years
yeers	years
yeild	yield
yeilde	yield
yeilded	yielded
yeildes	yields
yeilding	yielding
yeilds	yields
yeld	yield
yelde	yield
yelded	yielded
yeldes	yields
yeldeth	yieldeth
yelding	yielding
yelds	yields
yeldyng	yielding
yeleped	yelped
yelkes	yelks
yellovv	yellow
yellovve	yellow
yellow-hammer	yellowhammer
yellow-hayr'd	yellow-haired
yellow-sunke	yellow-sunk
yellowe	yellow
yellowes	yellows
yellynge	yelling
yellynges	yellings
yelow	yellow
yelpe	yelp
yen	then
yeomandry	yeomanry
yeomantry	yeomanry
yeomens	yeomen's
yer	year
yer-while	erewhile
yere	year
yerelie	yearly
yerely	yearly
yeres	years
yerk'd	yerked
yerke	yerk
yerkt	yerked
yerkyng	yerking
yers	years
yerth	earth
yest	yeast
yester-day	yesterday
yester-eue	yester-eve
yester-night	yesternight
yesterdaie	yesterday
yesterdaies	yesterdays
yesterdaye	yesterday
yesterdayes	yesterday's
yetliue	yetlive
yett	yet
yēt	yent
yf	if
yfaith	i'faith
yfeare	yfere
yfraught	fraught
yit	yet
yl	ill
yland	island
yle	isle
yll	ill
ymage	image
ymages	images
ymounted	mounted
ympe	imp
ymprez'd	ymprezed
ympt	imped
yncke	ink
ynge	king
ynke	ink
ynough	enough
ynoughe	enough
ynow	enough
ynowe	enough
ynowgh	enough
yo	the
yo'aue	yo'ave
yo'haue	yo'have
yo'ue	you've
yoak	yoke
yoak'd	yoked
yoake	yoke
yoake-fellow	yokefellow
yoaked	yoked
yoakes	yokes
yoaking	yoking
yoakt	yoked
yoemen	yeomen
yok'd	yoked
yok't	yoked
yoke-fellow	yokefellow
yokt	yoked
yolke	yolk
yoman	yeoman
yomen	yeomen
yon'd	yoned
yonde	yond
yong	young
yong'st	youngest
yong-man	youngman
yong-men	youngmen
yonge	young
yonger	younger
yongest	youngest
yongling	youngling
yonglings	younglings
yongloue	yonglove
yongman	youngman
yongmans	youngmans
yongmen	youngmen
yongster	youngster
yonker	younker
yonkers	younkers
yoong	young
yoongest	youngest
york-shire	yorkshire
yorke-shire	yorkshire
you'are	you're
you'haue	you've
you'l	you'll
you'le	you'll
you'll'd	you'lled
you'r	you're
you-ward	unde
youa	yova
youare	yovare
youe	yove
youhaue	youhave
youintreat	yovintreat
youl	yowl
youl'd	youled
youle	yowl
younder	yonder
young'st	youngest
young-man	youngman
younge	young
youngmens	youngmen's
your'e	you're
your-safetie	your-safety
youre	your
youres	yours
yournynge	yourning
yourselfe	yourself
yourselues	yourselves
youthe	youth
youthes	youths
youthful'st	youthfulest
youthfull	youthful
youthfulnesse	youthfulness
youug	yowg
youur	your
youy	yovy
yoū	youn
yoūg	young
yoūr	your
yovng	young
yovrs	yours
yovth's	youth's
yovv	you
yow	you
yowle	yowl
yowr	your
yōder	yonder
yōg	young
yōger	younger
yre	ire
yrefull	ireful
yren	iron
yrkes	irks
yrketh	irks
yrksome	irksome
yron	iron
yron-hearted	iron-hearted
yrons	irons
ys	is
yse	ice
ysed	is
yslaked	slaked
yssue	issue
yssuynge	issuing
yt	it
yu	thou
yuie	ivy
yuine	yvine
yuo	yvo
yuor	yvor
yuorie	ivory
yuory	ivory
yuu	yw
yée	the
yéeld	yield
yéelde	yield
yéelded	yielded
yéeldes	yields
yéelding	yielding
yéelds	yields
yéere	year
yéerely	yearly
yéeres	years
ȳour	your
zanie	zany
zanyes	zanies
zāche	zanche
zāthia	zanthia
zeale	zeal
zeales	zeals
zealovs	zealous
zelande	zeland
zele	zeal
zelous	zealous
zephyrvs	zephyrus
zeruia	zervia
zeuen	zeven
zir	sir
zo	so
zoane	zone
zoanes	zoans
zodiack	zodiac
zodiacke	zodiac
zodiackes	zodiacs
zodiacks	zodiacs
zodiake	zodiac
zoones	zoons
zoundes	zounds
zoūds	zounds
zwaggered	swaggered
zwounds	zounds
Ça	ça
wynde	wind
